Workbook
Name Excel_BuiltIn_Print_Area: '1-1 ciencias naturales experime'!$A$6:$O$68
Name Excel_BuiltIn_Print_Area: '1-1 ingles II'!$A$6:$O$68
Name Excel_BuiltIn_Print_Area: '1-1 actividades fisicas y depor'!$A$6:$O$68
Name Excel_BuiltIn_Print_Area: '1-1 taller de ciencias i'!$A$6:$O$68
Name Excel_BuiltIn_Print_Area: '1-1 educacion para la salud ii'!$A$6:$O$68
Name Excel_BuiltIn_Print_Area: '1-1 lengua y comunicacion ii'!$A$6:$O$68
Name Excel_BuiltIn_Print_Area: '1-1 pensamiento filosofico y hu'!$A$6:$O$68
Name Excel_BuiltIn_Print_Area: '1-1 ciencias sociales ii'!$A$6:$O$68
Name Excel_BuiltIn_Print_Area: '1-1 pensamiento matematico ii'!$A$6:$O$68
Name Excel_BuiltIn_Print_Area: '1-1 temas selectos de igualdad '!$A$6:$O$68
Name Excel_BuiltIn_Print_Area: '1-1 cultura digital ii'!$A$6:$O$68

Sheet 1-1 lengua y comunicacion ii
O1: HORAS IMPARTIDAS
C2: ORIENTADOR | D2: JOSE EDGAR SALAZAR ZUÑIGA | H2: ESCUELA PREPARATORIA OFICIAL NÚM.67 | O2: Febrero | P2: 12
H3: “2026. Año del Humanismo Mexicano en el Estado de México ”. | O3: Marzo | P3: 15
H4: CICLO ESCOLAR: 2025 -2026 | O4: Abril | P4: 5
E5: TURNO : | G5: MATUTINO | J5: Grado | K5: 1° | L5: Grupo | M5: 1 | O5: Mayo | P5: 11
E6: PROFESOR(A): | K6: ASIGNATURA | L6: LENGUA Y COMUNICACIÓN II | O6: Junio | P6: 14
G7: HOMBRES | H7: =A67 -> 28 | O7: Julio | P7: 3
G8: MUJERES | H8: =B67 -> 25 | O8: TOTAL | P8: =SUM(P2:P7) -> 60
G9: TOTAL | H9: =H7+H8 -> 53
A10: N | B10: P | C10: NOMBRE DEL ALUMNO | G10: PRIMERA EVALUACIÓN | I10: SEGUNDA EVALUACIÓN | K10: TERCERA EVALUACIÓN | M10: EVALUACIÓN FINAL
A11: H | B11: M | G11: FALTAS | H11: CALIF. | I11: FALTAS | J11: CALIF. | K11: FALTAS | L11: CALIF. | M11: TOT. DE FALTAS | N11: % FALTAS | O11: TOTAL DE PUNTOS | P11: CALIF. FINAL | Q11: FIRMA DEL ALUMNO | R11: ESTATUS
B12: 1 | C12: ALVAREZ | D12: HERNANDEZ | E12: DAYANNA ZOE | G12: 0 | H12: 9 | I12: 0 | J12: 9 | K12: 0 | L12: 9 | M12: =G12+I12+K12 -> 0 | N12: =(M12*100)/$P$8 -> 0 | O12: =H12+J12+L12 -> 27 | P12: =IF(AVERAGE(H12,J12,L12)<6,(5),(ROUND(AVERAGE(H12,J12,L12),0))) -> 9 | R12: =IF(N12>20,"EXTRA","ORD") -> ORD
B13: 2 | C13: ANAYA | D13: LEAL | E13: ANA IXCHEL | G13: 2 | H13: 8 | I13: 2 | J13: 8 | K13: 2 | L13: 8 | M13: =G13+I13+K13 -> 6 | N13: =(M13*100)/$P$8 -> 10 | O13: =H13+J13+L13 -> 24 | P13: =IF(AVERAGE(H13,J13,L13)<6,(5),(ROUND(AVERAGE(H13,J13,L13),0))) -> 8 | R13: =IF(N13>20,"EXTRA","ORD") -> ORD
B14: 3 | C14: ARIAS | D14: APARICIO | E14: AILISH ELIZABETH | G14: 3 | H14: 7 | I14: 3 | J14: 7 | K14: 3 | L14: 7 | M14: =G14+I14+K14 -> 9 | N14: =(M14*100)/$P$8 -> 15 | O14: =H14+J14+L14 -> 21 | P14: =IF(AVERAGE(H14,J14,L14)<6,(5),(ROUND(AVERAGE(H14,J14,L14),0))) -> 7 | R14: =IF(N14>20,"EXTRA","ORD") -> ORD
A15: 4 | C15: ARRAZOLA | D15: ROMERO | E15: DIEGO IVAN | G15: 1 | H15: 7 | I15: 10 | J15: 7 | K15: 2 | L15: 7 | M15: =G15+I15+K15 -> 13 | N15: =(M15*100)/$P$8 -> 21.666667 | O15: =H15+J15+L15 -> 21 | P15: =IF(AVERAGE(H15,J15,L15)<6,(5),(ROUND(AVERAGE(H15,J15,L15),0))) -> 7 | R15: =IF(N15>20,"EXTRA","ORD") -> EXTRA
A16: 5 | C16: ARREDONDO | D16: LOREDO | E16: JOSHUA JAAFET | G16: 0 | H16: 8 | I16: 0 | J16: 8 | K16: 0 | L16: 8 | M16: =G16+I16+K16 -> 0 | N16: =(M16*100)/$P$8 -> 0 | O16: =H16+J16+L16 -> 24 | P16: =IF(AVERAGE(H16,J16,L16)<6,(5),(ROUND(AVERAGE(H16,J16,L16),0))) -> 8 | R16: =IF(N16>20,"EXTRA","ORD") -> ORD
B17: 6 | C17: AVILES | D17: ACOSTA | E17: ARELI | G17: 1 | H17: 7 | I17: 1 | J17: 7 | K17: 1 | L17: 7 | M17: =G17+I17+K17 -> 3 | N17: =(M17*100)/$P$8 -> 5 | O17: =H17+J17+L17 -> 21 | P17: =IF(AVERAGE(H17,J17,L17)<6,(5),(ROUND(AVERAGE(H17,J17,L17),0))) -> 7 | R17: =IF(N17>20,"EXTRA","ORD") -> ORD
A18: 7 | C18: CARBAJAL | D18: RODRIGUEZ | E18: GAEL | G18: 0 | H18: 7 | I18: 0 | J18: 7 | K18: 0 | L18: 7 | M18: =G18+I18+K18 -> 0 | N18: =(M18*100)/$P$8 -> 0 | O18: =H18+J18+L18 -> 21 | P18: =IF(AVERAGE(H18,J18,L18)<6,(5),(ROUND(AVERAGE(H18,J18,L18),0))) -> 7 | R18: =IF(N18>20,"EXTRA","ORD") -> ORD
A19: 8 | C19: CARDENAS | D19: MORENO | E19: CRISTOPHER TADEO | G19: 0 | H19: 5 | I19: 0 | J19: 5 | K19: 0 | L19: 5 | M19: =G19+I19+K19 -> 0 | N19: =(M19*100)/$P$8 -> 0 | O19: =H19+J19+L19 -> 15 | P19: =IF(AVERAGE(H19,J19,L19)<6,(5),(ROUND(AVERAGE(H19,J19,L19),0))) -> 5 | R19: =IF(N19>20,"EXTRA","ORD") -> ORD
B20: 9 | C20: CASTILLO | D20: HERNANDEZ | E20: XUNELLY | G20: 3 | H20: 6 | I20: 3 | J20: 6 | K20: 3 | L20: 6 | M20: =G20+I20+K20 -> 9 | N20: =(M20*100)/$P$8 -> 15 | O20: =H20+J20+L20 -> 18 | P20: =IF(AVERAGE(H20,J20,L20)<6,(5),(ROUND(AVERAGE(H20,J20,L20),0))) -> 6 | R20: =IF(N20>20,"EXTRA","ORD") -> ORD
B21: 10 | C21: CEREZO | D21: MORALES | E21: LOURDES YURYCO | G21: 0 | H21: 6 | I21: 0 | J21: 6 | K21: 0 | L21: 6 | M21: =G21+I21+K21 -> 0 | N21: =(M21*100)/$P$8 -> 0 | O21: =H21+J21+L21 -> 18 | P21: =IF(AVERAGE(H21,J21,L21)<6,(5),(ROUND(AVERAGE(H21,J21,L21),0))) -> 6 | R21: =IF(N21>20,"EXTRA","ORD") -> ORD
A22: 11 | C22: CONTRERAS | D22: QUIÑONES | E22: OLIVER | G22: 1 | H22: 7 | I22: 1 | J22: 7 | K22: 1 | L22: 7 | M22: =G22+I22+K22 -> 3 | N22: =(M22*100)/$P$8 -> 5 | O22: =H22+J22+L22 -> 21 | P22: =IF(AVERAGE(H22,J22,L22)<6,(5),(ROUND(AVERAGE(H22,J22,L22),0))) -> 7 | R22: =IF(N22>20,"EXTRA","ORD") -> ORD
B23: 12 | C23: CRUZ | D23: CENTENO | E23: ALEXA ABIGAIL | G23: 0 | H23: 6 | I23: 0 | J23: 6 | K23: 0 | L23: 6 | M23: =G23+I23+K23 -> 0 | N23: =(M23*100)/$P$8 -> 0 | O23: =H23+J23+L23 -> 18 | P23: =IF(AVERAGE(H23,J23,L23)<6,(5),(ROUND(AVERAGE(H23,J23,L23),0))) -> 6 | R23: =IF(N23>20,"EXTRA","ORD") -> ORD
A24: 13 | C24: CRUZ | D24: PAZ | E24: CARLOS ALFONSO | G24: 0 | H24: 5 | I24: 0 | J24: 5 | K24: 0 | L24: 5 | M24: =G24+I24+K24 -> 0 | N24: =(M24*100)/$P$8 -> 0 | O24: =H24+J24+L24 -> 15 | P24: =IF(AVERAGE(H24,J24,L24)<6,(5),(ROUND(AVERAGE(H24,J24,L24),0))) -> 5 | R24: =IF(N24>20,"EXTRA","ORD") -> ORD
B25: 14 | C25: DIAZ | D25: MOLINA | E25: EMILIANA ALESSANDRA | G25: 1 | H25: 7 | I25: 1 | J25: 7 | K25: 1 | L25: 7 | M25: =G25+I25+K25 -> 3 | N25: =(M25*100)/$P$8 -> 5 | O25: =H25+J25+L25 -> 21 | P25: =IF(AVERAGE(H25,J25,L25)<6,(5),(ROUND(AVERAGE(H25,J25,L25),0))) -> 7 | R25: =IF(N25>20,"EXTRA","ORD") -> ORD
A26: 15 | C26: DUARTE | D26: ADJUNTAS | E26: RICARDO JESUS | G26: 0 | H26: 7 | I26: 0 | J26: 7 | K26: 0 | L26: 7 | M26: =G26+I26+K26 -> 0 | N26: =(M26*100)/$P$8 -> 0 | O26: =H26+J26+L26 -> 21 | P26: =IF(AVERAGE(H26,J26,L26)<6,(5),(ROUND(AVERAGE(H26,J26,L26),0))) -> 7 | R26: =IF(N26>20,"EXTRA","ORD") -> ORD
A27: 16 | C27: ESTRADA | D27: VENEGAS | E27: DAVID RICARDO | G27: 0 | H27: 7 | I27: 0 | J27: 7 | K27: 0 | L27: 7 | M27: =G27+I27+K27 -> 0 | N27: =(M27*100)/$P$8 -> 0 | O27: =H27+J27+L27 -> 21 | P27: =IF(AVERAGE(H27,J27,L27)<6,(5),(ROUND(AVERAGE(H27,J27,L27),0))) -> 7 | R27: =IF(N27>20,"EXTRA","ORD") -> ORD
B28: 17 | C28: FLORES | D28: VARGAS | E28: FERNANDA DESSIRE | G28: 2 | H28: 8 | I28: 2 | J28: 8 | K28: 2 | L28: 8 | M28: =G28+I28+K28 -> 6 | N28: =(M28*100)/$P$8 -> 10 | O28: =H28+J28+L28 -> 24 | P28: =IF(AVERAGE(H28,J28,L28)<6,(5),(ROUND(AVERAGE(H28,J28,L28),0))) -> 8 | R28: =IF(N28>20,"EXTRA","ORD") -> ORD
A29: 18 | C29: FUENTES | D29: HERNANDEZ | E29: DIEGO ISRAEL | G29: 0 | H29: 6 | I29: 0 | J29: 6 | K29: 0 | L29: 6 | M29: =G29+I29+K29 -> 0 | N29: =(M29*100)/$P$8 -> 0 | O29: =H29+J29+L29 -> 18 | P29: =IF(AVERAGE(H29,J29,L29)<6,(5),(ROUND(AVERAGE(H29,J29,L29),0))) -> 6 | R29: =IF(N29>20,"EXTRA","ORD") -> ORD
B30: 19 | C30: GALINDO | D30: CRUZ | E30: LUISA VALENTINA | G30: 1 | H30: 7 | I30: 1 | J30: 7 | K30: 1 | L30: 7 | M30: =G30+I30+K30 -> 3 | N30: =(M30*100)/$P$8 -> 5 | O30: =H30+J30+L30 -> 21 | P30: =IF(AVERAGE(H30,J30,L30)<6,(5),(ROUND(AVERAGE(H30,J30,L30),0))) -> 7 | R30: =IF(N30>20,"EXTRA","ORD") -> ORD
B31: 20 | C31: GARCIA | D31: ARELLANO | E31: YULIANA REBECA | G31: 0 | H31: 7 | I31: 0 | J31: 7 | K31: 0 | L31: 7 | M31: =G31+I31+K31 -> 0 | N31: =(M31*100)/$P$8 -> 0 | O31: =H31+J31+L31 -> 21 | P31: =IF(AVERAGE(H31,J31,L31)<6,(5),(ROUND(AVERAGE(H31,J31,L31),0))) -> 7 | R31: =IF(N31>20,"EXTRA","ORD") -> ORD
A32: 21 | C32: GARCIA | D32: PEÑA | E32: ANDREI | G32: 0 | H32: 6 | I32: 0 | J32: 6 | K32: 0 | L32: 6 | M32: =G32+I32+K32 -> 0 | N32: =(M32*100)/$P$8 -> 0 | O32: =H32+J32+L32 -> 18 | P32: =IF(AVERAGE(H32,J32,L32)<6,(5),(ROUND(AVERAGE(H32,J32,L32),0))) -> 6 | R32: =IF(N32>20,"EXTRA","ORD") -> ORD
A33: 22 | C33: GARCILAZO | D33: MARTINEZ | E33: ALFONSO | G33: 1 | H33: 6 | I33: 1 | J33: 6 | K33: 1 | L33: 6 | M33: =G33+I33+K33 -> 3 | N33: =(M33*100)/$P$8 -> 5 | O33: =H33+J33+L33 -> 18 | P33: =IF(AVERAGE(H33,J33,L33)<6,(5),(ROUND(AVERAGE(H33,J33,L33),0))) -> 6 | R33: =IF(N33>20,"EXTRA","ORD") -> ORD
A34: 23 | C34: GODOY | D34: MARQUEZ | E34: DUSTIN YALIL | G34: 0 | H34: 8 | I34: 0 | J34: 8 | K34: 0 | L34: 8 | M34: =G34+I34+K34 -> 0 | N34: =(M34*100)/$P$8 -> 0 | O34: =H34+J34+L34 -> 24 | P34: =IF(AVERAGE(H34,J34,L34)<6,(5),(ROUND(AVERAGE(H34,J34,L34),0))) -> 8 | R34: =IF(N34>20,"EXTRA","ORD") -> ORD
B35: 24 | C35: GONZALEZ | D35: RAMOS | E35: FATIMA NAOMY | G35: 0 | H35: 7 | I35: 0 | J35: 7 | K35: 0 | L35: 7 | M35: =G35+I35+K35 -> 0 | N35: =(M35*100)/$P$8 -> 0 | O35: =H35+J35+L35 -> 21 | P35: =IF(AVERAGE(H35,J35,L35)<6,(5),(ROUND(AVERAGE(H35,J35,L35),0))) -> 7 | R35: =IF(N35>20,"EXTRA","ORD") -> ORD
B36: 25 | C36: GUERRERO | D36: ORTIZ | E36: VALERIA ROMINA | G36: 0 | H36: 7 | I36: 0 | J36: 7 | K36: 0 | L36: 7 | M36: =G36+I36+K36 -> 0 | N36: =(M36*100)/$P$8 -> 0 | O36: =H36+J36+L36 -> 21 | P36: =IF(AVERAGE(H36,J36,L36)<6,(5),(ROUND(AVERAGE(H36,J36,L36),0))) -> 7 | R36: =IF(N36>20,"EXTRA","ORD") -> ORD
B37: 26 | C37: GUTIERREZ | D37: ANGELES | E37: SAMANTHA PAOLA | G37: 0 | H37: 7 | I37: 0 | J37: 7 | K37: 0 | L37: 7 | M37: =G37+I37+K37 -> 0 | N37: =(M37*100)/$P$8 -> 0 | O37: =H37+J37+L37 -> 21 | P37: =IF(AVERAGE(H37,J37,L37)<6,(5),(ROUND(AVERAGE(H37,J37,L37),0))) -> 7 | R37: =IF(N37>20,"EXTRA","ORD") -> ORD
A38: 27 | C38: HERNANDEZ | D38: VARGAS | E38: MOISES | G38: 0 | H38: 7 | I38: 0 | J38: 7 | K38: 0 | L38: 7 | M38: =G38+I38+K38 -> 0 | N38: =(M38*100)/$P$8 -> 0 | O38: =H38+J38+L38 -> 21 | P38: =IF(AVERAGE(H38,J38,L38)<6,(5),(ROUND(AVERAGE(H38,J38,L38),0))) -> 7 | R38: =IF(N38>20,"EXTRA","ORD") -> ORD
B39: 28 | C39: HERNANDEZ | D39: VIVEROS | E39: SAMANTHA SHARON | G39: 1 | H39: 7 | I39: 1 | J39: 7 | K39: 1 | L39: 7 | M39: =G39+I39+K39 -> 3 | N39: =(M39*100)/$P$8 -> 5 | O39: =H39+J39+L39 -> 21 | P39: =IF(AVERAGE(H39,J39,L39)<6,(5),(ROUND(AVERAGE(H39,J39,L39),0))) -> 7 | R39: =IF(N39>20,"EXTRA","ORD") -> ORD
B40: 29 | C40: ISLAS | D40: GARCIA | E40: MARIANA | G40: 3 | H40: 7 | I40: 3 | J40: 7 | K40: 3 | L40: 7 | M40: =G40+I40+K40 -> 9 | N40: =(M40*100)/$P$8 -> 15 | O40: =H40+J40+L40 -> 21 | P40: =IF(AVERAGE(H40,J40,L40)<6,(5),(ROUND(AVERAGE(H40,J40,L40),0))) -> 7 | R40: =IF(N40>20,"EXTRA","ORD") -> ORD
A41: 30 | C41: ISLAS | D41: VELEZ | E41: SANTIAGO | G41: 3 | H41: 6 | I41: 3 | J41: 6 | K41: 3 | L41: 6 | M41: =G41+I41+K41 -> 9 | N41: =(M41*100)/$P$8 -> 15 | O41: =H41+J41+L41 -> 18 | P41: =IF(AVERAGE(H41,J41,L41)<6,(5),(ROUND(AVERAGE(H41,J41,L41),0))) -> 6 | R41: =IF(N41>20,"EXTRA","ORD") -> ORD
A42: 31 | C42: LAGUNA | D42: ESTRADA | E42: MAEL MAXIMILIANO | G42: 0 | H42: 6 | I42: 0 | J42: 6 | K42: 0 | L42: 6 | M42: =G42+I42+K42 -> 0 | N42: =(M42*100)/$P$8 -> 0 | O42: =H42+J42+L42 -> 18 | P42: =IF(AVERAGE(H42,J42,L42)<6,(5),(ROUND(AVERAGE(H42,J42,L42),0))) -> 6 | R42: =IF(N42>20,"EXTRA","ORD") -> ORD
B43: 32 | C43: LEZAMA | D43: ALVAREZ | E43: SOFIA NIKTE | G43: 4 | H43: 6 | I43: 4 | J43: 6 | K43: 4 | L43: 6 | M43: =G43+I43+K43 -> 12 | N43: =(M43*100)/$P$8 -> 20 | O43: =H43+J43+L43 -> 18 | P43: =IF(AVERAGE(H43,J43,L43)<6,(5),(ROUND(AVERAGE(H43,J43,L43),0))) -> 6 | R43: =IF(N43>20,"EXTRA","ORD") -> ORD
B44: 33 | C44: LOZANO | D44: JUAREZ | E44: LUZ ARISDELSI | G44: 0 | H44: 6 | I44: 0 | J44: 6 | K44: 0 | L44: 6 | M44: =G44+I44+K44 -> 0 | N44: =(M44*100)/$P$8 -> 0 | O44: =H44+J44+L44 -> 18 | P44: =IF(AVERAGE(H44,J44,L44)<6,(5),(ROUND(AVERAGE(H44,J44,L44),0))) -> 6 | R44: =IF(N44>20,"EXTRA","ORD") -> ORD
A45: 34 | C45: MALDONADO | D45: CAMERONI | E45: DUSTIN ALEXANDER | G45: 3 | H45: 6 | I45: 3 | J45: 6 | K45: 3 | L45: 6 | M45: =G45+I45+K45 -> 9 | N45: =(M45*100)/$P$8 -> 15 | O45: =H45+J45+L45 -> 18 | P45: =IF(AVERAGE(H45,J45,L45)<6,(5),(ROUND(AVERAGE(H45,J45,L45),0))) -> 6 | R45: =IF(N45>20,"EXTRA","ORD") -> ORD
B46: 35 | C46: MENA | D46: RAMOS | E46: MELANY YULIANA | G46: 0 | H46: 6 | I46: 0 | J46: 6 | K46: 0 | L46: 6 | M46: =G46+I46+K46 -> 0 | N46: =(M46*100)/$P$8 -> 0 | O46: =H46+J46+L46 -> 18 | P46: =IF(AVERAGE(H46,J46,L46)<6,(5),(ROUND(AVERAGE(H46,J46,L46),0))) -> 6 | R46: =IF(N46>20,"EXTRA","ORD") -> ORD
A47: 36 | C47: MUÑOZ | D47: FLORES | E47: ALEJANDRO | G47: 1 | H47: 8 | I47: 1 | J47: 8 | K47: 1 | L47: 8 | M47: =G47+I47+K47 -> 3 | N47: =(M47*100)/$P$8 -> 5 | O47: =H47+J47+L47 -> 24 | P47: =IF(AVERAGE(H47,J47,L47)<6,(5),(ROUND(AVERAGE(H47,J47,L47),0))) -> 8 | R47: =IF(N47>20,"EXTRA","ORD") -> ORD
A48: 37 | C48: MUÑOZ | D48: MAGAÑA | E48: SANTIAGO | G48: 1 | H48: 8 | I48: 1 | J48: 8 | K48: 1 | L48: 8 | M48: =G48+I48+K48 -> 3 | N48: =(M48*100)/$P$8 -> 5 | O48: =H48+J48+L48 -> 24 | P48: =IF(AVERAGE(H48,J48,L48)<6,(5),(ROUND(AVERAGE(H48,J48,L48),0))) -> 8 | R48: =IF(N48>20,"EXTRA","ORD") -> ORD
B49: 38 | C49: MUÑOZ | D49: MAGAÑA | E49: XIMENA | G49: 1 | H49: 8 | I49: 1 | J49: 8 | K49: 1 | L49: 8 | M49: =G49+I49+K49 -> 3 | N49: =(M49*100)/$P$8 -> 5 | O49: =H49+J49+L49 -> 24 | P49: =IF(AVERAGE(H49,J49,L49)<6,(5),(ROUND(AVERAGE(H49,J49,L49),0))) -> 8 | R49: =IF(N49>20,"EXTRA","ORD") -> ORD
A50: 39 | C50: OLVERA | D50: CRUZ | E50: LUCIO ENRIQUE | G50: 0 | H50: 8 | I50: 0 | J50: 8 | K50: 0 | L50: 8 | M50: =G50+I50+K50 -> 0 | N50: =(M50*100)/$P$8 -> 0 | O50: =H50+J50+L50 -> 24 | P50: =IF(AVERAGE(H50,J50,L50)<6,(5),(ROUND(AVERAGE(H50,J50,L50),0))) -> 8 | R50: =IF(N50>20,"EXTRA","ORD") -> ORD
B51: 40 | C51: OSORIO | D51: SANCHEZ | E51: PAULA | G51: 3 | H51: 7 | I51: 3 | J51: 7 | K51: 3 | L51: 7 | M51: =G51+I51+K51 -> 9 | N51: =(M51*100)/$P$8 -> 15 | O51: =H51+J51+L51 -> 21 | P51: =IF(AVERAGE(H51,J51,L51)<6,(5),(ROUND(AVERAGE(H51,J51,L51),0))) -> 7 | R51: =IF(N51>20,"EXTRA","ORD") -> ORD
A52: 41 | C52: PACHECO | D52: GONZALEZ | E52: DYLAN ALEXANDER | G52: 0 | H52: 8 | I52: 0 | J52: 8 | K52: 0 | L52: 8 | M52: =G52+I52+K52 -> 0 | N52: =(M52*100)/$P$8 -> 0 | O52: =H52+J52+L52 -> 24 | P52: =IF(AVERAGE(H52,J52,L52)<6,(5),(ROUND(AVERAGE(H52,J52,L52),0))) -> 8 | R52: =IF(N52>20,"EXTRA","ORD") -> ORD
A53: 42 | C53: RADILLA | D53: HERNANDEZ | E53: SANTIAGO GAMALIEL | G53: 3 | H53: 8 | I53: 3 | J53: 8 | K53: 3 | L53: 8 | M53: =G53+I53+K53 -> 9 | N53: =(M53*100)/$P$8 -> 15 | O53: =H53+J53+L53 -> 24 | P53: =IF(AVERAGE(H53,J53,L53)<6,(5),(ROUND(AVERAGE(H53,J53,L53),0))) -> 8 | R53: =IF(N53>20,"EXTRA","ORD") -> ORD
A54: 43 | C54: RAMIREZ | D54: RODRIGUEZ | E54: BRUNO | G54: 2 | H54: 8 | I54: 2 | J54: 8 | K54: 2 | L54: 8 | M54: =G54+I54+K54 -> 6 | N54: =(M54*100)/$P$8 -> 10 | O54: =H54+J54+L54 -> 24 | P54: =IF(AVERAGE(H54,J54,L54)<6,(5),(ROUND(AVERAGE(H54,J54,L54),0))) -> 8 | R54: =IF(N54>20,"EXTRA","ORD") -> ORD
B55: 44 | C55: ROMERO | D55: DOMINGEZ | E55: SARA DANIELA | G55: 1 | H55: 8 | I55: 1 | J55: 8 | K55: 1 | L55: 8 | M55: =G55+I55+K55 -> 3 | N55: =(M55*100)/$P$8 -> 5 | O55: =H55+J55+L55 -> 24 | P55: =IF(AVERAGE(H55,J55,L55)<6,(5),(ROUND(AVERAGE(H55,J55,L55),0))) -> 8 | R55: =IF(N55>20,"EXTRA","ORD") -> ORD
A56: 45 | C56: RUBIO | D56: HERNANDEZ | E56: AZAEL ALEJANDRO | G56: 8 | H56: 8 | I56: 8 | J56: 8 | K56: 8 | L56: 8 | M56: =G56+I56+K56 -> 24 | N56: =(M56*100)/$P$8 -> 40 | O56: =H56+J56+L56 -> 24 | P56: =IF(AVERAGE(H56,J56,L56)<6,(5),(ROUND(AVERAGE(H56,J56,L56),0))) -> 8 | R56: =IF(N56>20,"EXTRA","ORD") -> EXTRA
A57: 46 | C57: RUIZ | D57: MENDOZA | E57: ANDREE JAEL | G57: 1 | H57: 8 | I57: 1 | J57: 8 | K57: 1 | L57: 8 | M57: =G57+I57+K57 -> 3 | N57: =(M57*100)/$P$8 -> 5 | O57: =H57+J57+L57 -> 24 | P57: =IF(AVERAGE(H57,J57,L57)<6,(5),(ROUND(AVERAGE(H57,J57,L57),0))) -> 8 | R57: =IF(N57>20,"EXTRA","ORD") -> ORD
B58: 47 | C58: SANCHEZ | D58: JIMENEZ | E58: LILI | G58: 1 | H58: 8 | I58: 1 | J58: 8 | K58: 1 | L58: 8 | M58: =G58+I58+K58 -> 3 | N58: =(M58*100)/$P$8 -> 5 | O58: =H58+J58+L58 -> 24 | P58: =IF(AVERAGE(H58,J58,L58)<6,(5),(ROUND(AVERAGE(H58,J58,L58),0))) -> 8 | R58: =IF(N58>20,"EXTRA","ORD") -> ORD
B59: 48 | C59: SANTILLAN | D59: HUERTA | E59: DULCE ELEONOR | G59: 0 | H59: 8 | I59: 0 | J59: 8 | K59: 0 | L59: 8 | M59: =G59+I59+K59 -> 0 | N59: =(M59*100)/$P$8 -> 0 | O59: =H59+J59+L59 -> 24 | P59: =IF(AVERAGE(H59,J59,L59)<6,(5),(ROUND(AVERAGE(H59,J59,L59),0))) -> 8 | R59: =IF(N59>20,"EXTRA","ORD") -> ORD
A60: 49 | C60: SUAZO | D60: RIOS | E60: SANTIAGO | G60: 0 | H60: 8 | I60: 0 | J60: 8 | K60: 0 | L60: 8 | M60: =G60+I60+K60 -> 0 | N60: =(M60*100)/$P$8 -> 0 | O60: =H60+J60+L60 -> 24 | P60: =IF(AVERAGE(H60,J60,L60)<6,(5),(ROUND(AVERAGE(H60,J60,L60),0))) -> 8 | R60: =IF(N60>20,"EXTRA","ORD") -> ORD
A61: 50 | C61: TOVAR | D61: CENTENO | E61: MARCOS ARIEL | G61: 0 | H61: 8 | I61: 0 | J61: 8 | K61: 0 | L61: 8 | M61: =G61+I61+K61 -> 0 | N61: =(M61*100)/$P$8 -> 0 | O61: =H61+J61+L61 -> 24 | P61: =IF(AVERAGE(H61,J61,L61)<6,(5),(ROUND(AVERAGE(H61,J61,L61),0))) -> 8 | R61: =IF(N61>20,"EXTRA","ORD") -> ORD
A62: 51 | C62: TREJO | D62: VELAZQUEZ | E62: SEBASTIAN | G62: 0 | H62: 8 | I62: 0 | J62: 8 | K62: 0 | L62: 8 | M62: =G62+I62+K62 -> 0 | N62: =(M62*100)/$P$8 -> 0 | O62: =H62+J62+L62 -> 24 | P62: =IF(AVERAGE(H62,J62,L62)<6,(5),(ROUND(AVERAGE(H62,J62,L62),0))) -> 8 | R62: =IF(N62>20,"EXTRA","ORD") -> ORD
A63: 52 | C63: VARGAS | D63: HERNANDEZ | E63: VICTOR ALFONSO | G63: 0 | H63: 8 | I63: 0 | J63: 8 | K63: 0 | L63: 8 | M63: =G63+I63+K63 -> 0 | N63: =(M63*100)/$P$8 -> 0 | O63: =H63+J63+L63 -> 24 | P63: =IF(AVERAGE(H63,J63,L63)<6,(5),(ROUND(AVERAGE(H63,J63,L63),0))) -> 8 | R63: =IF(N63>20,"EXTRA","ORD") -> ORD
B64: 53 | C64: VARGAS | D64: LUNA | E64: RENATA CAROLINA | G64: 1 | H64: 7 | I64: 1 | J64: 7 | K64: 1 | L64: 7 | M64: =G64+I64+K64 -> 3 | N64: =(M64*100)/$P$8 -> 5 | O64: =H64+J64+L64 -> 21 | P64: =IF(AVERAGE(H64,J64,L64)<6,(5),(ROUND(AVERAGE(H64,J64,L64),0))) -> 7 | R64: =IF(N64>20,"EXTRA","ORD") -> ORD
E65: Totales | G65: =SUM(G12:G64) -> 53 | H65: =AVERAGE(H12:H64) -> 7.1132075 | I65: =SUM(I12:I64) -> 62 | J65: =AVERAGE(J12:J64) -> 7.1132075 | K65: =SUM(K12:K64) -> 54 | L65: =AVERAGE(L12:L64) -> 7.1132075 | M65: =SUM(M12:M64) -> 169 | N65: PROMEDIO FINAL | P65: =AVERAGE(P6:P64) -> 8.1071429
A66: H | B66: M | E66: APROBADOS | H66: =COUNTIF(H12:H64,">5") -> 51 | J66: =COUNTIF(J12:J64,">5") -> 51 | L66: =COUNTIF(L12:L64,">5") -> 51 | N66: APROBADOS FINAL | P66: =COUNTIF(P12:P64,">5") -> 51
A67: =COUNT(A12:A64) -> 28 | B67: =COUNT(B12:B64) -> 25 | E67: REPROBADOS | H67: =COUNTIF(H12:H64,5) -> 2 | J67: =COUNTIF(J12:J64,5) -> 2 | L67: =COUNTIF(L12:L64,5) -> 2 | N67: EXTRAORDINARIOS | P67: =COUNTIF(P12:P64,5) -> 2
E68: % APROVECHAMIENTO | H68: =H66*100/H9 -> 96.226415 | J68: =J66*100/H9 -> 96.226415 | L68: =L66*100/H9 -> 96.226415 | N68: APROVECH FINAL | P68: =P66*100/H9 -> 96.226415
N69: % FALTAS | P69: =AVERAGE(N12:N64) -> 5.3144654
N70: % ASISTENCIA | P70: =100-P69 -> 94.685535

Sheet 1-1 ingles II
O1: HORAS IMPARTIDAS
C2: ORIENTADOR | D2: JOSE EDGAR SALAZAR ZUÑIGA | H2: ESCUELA PREPARATORIA OFICIAL NÚM.67 | O2: Febrero | P2: 12
H3: “2026. Año del Humanismo Mexicano en el Estado de México ”. | O3: Marzo | P3: 15
H4: CICLO ESCOLAR: 2025 -2026 | O4: Abril | P4: 50
E5: TURNO : | G5: MATUTINO | J5: Grado | K5: 1° | L5: Grupo | M5: 1 | O5: Mayo | P5: 11
E6: PROFESOR(A): | K6: UAC | L6: INGLÉS II | O6: Junio | P6: 14
G7: HOMBRES | H7: =A67 -> 28 | O7: Julio | P7: 3
G8: MUJERES | H8: =B67 -> 25 | O8: TOTAL | P8: =SUM(P2:P7) -> 105
G9: TOTAL | H9: =H7+H8 -> 53
A10: N | B10: P | C10: NOMBRE DEL ALUMNO | G10: PRIMERA EVALUACIÓN | I10: SEGUNDA EVALUACIÓN | K10: TERCERA EVALUACIÓN | M10: EVALUACIÓN FINAL
A11: H | B11: M | G11: FALTAS | H11: CALIF. | I11: FALTAS | J11: CALIF. | K11: FALTAS | L11: CALIF. | M11: TOT. DE FALTAS | N11: % FALTAS | O11: TOTAL DE PUNTOS | P11: CALIF. FINAL | Q11: FIRMA DEL ALUMNO | R11: ESTATUS
B12: 1 | C12: ALVAREZ | D12: HERNANDEZ | E12: DAYANNA ZOE | G12: 21 | H12: 7 | M12: =G12+I12+K12 -> 21 | N12: =(M12*100)/$P$8 -> 20 | O12: =H12+J12+L12 -> 7 | P12: =IF(AVERAGE(H12,J12,L12)<6,(5),(ROUND(AVERAGE(H12,J12,L12),0))) -> 7 | R12: =IF(N12>20,"EXTRA","ORD") -> ORD
B13: 2 | C13: ANAYA | D13: LEAL | E13: ANA IXCHEL | G13: 0 | H13: 10 | M13: =G13+I13+K13 -> 0 | N13: =(M13*100)/$P$8 -> 0 | O13: =H13+J13+L13 -> 10 | P13: =IF(AVERAGE(H13,J13,L13)<6,(5),(ROUND(AVERAGE(H13,J13,L13),0))) -> 10 | R13: =IF(N13>20,"EXTRA","ORD") -> ORD
B14: 3 | C14: ARIAS | D14: APARICIO | E14: AILISH ELIZABETH | G14: 0 | H14: 10 | M14: =G14+I14+K14 -> 0 | N14: =(M14*100)/$P$8 -> 0 | O14: =H14+J14+L14 -> 10 | P14: =IF(AVERAGE(H14,J14,L14)<6,(5),(ROUND(AVERAGE(H14,J14,L14),0))) -> 10 | R14: =IF(N14>20,"EXTRA","ORD") -> ORD
A15: 4 | C15: ARRAZOLA | D15: ROMERO | E15: DIEGO IVAN | G15: 0 | H15: 6 | M15: =G15+I15+K15 -> 0 | N15: =(M15*100)/$P$8 -> 0 | O15: =H15+J15+L15 -> 6 | P15: =IF(AVERAGE(H15,J15,L15)<6,(5),(ROUND(AVERAGE(H15,J15,L15),0))) -> 6 | R15: =IF(N15>20,"EXTRA","ORD") -> ORD
A16: 5 | C16: ARREDONDO | D16: LOREDO | E16: JOSHUA JAAFET | G16: 0 | H16: 8 | M16: =G16+I16+K16 -> 0 | N16: =(M16*100)/$P$8 -> 0 | O16: =H16+J16+L16 -> 8 | P16: =IF(AVERAGE(H16,J16,L16)<6,(5),(ROUND(AVERAGE(H16,J16,L16),0))) -> 8 | R16: =IF(N16>20,"EXTRA","ORD") -> ORD
B17: 6 | C17: AVILES | D17: ACOSTA | E17: ARELI | G17: 0 | H17: 8 | M17: =G17+I17+K17 -> 0 | N17: =(M17*100)/$P$8 -> 0 | O17: =H17+J17+L17 -> 8 | P17: =IF(AVERAGE(H17,J17,L17)<6,(5),(ROUND(AVERAGE(H17,J17,L17),0))) -> 8 | R17: =IF(N17>20,"EXTRA","ORD") -> ORD
A18: 7 | C18: CARBAJAL | D18: RODRIGUEZ | E18: GAEL | G18: 0 | H18: 8 | M18: =G18+I18+K18 -> 0 | N18: =(M18*100)/$P$8 -> 0 | O18: =H18+J18+L18 -> 8 | P18: =IF(AVERAGE(H18,J18,L18)<6,(5),(ROUND(AVERAGE(H18,J18,L18),0))) -> 8 | R18: =IF(N18>20,"EXTRA","ORD") -> ORD
A19: 8 | C19: CARDENAS | D19: MORENO | E19: CRISTOPHER TADEO | G19: 0 | H19: 10 | M19: =G19+I19+K19 -> 0 | N19: =(M19*100)/$P$8 -> 0 | O19: =H19+J19+L19 -> 10 | P19: =IF(AVERAGE(H19,J19,L19)<6,(5),(ROUND(AVERAGE(H19,J19,L19),0))) -> 10 | R19: =IF(N19>20,"EXTRA","ORD") -> ORD
B20: 9 | C20: CASTILLO | D20: HERNANDEZ | E20: XUNELLY | G20: 0 | H20: 5 | M20: =G20+I20+K20 -> 0 | N20: =(M20*100)/$P$8 -> 0 | O20: =H20+J20+L20 -> 5 | P20: =IF(AVERAGE(H20,J20,L20)<6,(5),(ROUND(AVERAGE(H20,J20,L20),0))) -> 5 | R20: =IF(N20>20,"EXTRA","ORD") -> ORD
B21: 10 | C21: CEREZO | D21: MORALES | E21: LOURDES YURYCO | G21: 0 | H21: 10 | M21: =G21+I21+K21 -> 0 | N21: =(M21*100)/$P$8 -> 0 | O21: =H21+J21+L21 -> 10 | P21: =IF(AVERAGE(H21,J21,L21)<6,(5),(ROUND(AVERAGE(H21,J21,L21),0))) -> 10 | R21: =IF(N21>20,"EXTRA","ORD") -> ORD
A22: 11 | C22: CONTRERAS | D22: QUIÑONES | E22: OLIVER | G22: 0 | H22: 8 | M22: =G22+I22+K22 -> 0 | N22: =(M22*100)/$P$8 -> 0 | O22: =H22+J22+L22 -> 8 | P22: =IF(AVERAGE(H22,J22,L22)<6,(5),(ROUND(AVERAGE(H22,J22,L22),0))) -> 8 | R22: =IF(N22>20,"EXTRA","ORD") -> ORD
B23: 12 | C23: CRUZ | D23: CENTENO | E23: ALEXA ABIGAIL | G23: 0 | H23: 6 | M23: =G23+I23+K23 -> 0 | N23: =(M23*100)/$P$8 -> 0 | O23: =H23+J23+L23 -> 6 | P23: =IF(AVERAGE(H23,J23,L23)<6,(5),(ROUND(AVERAGE(H23,J23,L23),0))) -> 6 | R23: =IF(N23>20,"EXTRA","ORD") -> ORD
A24: 13 | C24: CRUZ | D24: PAZ | E24: CARLOS ALFONSO | G24: 0 | H24: 7 | M24: =G24+I24+K24 -> 0 | N24: =(M24*100)/$P$8 -> 0 | O24: =H24+J24+L24 -> 7 | P24: =IF(AVERAGE(H24,J24,L24)<6,(5),(ROUND(AVERAGE(H24,J24,L24),0))) -> 7 | R24: =IF(N24>20,"EXTRA","ORD") -> ORD
B25: 14 | C25: DIAZ | D25: MOLINA | E25: EMILIANA ALESSANDRA | G25: 0 | H25: 10 | M25: =G25+I25+K25 -> 0 | N25: =(M25*100)/$P$8 -> 0 | O25: =H25+J25+L25 -> 10 | P25: =IF(AVERAGE(H25,J25,L25)<6,(5),(ROUND(AVERAGE(H25,J25,L25),0))) -> 10 | R25: =IF(N25>20,"EXTRA","ORD") -> ORD
A26: 15 | C26: DUARTE | D26: ADJUNTAS | E26: RICARDO JESUS | G26: 0 | H26: 10 | M26: =G26+I26+K26 -> 0 | N26: =(M26*100)/$P$8 -> 0 | O26: =H26+J26+L26 -> 10 | P26: =IF(AVERAGE(H26,J26,L26)<6,(5),(ROUND(AVERAGE(H26,J26,L26),0))) -> 10 | R26: =IF(N26>20,"EXTRA","ORD") -> ORD
A27: 16 | C27: ESTRADA | D27: VENEGAS | E27: DAVID RICARDO | G27: 0 | H27: 5 | M27: =G27+I27+K27 -> 0 | N27: =(M27*100)/$P$8 -> 0 | O27: =H27+J27+L27 -> 5 | P27: =IF(AVERAGE(H27,J27,L27)<6,(5),(ROUND(AVERAGE(H27,J27,L27),0))) -> 5 | R27: =IF(N27>20,"EXTRA","ORD") -> ORD
B28: 17 | C28: FLORES | D28: VARGAS | E28: FERNANDA DESSIRE | G28: 0 | H28: 7 | M28: =G28+I28+K28 -> 0 | N28: =(M28*100)/$P$8 -> 0 | O28: =H28+J28+L28 -> 7 | P28: =IF(AVERAGE(H28,J28,L28)<6,(5),(ROUND(AVERAGE(H28,J28,L28),0))) -> 7 | R28: =IF(N28>20,"EXTRA","ORD") -> ORD
A29: 18 | C29: FUENTES | D29: HERNANDEZ | E29: DIEGO ISRAEL | G29: 0 | H29: 6 | M29: =G29+I29+K29 -> 0 | N29: =(M29*100)/$P$8 -> 0 | O29: =H29+J29+L29 -> 6 | P29: =IF(AVERAGE(H29,J29,L29)<6,(5),(ROUND(AVERAGE(H29,J29,L29),0))) -> 6 | R29: =IF(N29>20,"EXTRA","ORD") -> ORD
B30: 19 | C30: GALINDO | D30: CRUZ | E30: LUISA VALENTINA | G30: 1 | H30: 6 | M30: =G30+I30+K30 -> 1 | N30: =(M30*100)/$P$8 -> 0.95238095 | O30: =H30+J30+L30 -> 6 | P30: =IF(AVERAGE(H30,J30,L30)<6,(5),(ROUND(AVERAGE(H30,J30,L30),0))) -> 6 | R30: =IF(N30>20,"EXTRA","ORD") -> ORD
B31: 20 | C31: GARCIA | D31: ARELLANO | E31: YULIANA REBECA | G31: 0 | H31: 10 | M31: =G31+I31+K31 -> 0 | N31: =(M31*100)/$P$8 -> 0 | O31: =H31+J31+L31 -> 10 | P31: =IF(AVERAGE(H31,J31,L31)<6,(5),(ROUND(AVERAGE(H31,J31,L31),0))) -> 10 | R31: =IF(N31>20,"EXTRA","ORD") -> ORD
A32: 21 | C32: GARCIA | D32: PEÑA | E32: ANDREI | G32: 0 | H32: 9 | M32: =G32+I32+K32 -> 0 | N32: =(M32*100)/$P$8 -> 0 | O32: =H32+J32+L32 -> 9 | P32: =IF(AVERAGE(H32,J32,L32)<6,(5),(ROUND(AVERAGE(H32,J32,L32),0))) -> 9 | R32: =IF(N32>20,"EXTRA","ORD") -> ORD
A33: 22 | C33: GARCILAZO | D33: MARTINEZ | E33: ALFONSO | G33: 0 | H33: 7 | M33: =G33+I33+K33 -> 0 | N33: =(M33*100)/$P$8 -> 0 | O33: =H33+J33+L33 -> 7 | P33: =IF(AVERAGE(H33,J33,L33)<6,(5),(ROUND(AVERAGE(H33,J33,L33),0))) -> 7 | R33: =IF(N33>20,"EXTRA","ORD") -> ORD
A34: 23 | C34: GODOY | D34: MARQUEZ | E34: DUSTIN YALIL | G34: 1 | H34: 5 | M34: =G34+I34+K34 -> 1 | N34: =(M34*100)/$P$8 -> 0.95238095 | O34: =H34+J34+L34 -> 5 | P34: =IF(AVERAGE(H34,J34,L34)<6,(5),(ROUND(AVERAGE(H34,J34,L34),0))) -> 5 | R34: =IF(N34>20,"EXTRA","ORD") -> ORD
B35: 24 | C35: GONZALEZ | D35: RAMOS | E35: FATIMA NAOMY | G35: 2 | H35: 10 | M35: =G35+I35+K35 -> 2 | N35: =(M35*100)/$P$8 -> 1.9047619 | O35: =H35+J35+L35 -> 10 | P35: =IF(AVERAGE(H35,J35,L35)<6,(5),(ROUND(AVERAGE(H35,J35,L35),0))) -> 10 | R35: =IF(N35>20,"EXTRA","ORD") -> ORD
B36: 25 | C36: GUERRERO | D36: ORTIZ | E36: VALERIA ROMINA | G36: 0 | H36: 10 | M36: =G36+I36+K36 -> 0 | N36: =(M36*100)/$P$8 -> 0 | O36: =H36+J36+L36 -> 10 | P36: =IF(AVERAGE(H36,J36,L36)<6,(5),(ROUND(AVERAGE(H36,J36,L36),0))) -> 10 | R36: =IF(N36>20,"EXTRA","ORD") -> ORD
B37: 26 | C37: GUTIERREZ | D37: ANGELES | E37: SAMANTHA PAOLA | G37: 0 | H37: 10 | M37: =G37+I37+K37 -> 0 | N37: =(M37*100)/$P$8 -> 0 | O37: =H37+J37+L37 -> 10 | P37: =IF(AVERAGE(H37,J37,L37)<6,(5),(ROUND(AVERAGE(H37,J37,L37),0))) -> 10 | R37: =IF(N37>20,"EXTRA","ORD") -> ORD
A38: 27 | C38: HERNANDEZ | D38: VARGAS | E38: MOISES | G38: 0 | H38: 10 | M38: =G38+I38+K38 -> 0 | N38: =(M38*100)/$P$8 -> 0 | O38: =H38+J38+L38 -> 10 | P38: =IF(AVERAGE(H38,J38,L38)<6,(5),(ROUND(AVERAGE(H38,J38,L38),0))) -> 10 | R38: =IF(N38>20,"EXTRA","ORD") -> ORD
B39: 28 | C39: HERNANDEZ | D39: VIVEROS | E39: SAMANTHA SHARON | G39: 0 | H39: 9 | M39: =G39+I39+K39 -> 0 | N39: =(M39*100)/$P$8 -> 0 | O39: =H39+J39+L39 -> 9 | P39: =IF(AVERAGE(H39,J39,L39)<6,(5),(ROUND(AVERAGE(H39,J39,L39),0))) -> 9 | R39: =IF(N39>20,"EXTRA","ORD") -> ORD
B40: 29 | C40: ISLAS | D40: GARCIA | E40: MARIANA | G40: 0 | H40: 9 | M40: =G40+I40+K40 -> 0 | N40: =(M40*100)/$P$8 -> 0 | O40: =H40+J40+L40 -> 9 | P40: =IF(AVERAGE(H40,J40,L40)<6,(5),(ROUND(AVERAGE(H40,J40,L40),0))) -> 9 | R40: =IF(N40>20,"EXTRA","ORD") -> ORD
A41: 30 | C41: ISLAS | D41: VELEZ | E41: SANTIAGO | G41: 0 | H41: 9 | M41: =G41+I41+K41 -> 0 | N41: =(M41*100)/$P$8 -> 0 | O41: =H41+J41+L41 -> 9 | P41: =IF(AVERAGE(H41,J41,L41)<6,(5),(ROUND(AVERAGE(H41,J41,L41),0))) -> 9 | R41: =IF(N41>20,"EXTRA","ORD") -> ORD
A42: 31 | C42: LAGUNA | D42: ESTRADA | E42: MAEL MAXIMILIANO | G42: 0 | H42: 9 | M42: =G42+I42+K42 -> 0 | N42: =(M42*100)/$P$8 -> 0 | O42: =H42+J42+L42 -> 9 | P42: =IF(AVERAGE(H42,J42,L42)<6,(5),(ROUND(AVERAGE(H42,J42,L42),0))) -> 9 | R42: =IF(N42>20,"EXTRA","ORD") -> ORD
B43: 32 | C43: LEZAMA | D43: ALVAREZ | E43: SOFIA NIKTE | G43: 0 | H43: 9 | M43: =G43+I43+K43 -> 0 | N43: =(M43*100)/$P$8 -> 0 | O43: =H43+J43+L43 -> 9 | P43: =IF(AVERAGE(H43,J43,L43)<6,(5),(ROUND(AVERAGE(H43,J43,L43),0))) -> 9 | R43: =IF(N43>20,"EXTRA","ORD") -> ORD
B44: 33 | C44: LOZANO | D44: JUAREZ | E44: LUZ ARISDELSI | G44: 0 | H44: 8 | M44: =G44+I44+K44 -> 0 | N44: =(M44*100)/$P$8 -> 0 | O44: =H44+J44+L44 -> 8 | P44: =IF(AVERAGE(H44,J44,L44)<6,(5),(ROUND(AVERAGE(H44,J44,L44),0))) -> 8 | R44: =IF(N44>20,"EXTRA","ORD") -> ORD
A45: 34 | C45: MALDONADO | D45: CAMERONI | E45: DUSTIN ALEXANDER | G45: 2 | H45: 5 | M45: =G45+I45+K45 -> 2 | N45: =(M45*100)/$P$8 -> 1.9047619 | O45: =H45+J45+L45 -> 5 | P45: =IF(AVERAGE(H45,J45,L45)<6,(5),(ROUND(AVERAGE(H45,J45,L45),0))) -> 5 | R45: =IF(N45>20,"EXTRA","ORD") -> ORD
B46: 35 | C46: MENA | D46: RAMOS | E46: MELANY YULIANA | G46: 0 | H46: 9 | M46: =G46+I46+K46 -> 0 | N46: =(M46*100)/$P$8 -> 0 | O46: =H46+J46+L46 -> 9 | P46: =IF(AVERAGE(H46,J46,L46)<6,(5),(ROUND(AVERAGE(H46,J46,L46),0))) -> 9 | R46: =IF(N46>20,"EXTRA","ORD") -> ORD
A47: 36 | C47: MUÑOZ | D47: FLORES | E47: ALEJANDRO | G47: 0 | H47: 8 | M47: =G47+I47+K47 -> 0 | N47: =(M47*100)/$P$8 -> 0 | O47: =H47+J47+L47 -> 8 | P47: =IF(AVERAGE(H47,J47,L47)<6,(5),(ROUND(AVERAGE(H47,J47,L47),0))) -> 8 | R47: =IF(N47>20,"EXTRA","ORD") -> ORD
A48: 37 | C48: MUÑOZ | D48: MAGAÑA | E48: SANTIAGO | G48: 0 | H48: 10 | M48: =G48+I48+K48 -> 0 | N48: =(M48*100)/$P$8 -> 0 | O48: =H48+J48+L48 -> 10 | P48: =IF(AVERAGE(H48,J48,L48)<6,(5),(ROUND(AVERAGE(H48,J48,L48),0))) -> 10 | R48: =IF(N48>20,"EXTRA","ORD") -> ORD
B49: 38 | C49: MUÑOZ | D49: MAGAÑA | E49: XIMENA | G49: 0 | H49: 10 | M49: =G49+I49+K49 -> 0 | N49: =(M49*100)/$P$8 -> 0 | O49: =H49+J49+L49 -> 10 | P49: =IF(AVERAGE(H49,J49,L49)<6,(5),(ROUND(AVERAGE(H49,J49,L49),0))) -> 10 | R49: =IF(N49>20,"EXTRA","ORD") -> ORD
A50: 39 | C50: OLVERA | D50: CRUZ | E50: LUCIO ENRIQUE | G50: 0 | H50: 10 | M50: =G50+I50+K50 -> 0 | N50: =(M50*100)/$P$8 -> 0 | O50: =H50+J50+L50 -> 10 | P50: =IF(AVERAGE(H50,J50,L50)<6,(5),(ROUND(AVERAGE(H50,J50,L50),0))) -> 10 | R50: =IF(N50>20,"EXTRA","ORD") -> ORD
B51: 40 | C51: OSORIO | D51: SANCHEZ | E51: PAULA | G51: 0 | H51: 10 | M51: =G51+I51+K51 -> 0 | N51: =(M51*100)/$P$8 -> 0 | O51: =H51+J51+L51 -> 10 | P51: =IF(AVERAGE(H51,J51,L51)<6,(5),(ROUND(AVERAGE(H51,J51,L51),0))) -> 10 | R51: =IF(N51>20,"EXTRA","ORD") -> ORD
A52: 41 | C52: PACHECO | D52: GONZALEZ | E52: DYLAN ALEXANDER | G52: 0 | H52: 10 | M52: =G52+I52+K52 -> 0 | N52: =(M52*100)/$P$8 -> 0 | O52: =H52+J52+L52 -> 10 | P52: =IF(AVERAGE(H52,J52,L52)<6,(5),(ROUND(AVERAGE(H52,J52,L52),0))) -> 10 | R52: =IF(N52>20,"EXTRA","ORD") -> ORD
A53: 42 | C53: RADILLA | D53: HERNANDEZ | E53: SANTIAGO GAMALIEL | G53: 0 | H53: 10 | M53: =G53+I53+K53 -> 0 | N53: =(M53*100)/$P$8 -> 0 | O53: =H53+J53+L53 -> 10 | P53: =IF(AVERAGE(H53,J53,L53)<6,(5),(ROUND(AVERAGE(H53,J53,L53),0))) -> 10 | R53: =IF(N53>20,"EXTRA","ORD") -> ORD
A54: 43 | C54: RAMIREZ | D54: RODRIGUEZ | E54: BRUNO | G54: 0 | H54: 10 | M54: =G54+I54+K54 -> 0 | N54: =(M54*100)/$P$8 -> 0 | O54: =H54+J54+L54 -> 10 | P54: =IF(AVERAGE(H54,J54,L54)<6,(5),(ROUND(AVERAGE(H54,J54,L54),0))) -> 10 | R54: =IF(N54>20,"EXTRA","ORD") -> ORD
B55: 44 | C55: ROMERO | D55: DOMINGEZ | E55: SARA DANIELA | G55: 0 | H55: 10 | M55: =G55+I55+K55 -> 0 | N55: =(M55*100)/$P$8 -> 0 | O55: =H55+J55+L55 -> 10 | P55: =IF(AVERAGE(H55,J55,L55)<6,(5),(ROUND(AVERAGE(H55,J55,L55),0))) -> 10 | R55: =IF(N55>20,"EXTRA","ORD") -> ORD
A56: 45 | C56: RUBIO | D56: HERNANDEZ | E56: AZAEL ALEJANDRO | G56: 0 | H56: 7 | M56: =G56+I56+K56 -> 0 | N56: =(M56*100)/$P$8 -> 0 | O56: =H56+J56+L56 -> 7 | P56: =IF(AVERAGE(H56,J56,L56)<6,(5),(ROUND(AVERAGE(H56,J56,L56),0))) -> 7 | R56: =IF(N56>20,"EXTRA","ORD") -> ORD
A57: 46 | C57: RUIZ | D57: MENDOZA | E57: ANDREE JAEL | G57: 0 | H57: 10 | M57: =G57+I57+K57 -> 0 | N57: =(M57*100)/$P$8 -> 0 | O57: =H57+J57+L57 -> 10 | P57: =IF(AVERAGE(H57,J57,L57)<6,(5),(ROUND(AVERAGE(H57,J57,L57),0))) -> 10 | R57: =IF(N57>20,"EXTRA","ORD") -> ORD
B58: 47 | C58: SANCHEZ | D58: JIMENEZ | E58: LILI | G58: 0 | H58: 10 | M58: =G58+I58+K58 -> 0 | N58: =(M58*100)/$P$8 -> 0 | O58: =H58+J58+L58 -> 10 | P58: =IF(AVERAGE(H58,J58,L58)<6,(5),(ROUND(AVERAGE(H58,J58,L58),0))) -> 10 | R58: =IF(N58>20,"EXTRA","ORD") -> ORD
B59: 48 | C59: SANTILLAN | D59: HUERTA | E59: DULCE ELEONOR | G59: 0 | H59: 10 | M59: =G59+I59+K59 -> 0 | N59: =(M59*100)/$P$8 -> 0 | O59: =H59+J59+L59 -> 10 | P59: =IF(AVERAGE(H59,J59,L59)<6,(5),(ROUND(AVERAGE(H59,J59,L59),0))) -> 10 | R59: =IF(N59>20,"EXTRA","ORD") -> ORD
A60: 49 | C60: SUAZO | D60: RIOS | E60: SANTIAGO | G60: 0 | H60: 10 | M60: =G60+I60+K60 -> 0 | N60: =(M60*100)/$P$8 -> 0 | O60: =H60+J60+L60 -> 10 | P60: =IF(AVERAGE(H60,J60,L60)<6,(5),(ROUND(AVERAGE(H60,J60,L60),0))) -> 10 | R60: =IF(N60>20,"EXTRA","ORD") -> ORD
A61: 50 | C61: TOVAR | D61: CENTENO | E61: MARCOS ARIEL | G61: 0 | H61: 10 | M61: =G61+I61+K61 -> 0 | N61: =(M61*100)/$P$8 -> 0 | O61: =H61+J61+L61 -> 10 | P61: =IF(AVERAGE(H61,J61,L61)<6,(5),(ROUND(AVERAGE(H61,J61,L61),0))) -> 10 | R61: =IF(N61>20,"EXTRA","ORD") -> ORD
A62: 51 | C62: TREJO | D62: VELAZQUEZ | E62: SEBASTIAN | G62: 0 | H62: 9 | M62: =G62+I62+K62 -> 0 | N62: =(M62*100)/$P$8 -> 0 | O62: =H62+J62+L62 -> 9 | P62: =IF(AVERAGE(H62,J62,L62)<6,(5),(ROUND(AVERAGE(H62,J62,L62),0))) -> 9 | R62: =IF(N62>20,"EXTRA","ORD") -> ORD
A63: 52 | C63: VARGAS | D63: HERNANDEZ | E63: VICTOR ALFONSO | G63: 0 | H63: 10 | M63: =G63+I63+K63 -> 0 | N63: =(M63*100)/$P$8 -> 0 | O63: =H63+J63+L63 -> 10 | P63: =IF(AVERAGE(H63,J63,L63)<6,(5),(ROUND(AVERAGE(H63,J63,L63),0))) -> 10 | R63: =IF(N63>20,"EXTRA","ORD") -> ORD
B64: 53 | C64: VARGAS | D64: LUNA | E64: RENATA CAROLINA | G64: 0 | H64: 9 | M64: =G64+I64+K64 -> 0 | N64: =(M64*100)/$P$8 -> 0 | O64: =H64+J64+L64 -> 9 | P64: =IF(AVERAGE(H64,J64,L64)<6,(5),(ROUND(AVERAGE(H64,J64,L64),0))) -> 9 | R64: =IF(N64>20,"EXTRA","ORD") -> ORD
E65: Totales | G65: =SUM(G12:G64) -> 27 | H65: =AVERAGE(H12:H64) -> 8.6415094 | I65: =SUM(I12:I64) -> 0 | J65: =AVERAGE(J12:J64) -> #DIV/0! | K65: =SUM(K12:K64) -> 0 | L65: =AVERAGE(L12:L64) -> #DIV/0! | M65: =SUM(M12:M64) -> 27 | N65: PROMEDIO FINAL | P65: =AVERAGE(P6:P64) -> 10.357143
A66: H | B66: M | E66: APROBADOS | H66: =COUNTIF(H12:H64,">5") -> 49 | J66: =COUNTIF(J12:J64,">5") -> 0 | L66: =COUNTIF(L12:L64,">5") -> 0 | N66: APROBADOS FINAL | P66: =COUNTIF(P12:P64,">5") -> 49
A67: =COUNT(A12:A64) -> 28 | B67: =COUNT(B12:B64) -> 25 | E67: REPROBADOS | H67: =COUNTIF(H12:H64,5) -> 4 | J67: =COUNTIF(J12:J64,5) -> 0 | L67: =COUNTIF(L12:L64,5) -> 0 | N67: EXTRAORDINARIOS | P67: =COUNTIF(P12:P64,5) -> 4
E68: % APROVECHAMIENTO | H68: =H66*100/H9 -> 92.45283 | J68: =J66*100/H9 -> 0 | L68: =L66*100/H9 -> 0 | N68: APROVECH FINAL | P68: =P66*100/H9 -> 92.45283
N69: % FALTAS | P69: =AVERAGE(N12:N64) -> 0.4851752
N70: % ASISTENCIA | P70: =100-P69 -> 99.514825

Sheet 1-1 pensamiento matematico ii
O1: HORAS IMPARTIDAS
C2: ORIENTADOR | D2: JOSE EDGAR SALAZAR ZUÑIGA | H2: ESCUELA PREPARATORIA OFICIAL NÚM.67 | O2: Febrero | P2: 12
H3: “2026. Año del Humanismo Mexicano en el Estado de México ”. | O3: Marzo | P3: 15
H4: CICLO ESCOLAR: 2025 -2026 | O4: Abril | P4: 5
E5: TURNO : | G5: MATUTINO | J5: Grado | K5: 1° | L5: Grupo | M5: 1 | O5: Mayo | P5: 11
E6: PROFESOR(A): | K6: UAC | L6: PENSAMIENTO MATEMÁTICO II | O6: Junio | P6: 14
G7: HOMBRES | H7: =A67 -> 28 | O7: Julio | P7: 3
G8: MUJERES | H8: =B67 -> 25 | O8: TOTAL | P8: =SUM(P2:P7) -> 60
G9: TOTAL | H9: =H7+H8 -> 53
A10: N | B10: P | C10: NOMBRE DEL ALUMNO | G10: PRIMERA EVALUACIÓN | I10: SEGUNDA EVALUACIÓN | K10: TERCERA EVALUACIÓN | M10: EVALUACIÓN FINAL
A11: H | B11: M | G11: FALTAS | H11: CALIF. | I11: FALTAS | J11: CALIF. | K11: FALTAS | L11: CALIF. | M11: TOT. DE FALTAS | N11: % FALTAS | O11: TOTAL DE PUNTOS | P11: CALIF. FINAL | Q11: FIRMA DEL ALUMNO | R11: ESTATUS
B12: 1 | C12: ALVAREZ | D12: HERNANDEZ | E12: DAYANNA ZOE | G12: 0 | H12: 6 | M12: =G12+I12+K12 -> 0 | N12: =(M12*100)/$P$8 -> 0 | O12: =H12+J12+L12 -> 6 | P12: =IF(AVERAGE(H12,J12,L12)<6,(5),(ROUND(AVERAGE(H12,J12,L12),0))) -> 6 | R12: =IF(N12>20,"EXTRA","ORD") -> ORD
B13: 2 | C13: ANAYA | D13: LEAL | E13: ANA IXCHEL | G13: 0 | H13: 6 | M13: =G13+I13+K13 -> 0 | N13: =(M13*100)/$P$8 -> 0 | O13: =H13+J13+L13 -> 6 | P13: =IF(AVERAGE(H13,J13,L13)<6,(5),(ROUND(AVERAGE(H13,J13,L13),0))) -> 6 | R13: =IF(N13>20,"EXTRA","ORD") -> ORD
B14: 3 | C14: ARIAS | D14: APARICIO | E14: AILISH ELIZABETH | G14: 0 | H14: 6 | M14: =G14+I14+K14 -> 0 | N14: =(M14*100)/$P$8 -> 0 | O14: =H14+J14+L14 -> 6 | P14: =IF(AVERAGE(H14,J14,L14)<6,(5),(ROUND(AVERAGE(H14,J14,L14),0))) -> 6 | R14: =IF(N14>20,"EXTRA","ORD") -> ORD
A15: 4 | C15: ARRAZOLA | D15: ROMERO | E15: DIEGO IVAN | G15: 0 | H15: 6 | M15: =G15+I15+K15 -> 0 | N15: =(M15*100)/$P$8 -> 0 | O15: =H15+J15+L15 -> 6 | P15: =IF(AVERAGE(H15,J15,L15)<6,(5),(ROUND(AVERAGE(H15,J15,L15),0))) -> 6 | R15: =IF(N15>20,"EXTRA","ORD") -> ORD
A16: 5 | C16: ARREDONDO | D16: LOREDO | E16: JOSHUA JAAFET | G16: 0 | H16: 6 | M16: =G16+I16+K16 -> 0 | N16: =(M16*100)/$P$8 -> 0 | O16: =H16+J16+L16 -> 6 | P16: =IF(AVERAGE(H16,J16,L16)<6,(5),(ROUND(AVERAGE(H16,J16,L16),0))) -> 6 | R16: =IF(N16>20,"EXTRA","ORD") -> ORD
B17: 6 | C17: AVILES | D17: ACOSTA | E17: ARELI | G17: 0 | H17: 6 | M17: =G17+I17+K17 -> 0 | N17: =(M17*100)/$P$8 -> 0 | O17: =H17+J17+L17 -> 6 | P17: =IF(AVERAGE(H17,J17,L17)<6,(5),(ROUND(AVERAGE(H17,J17,L17),0))) -> 6 | R17: =IF(N17>20,"EXTRA","ORD") -> ORD
A18: 7 | C18: CARBAJAL | D18: RODRIGUEZ | E18: GAEL | G18: 0 | H18: 6 | M18: =G18+I18+K18 -> 0 | N18: =(M18*100)/$P$8 -> 0 | O18: =H18+J18+L18 -> 6 | P18: =IF(AVERAGE(H18,J18,L18)<6,(5),(ROUND(AVERAGE(H18,J18,L18),0))) -> 6 | R18: =IF(N18>20,"EXTRA","ORD") -> ORD
A19: 8 | C19: CARDENAS | D19: MORENO | E19: CRISTOPHER TADEO | G19: 0 | H19: 8 | M19: =G19+I19+K19 -> 0 | N19: =(M19*100)/$P$8 -> 0 | O19: =H19+J19+L19 -> 8 | P19: =IF(AVERAGE(H19,J19,L19)<6,(5),(ROUND(AVERAGE(H19,J19,L19),0))) -> 8 | R19: =IF(N19>20,"EXTRA","ORD") -> ORD
B20: 9 | C20: CASTILLO | D20: HERNANDEZ | E20: XUNELLY | G20: 0 | H20: 5 | M20: =G20+I20+K20 -> 0 | N20: =(M20*100)/$P$8 -> 0 | O20: =H20+J20+L20 -> 5 | P20: =IF(AVERAGE(H20,J20,L20)<6,(5),(ROUND(AVERAGE(H20,J20,L20),0))) -> 5 | R20: =IF(N20>20,"EXTRA","ORD") -> ORD
B21: 10 | C21: CEREZO | D21: MORALES | E21: LOURDES YURYCO | G21: 0 | H21: 6 | M21: =G21+I21+K21 -> 0 | N21: =(M21*100)/$P$8 -> 0 | O21: =H21+J21+L21 -> 6 | P21: =IF(AVERAGE(H21,J21,L21)<6,(5),(ROUND(AVERAGE(H21,J21,L21),0))) -> 6 | R21: =IF(N21>20,"EXTRA","ORD") -> ORD
A22: 11 | C22: CONTRERAS | D22: QUIÑONES | E22: OLIVER | G22: 0 | H22: 6 | M22: =G22+I22+K22 -> 0 | N22: =(M22*100)/$P$8 -> 0 | O22: =H22+J22+L22 -> 6 | P22: =IF(AVERAGE(H22,J22,L22)<6,(5),(ROUND(AVERAGE(H22,J22,L22),0))) -> 6 | R22: =IF(N22>20,"EXTRA","ORD") -> ORD
B23: 12 | C23: CRUZ | D23: CENTENO | E23: ALEXA ABIGAIL | G23: 0 | H23: 6 | M23: =G23+I23+K23 -> 0 | N23: =(M23*100)/$P$8 -> 0 | O23: =H23+J23+L23 -> 6 | P23: =IF(AVERAGE(H23,J23,L23)<6,(5),(ROUND(AVERAGE(H23,J23,L23),0))) -> 6 | R23: =IF(N23>20,"EXTRA","ORD") -> ORD
A24: 13 | C24: CRUZ | D24: PAZ | E24: CARLOS ALFONSO | G24: 0 | H24: 5 | M24: =G24+I24+K24 -> 0 | N24: =(M24*100)/$P$8 -> 0 | O24: =H24+J24+L24 -> 5 | P24: =IF(AVERAGE(H24,J24,L24)<6,(5),(ROUND(AVERAGE(H24,J24,L24),0))) -> 5 | R24: =IF(N24>20,"EXTRA","ORD") -> ORD
B25: 14 | C25: DIAZ | D25: MOLINA | E25: EMILIANA ALESSANDRA | G25: 0 | H25: 6 | M25: =G25+I25+K25 -> 0 | N25: =(M25*100)/$P$8 -> 0 | O25: =H25+J25+L25 -> 6 | P25: =IF(AVERAGE(H25,J25,L25)<6,(5),(ROUND(AVERAGE(H25,J25,L25),0))) -> 6 | R25: =IF(N25>20,"EXTRA","ORD") -> ORD
A26: 15 | C26: DUARTE | D26: ADJUNTAS | E26: RICARDO JESUS | G26: 0 | H26: 10 | M26: =G26+I26+K26 -> 0 | N26: =(M26*100)/$P$8 -> 0 | O26: =H26+J26+L26 -> 10 | P26: =IF(AVERAGE(H26,J26,L26)<6,(5),(ROUND(AVERAGE(H26,J26,L26),0))) -> 10 | R26: =IF(N26>20,"EXTRA","ORD") -> ORD
A27: 16 | C27: ESTRADA | D27: VENEGAS | E27: DAVID RICARDO | G27: 0 | H27: 5 | M27: =G27+I27+K27 -> 0 | N27: =(M27*100)/$P$8 -> 0 | O27: =H27+J27+L27 -> 5 | P27: =IF(AVERAGE(H27,J27,L27)<6,(5),(ROUND(AVERAGE(H27,J27,L27),0))) -> 5 | R27: =IF(N27>20,"EXTRA","ORD") -> ORD
B28: 17 | C28: FLORES | D28: VARGAS | E28: FERNANDA DESSIRE | G28: 0 | H28: 7 | M28: =G28+I28+K28 -> 0 | N28: =(M28*100)/$P$8 -> 0 | O28: =H28+J28+L28 -> 7 | P28: =IF(AVERAGE(H28,J28,L28)<6,(5),(ROUND(AVERAGE(H28,J28,L28),0))) -> 7 | R28: =IF(N28>20,"EXTRA","ORD") -> ORD
A29: 18 | C29: FUENTES | D29: HERNANDEZ | E29: DIEGO ISRAEL | G29: 0 | H29: 6 | M29: =G29+I29+K29 -> 0 | N29: =(M29*100)/$P$8 -> 0 | O29: =H29+J29+L29 -> 6 | P29: =IF(AVERAGE(H29,J29,L29)<6,(5),(ROUND(AVERAGE(H29,J29,L29),0))) -> 6 | R29: =IF(N29>20,"EXTRA","ORD") -> ORD
B30: 19 | C30: GALINDO | D30: CRUZ | E30: LUISA VALENTINA | G30: 1 | H30: 6 | M30: =G30+I30+K30 -> 1 | N30: =(M30*100)/$P$8 -> 1.6666667 | O30: =H30+J30+L30 -> 6 | P30: =IF(AVERAGE(H30,J30,L30)<6,(5),(ROUND(AVERAGE(H30,J30,L30),0))) -> 6 | R30: =IF(N30>20,"EXTRA","ORD") -> ORD
B31: 20 | C31: GARCIA | D31: ARELLANO | E31: YULIANA REBECA | G31: 0 | H31: 10 | M31: =G31+I31+K31 -> 0 | N31: =(M31*100)/$P$8 -> 0 | O31: =H31+J31+L31 -> 10 | P31: =IF(AVERAGE(H31,J31,L31)<6,(5),(ROUND(AVERAGE(H31,J31,L31),0))) -> 10 | R31: =IF(N31>20,"EXTRA","ORD") -> ORD
A32: 21 | C32: GARCIA | D32: PEÑA | E32: ANDREI | G32: 0 | H32: 9 | M32: =G32+I32+K32 -> 0 | N32: =(M32*100)/$P$8 -> 0 | O32: =H32+J32+L32 -> 9 | P32: =IF(AVERAGE(H32,J32,L32)<6,(5),(ROUND(AVERAGE(H32,J32,L32),0))) -> 9 | R32: =IF(N32>20,"EXTRA","ORD") -> ORD
A33: 22 | C33: GARCILAZO | D33: MARTINEZ | E33: ALFONSO | G33: 0 | H33: 6 | M33: =G33+I33+K33 -> 0 | N33: =(M33*100)/$P$8 -> 0 | O33: =H33+J33+L33 -> 6 | P33: =IF(AVERAGE(H33,J33,L33)<6,(5),(ROUND(AVERAGE(H33,J33,L33),0))) -> 6 | R33: =IF(N33>20,"EXTRA","ORD") -> ORD
A34: 23 | C34: GODOY | D34: MARQUEZ | E34: DUSTIN YALIL | G34: 1 | H34: 5 | M34: =G34+I34+K34 -> 1 | N34: =(M34*100)/$P$8 -> 1.6666667 | O34: =H34+J34+L34 -> 5 | P34: =IF(AVERAGE(H34,J34,L34)<6,(5),(ROUND(AVERAGE(H34,J34,L34),0))) -> 5 | R34: =IF(N34>20,"EXTRA","ORD") -> ORD
B35: 24 | C35: GONZALEZ | D35: RAMOS | E35: FATIMA NAOMY | G35: 2 | H35: 7 | M35: =G35+I35+K35 -> 2 | N35: =(M35*100)/$P$8 -> 3.3333333 | O35: =H35+J35+L35 -> 7 | P35: =IF(AVERAGE(H35,J35,L35)<6,(5),(ROUND(AVERAGE(H35,J35,L35),0))) -> 7 | R35: =IF(N35>20,"EXTRA","ORD") -> ORD
B36: 25 | C36: GUERRERO | D36: ORTIZ | E36: VALERIA ROMINA | G36: 0 | H36: 7 | M36: =G36+I36+K36 -> 0 | N36: =(M36*100)/$P$8 -> 0 | O36: =H36+J36+L36 -> 7 | P36: =IF(AVERAGE(H36,J36,L36)<6,(5),(ROUND(AVERAGE(H36,J36,L36),0))) -> 7 | R36: =IF(N36>20,"EXTRA","ORD") -> ORD
B37: 26 | C37: GUTIERREZ | D37: ANGELES | E37: SAMANTHA PAOLA | G37: 0 | H37: 7 | M37: =G37+I37+K37 -> 0 | N37: =(M37*100)/$P$8 -> 0 | O37: =H37+J37+L37 -> 7 | P37: =IF(AVERAGE(H37,J37,L37)<6,(5),(ROUND(AVERAGE(H37,J37,L37),0))) -> 7 | R37: =IF(N37>20,"EXTRA","ORD") -> ORD
A38: 27 | C38: HERNANDEZ | D38: VARGAS | E38: MOISES | G38: 0 | H38: 7 | M38: =G38+I38+K38 -> 0 | N38: =(M38*100)/$P$8 -> 0 | O38: =H38+J38+L38 -> 7 | P38: =IF(AVERAGE(H38,J38,L38)<6,(5),(ROUND(AVERAGE(H38,J38,L38),0))) -> 7 | R38: =IF(N38>20,"EXTRA","ORD") -> ORD
B39: 28 | C39: HERNANDEZ | D39: VIVEROS | E39: SAMANTHA SHARON | G39: 0 | H39: 8 | M39: =G39+I39+K39 -> 0 | N39: =(M39*100)/$P$8 -> 0 | O39: =H39+J39+L39 -> 8 | P39: =IF(AVERAGE(H39,J39,L39)<6,(5),(ROUND(AVERAGE(H39,J39,L39),0))) -> 8 | R39: =IF(N39>20,"EXTRA","ORD") -> ORD
B40: 29 | C40: ISLAS | D40: GARCIA | E40: MARIANA | G40: 0 | H40: 5 | M40: =G40+I40+K40 -> 0 | N40: =(M40*100)/$P$8 -> 0 | O40: =H40+J40+L40 -> 5 | P40: =IF(AVERAGE(H40,J40,L40)<6,(5),(ROUND(AVERAGE(H40,J40,L40),0))) -> 5 | R40: =IF(N40>20,"EXTRA","ORD") -> ORD
A41: 30 | C41: ISLAS | D41: VELEZ | E41: SANTIAGO | G41: 0 | H41: 5 | M41: =G41+I41+K41 -> 0 | N41: =(M41*100)/$P$8 -> 0 | O41: =H41+J41+L41 -> 5 | P41: =IF(AVERAGE(H41,J41,L41)<6,(5),(ROUND(AVERAGE(H41,J41,L41),0))) -> 5 | R41: =IF(N41>20,"EXTRA","ORD") -> ORD
A42: 31 | C42: LAGUNA | D42: ESTRADA | E42: MAEL MAXIMILIANO | G42: 0 | H42: 5 | M42: =G42+I42+K42 -> 0 | N42: =(M42*100)/$P$8 -> 0 | O42: =H42+J42+L42 -> 5 | P42: =IF(AVERAGE(H42,J42,L42)<6,(5),(ROUND(AVERAGE(H42,J42,L42),0))) -> 5 | R42: =IF(N42>20,"EXTRA","ORD") -> ORD
B43: 32 | C43: LEZAMA | D43: ALVAREZ | E43: SOFIA NIKTE | G43: 0 | H43: 5 | M43: =G43+I43+K43 -> 0 | N43: =(M43*100)/$P$8 -> 0 | O43: =H43+J43+L43 -> 5 | P43: =IF(AVERAGE(H43,J43,L43)<6,(5),(ROUND(AVERAGE(H43,J43,L43),0))) -> 5 | R43: =IF(N43>20,"EXTRA","ORD") -> ORD
B44: 33 | C44: LOZANO | D44: JUAREZ | E44: LUZ ARISDELSI | G44: 0 | H44: 5 | M44: =G44+I44+K44 -> 0 | N44: =(M44*100)/$P$8 -> 0 | O44: =H44+J44+L44 -> 5 | P44: =IF(AVERAGE(H44,J44,L44)<6,(5),(ROUND(AVERAGE(H44,J44,L44),0))) -> 5 | R44: =IF(N44>20,"EXTRA","ORD") -> ORD
A45: 34 | C45: MALDONADO | D45: CAMERONI | E45: DUSTIN ALEXANDER | G45: 2 | H45: 5 | M45: =G45+I45+K45 -> 2 | N45: =(M45*100)/$P$8 -> 3.3333333 | O45: =H45+J45+L45 -> 5 | P45: =IF(AVERAGE(H45,J45,L45)<6,(5),(ROUND(AVERAGE(H45,J45,L45),0))) -> 5 | R45: =IF(N45>20,"EXTRA","ORD") -> ORD
B46: 35 | C46: MENA | D46: RAMOS | E46: MELANY YULIANA | G46: 0 | H46: 5 | M46: =G46+I46+K46 -> 0 | N46: =(M46*100)/$P$8 -> 0 | O46: =H46+J46+L46 -> 5 | P46: =IF(AVERAGE(H46,J46,L46)<6,(5),(ROUND(AVERAGE(H46,J46,L46),0))) -> 5 | R46: =IF(N46>20,"EXTRA","ORD") -> ORD
A47: 36 | C47: MUÑOZ | D47: FLORES | E47: ALEJANDRO | G47: 0 | H47: 5 | M47: =G47+I47+K47 -> 0 | N47: =(M47*100)/$P$8 -> 0 | O47: =H47+J47+L47 -> 5 | P47: =IF(AVERAGE(H47,J47,L47)<6,(5),(ROUND(AVERAGE(H47,J47,L47),0))) -> 5 | R47: =IF(N47>20,"EXTRA","ORD") -> ORD
A48: 37 | C48: MUÑOZ | D48: MAGAÑA | E48: SANTIAGO | G48: 0 | H48: 5 | M48: =G48+I48+K48 -> 0 | N48: =(M48*100)/$P$8 -> 0 | O48: =H48+J48+L48 -> 5 | P48: =IF(AVERAGE(H48,J48,L48)<6,(5),(ROUND(AVERAGE(H48,J48,L48),0))) -> 5 | R48: =IF(N48>20,"EXTRA","ORD") -> ORD
B49: 38 | C49: MUÑOZ | D49: MAGAÑA | E49: XIMENA | G49: 0 | H49: 5 | M49: =G49+I49+K49 -> 0 | N49: =(M49*100)/$P$8 -> 0 | O49: =H49+J49+L49 -> 5 | P49: =IF(AVERAGE(H49,J49,L49)<6,(5),(ROUND(AVERAGE(H49,J49,L49),0))) -> 5 | R49: =IF(N49>20,"EXTRA","ORD") -> ORD
A50: 39 | C50: OLVERA | D50: CRUZ | E50: LUCIO ENRIQUE | G50: 0 | H50: 5 | M50: =G50+I50+K50 -> 0 | N50: =(M50*100)/$P$8 -> 0 | O50: =H50+J50+L50 -> 5 | P50: =IF(AVERAGE(H50,J50,L50)<6,(5),(ROUND(AVERAGE(H50,J50,L50),0))) -> 5 | R50: =IF(N50>20,"EXTRA","ORD") -> ORD
B51: 40 | C51: OSORIO | D51: SANCHEZ | E51: PAULA | G51: 0 | H51: 5 | M51: =G51+I51+K51 -> 0 | N51: =(M51*100)/$P$8 -> 0 | O51: =H51+J51+L51 -> 5 | P51: =IF(AVERAGE(H51,J51,L51)<6,(5),(ROUND(AVERAGE(H51,J51,L51),0))) -> 5 | R51: =IF(N51>20,"EXTRA","ORD") -> ORD
A52: 41 | C52: PACHECO | D52: GONZALEZ | E52: DYLAN ALEXANDER | G52: 0 | H52: 5 | M52: =G52+I52+K52 -> 0 | N52: =(M52*100)/$P$8 -> 0 | O52: =H52+J52+L52 -> 5 | P52: =IF(AVERAGE(H52,J52,L52)<6,(5),(ROUND(AVERAGE(H52,J52,L52),0))) -> 5 | R52: =IF(N52>20,"EXTRA","ORD") -> ORD
A53: 42 | C53: RADILLA | D53: HERNANDEZ | E53: SANTIAGO GAMALIEL | G53: 0 | H53: 5 | M53: =G53+I53+K53 -> 0 | N53: =(M53*100)/$P$8 -> 0 | O53: =H53+J53+L53 -> 5 | P53: =IF(AVERAGE(H53,J53,L53)<6,(5),(ROUND(AVERAGE(H53,J53,L53),0))) -> 5 | R53: =IF(N53>20,"EXTRA","ORD") -> ORD
A54: 43 | C54: RAMIREZ | D54: RODRIGUEZ | E54: BRUNO | G54: 0 | H54: 5 | M54: =G54+I54+K54 -> 0 | N54: =(M54*100)/$P$8 -> 0 | O54: =H54+J54+L54 -> 5 | P54: =IF(AVERAGE(H54,J54,L54)<6,(5),(ROUND(AVERAGE(H54,J54,L54),0))) -> 5 | R54: =IF(N54>20,"EXTRA","ORD") -> ORD
B55: 44 | C55: ROMERO | D55: DOMINGEZ | E55: SARA DANIELA | G55: 0 | H55: 5 | M55: =G55+I55+K55 -> 0 | N55: =(M55*100)/$P$8 -> 0 | O55: =H55+J55+L55 -> 5 | P55: =IF(AVERAGE(H55,J55,L55)<6,(5),(ROUND(AVERAGE(H55,J55,L55),0))) -> 5 | R55: =IF(N55>20,"EXTRA","ORD") -> ORD
A56: 45 | C56: RUBIO | D56: HERNANDEZ | E56: AZAEL ALEJANDRO | G56: 0 | H56: 7 | M56: =G56+I56+K56 -> 0 | N56: =(M56*100)/$P$8 -> 0 | O56: =H56+J56+L56 -> 7 | P56: =IF(AVERAGE(H56,J56,L56)<6,(5),(ROUND(AVERAGE(H56,J56,L56),0))) -> 7 | R56: =IF(N56>20,"EXTRA","ORD") -> ORD
A57: 46 | C57: RUIZ | D57: MENDOZA | E57: ANDREE JAEL | G57: 0 | H57: 5 | M57: =G57+I57+K57 -> 0 | N57: =(M57*100)/$P$8 -> 0 | O57: =H57+J57+L57 -> 5 | P57: =IF(AVERAGE(H57,J57,L57)<6,(5),(ROUND(AVERAGE(H57,J57,L57),0))) -> 5 | R57: =IF(N57>20,"EXTRA","ORD") -> ORD
B58: 47 | C58: SANCHEZ | D58: JIMENEZ | E58: LILI | G58: 0 | H58: 8 | M58: =G58+I58+K58 -> 0 | N58: =(M58*100)/$P$8 -> 0 | O58: =H58+J58+L58 -> 8 | P58: =IF(AVERAGE(H58,J58,L58)<6,(5),(ROUND(AVERAGE(H58,J58,L58),0))) -> 8 | R58: =IF(N58>20,"EXTRA","ORD") -> ORD
B59: 48 | C59: SANTILLAN | D59: HUERTA | E59: DULCE ELEONOR | G59: 0 | H59: 10 | M59: =G59+I59+K59 -> 0 | N59: =(M59*100)/$P$8 -> 0 | O59: =H59+J59+L59 -> 10 | P59: =IF(AVERAGE(H59,J59,L59)<6,(5),(ROUND(AVERAGE(H59,J59,L59),0))) -> 10 | R59: =IF(N59>20,"EXTRA","ORD") -> ORD
A60: 49 | C60: SUAZO | D60: RIOS | E60: SANTIAGO | G60: 0 | H60: 10 | M60: =G60+I60+K60 -> 0 | N60: =(M60*100)/$P$8 -> 0 | O60: =H60+J60+L60 -> 10 | P60: =IF(AVERAGE(H60,J60,L60)<6,(5),(ROUND(AVERAGE(H60,J60,L60),0))) -> 10 | R60: =IF(N60>20,"EXTRA","ORD") -> ORD
A61: 50 | C61: TOVAR | D61: CENTENO | E61: MARCOS ARIEL | G61: 0 | H61: 10 | M61: =G61+I61+K61 -> 0 | N61: =(M61*100)/$P$8 -> 0 | O61: =H61+J61+L61 -> 10 | P61: =IF(AVERAGE(H61,J61,L61)<6,(5),(ROUND(AVERAGE(H61,J61,L61),0))) -> 10 | R61: =IF(N61>20,"EXTRA","ORD") -> ORD
A62: 51 | C62: TREJO | D62: VELAZQUEZ | E62: SEBASTIAN | G62: 0 | H62: 9 | M62: =G62+I62+K62 -> 0 | N62: =(M62*100)/$P$8 -> 0 | O62: =H62+J62+L62 -> 9 | P62: =IF(AVERAGE(H62,J62,L62)<6,(5),(ROUND(AVERAGE(H62,J62,L62),0))) -> 9 | R62: =IF(N62>20,"EXTRA","ORD") -> ORD
A63: 52 | C63: VARGAS | D63: HERNANDEZ | E63: VICTOR ALFONSO | G63: 0 | H63: 10 | M63: =G63+I63+K63 -> 0 | N63: =(M63*100)/$P$8 -> 0 | O63: =H63+J63+L63 -> 10 | P63: =IF(AVERAGE(H63,J63,L63)<6,(5),(ROUND(AVERAGE(H63,J63,L63),0))) -> 10 | R63: =IF(N63>20,"EXTRA","ORD") -> ORD
B64: 53 | C64: VARGAS | D64: LUNA | E64: RENATA CAROLINA | G64: 0 | H64: 9 | M64: =G64+I64+K64 -> 0 | N64: =(M64*100)/$P$8 -> 0 | O64: =H64+J64+L64 -> 9 | P64: =IF(AVERAGE(H64,J64,L64)<6,(5),(ROUND(AVERAGE(H64,J64,L64),0))) -> 9 | R64: =IF(N64>20,"EXTRA","ORD") -> ORD
E65: Totales | G65: =SUM(G12:G64) -> 6 | H65: =AVERAGE(H12:H64) -> 6.4528302 | I65: =SUM(I12:I64) -> 0 | J65: =AVERAGE(J12:J64) -> #DIV/0! | K65: =SUM(K12:K64) -> 0 | L65: =AVERAGE(L12:L64) -> #DIV/0! | M65: =SUM(M12:M64) -> 6 | N65: PROMEDIO FINAL | P65: =AVERAGE(P6:P64) -> 7.4821429
A66: H | B66: M | E66: APROBADOS | H66: =COUNTIF(H12:H64,">5") -> 32 | J66: =COUNTIF(J12:J64,">5") -> 0 | L66: =COUNTIF(L12:L64,">5") -> 0 | N66: APROBADOS FINAL | P66: =COUNTIF(P12:P64,">5") -> 32
A67: =COUNT(A12:A64) -> 28 | B67: =COUNT(B12:B64) -> 25 | E67: REPROBADOS | H67: =COUNTIF(H12:H64,5) -> 21 | J67: =COUNTIF(J12:J64,5) -> 0 | L67: =COUNTIF(L12:L64,5) -> 0 | N67: EXTRAORDINARIOS | P67: =COUNTIF(P12:P64,5) -> 21
E68: % APROVECHAMIENTO | H68: =H66*100/H9 -> 60.377358 | J68: =J66*100/H9 -> 0 | L68: =L66*100/H9 -> 0 | N68: APROVECH FINAL | P68: =P66*100/H9 -> 60.377358
N69: % FALTAS | P69: =AVERAGE(N12:N64) -> 0.18867925
N70: % ASISTENCIA | P70: =100-P69 -> 99.811321

Sheet 1-1 cultura digital ii
O1: HORAS IMPARTIDAS
C2: ORIENTADOR | D2: JOSE EDGAR SALAZAR ZUÑIGA | H2: ESCUELA PREPARATORIA OFICIAL NÚM.67 | O2: Febrero
H3: “2026. Año del Humanismo Mexicano en el Estado de México ”. | O3: Marzo
H4: CICLO ESCOLAR: 2025 -2026 | O4: Abril
E5: TURNO : | G5: MATUTINO | J5: Grado | K5: 1° | L5: Grupo | M5: 1 | O5: Mayo | P5: 15
E6: PROFESOR(A): | K6: UAC | L6: CULTURA DIGITAL II | O6: Junio
G7: HOMBRES | H7: =A67 -> 28 | O7: Julio
G8: MUJERES | H8: =B67 -> 25 | O8: TOTAL | P8: =SUM(P2:P7) -> 15
G9: TOTAL | H9: =H7+H8 -> 53
A10: N | B10: P | C10: NOMBRE DEL ALUMNO | G10: PRIMERA EVALUACIÓN | I10: SEGUNDA EVALUACIÓN | K10: TERCERA EVALUACIÓN | M10: EVALUACIÓN FINAL
A11: H | B11: M | G11: FALTAS | H11: CALIF. | I11: FALTAS | J11: CALIF. | K11: FALTAS | L11: CALIF. | M11: TOT. DE FALTAS | N11: % FALTAS | O11: TOTAL DE PUNTOS | P11: CALIF. FINAL | Q11: FIRMA DEL ALUMNO | R11: ESTATUS
B12: 1 | C12: ALVAREZ | D12: HERNANDEZ | E12: DAYANNA ZOE | G12: 0 | H12: 7 | M12: =G12+I12+K12 -> 0 | N12: =(M12*100)/$P$8 -> 0 | O12: =H12+J12+L12 -> 7 | P12: =IF(AVERAGE(H12,J12,L12)<6,(5),(ROUND(AVERAGE(H12,J12,L12),0))) -> 7 | R12: =IF(N12>20,"EXTRA","ORD") -> ORD
B13: 2 | C13: ANAYA | D13: LEAL | E13: ANA IXCHEL | G13: 0 | H13: 10 | M13: =G13+I13+K13 -> 0 | N13: =(M13*100)/$P$8 -> 0 | O13: =H13+J13+L13 -> 10 | P13: =IF(AVERAGE(H13,J13,L13)<6,(5),(ROUND(AVERAGE(H13,J13,L13),0))) -> 10 | R13: =IF(N13>20,"EXTRA","ORD") -> ORD
B14: 3 | C14: ARIAS | D14: APARICIO | E14: AILISH ELIZABETH | G14: 0 | H14: 10 | M14: =G14+I14+K14 -> 0 | N14: =(M14*100)/$P$8 -> 0 | O14: =H14+J14+L14 -> 10 | P14: =IF(AVERAGE(H14,J14,L14)<6,(5),(ROUND(AVERAGE(H14,J14,L14),0))) -> 10 | R14: =IF(N14>20,"EXTRA","ORD") -> ORD
A15: 4 | C15: ARRAZOLA | D15: ROMERO | E15: DIEGO IVAN | G15: 0 | H15: 6 | M15: =G15+I15+K15 -> 0 | N15: =(M15*100)/$P$8 -> 0 | O15: =H15+J15+L15 -> 6 | P15: =IF(AVERAGE(H15,J15,L15)<6,(5),(ROUND(AVERAGE(H15,J15,L15),0))) -> 6 | R15: =IF(N15>20,"EXTRA","ORD") -> ORD
A16: 5 | C16: ARREDONDO | D16: LOREDO | E16: JOSHUA JAAFET | G16: 0 | H16: 8 | M16: =G16+I16+K16 -> 0 | N16: =(M16*100)/$P$8 -> 0 | O16: =H16+J16+L16 -> 8 | P16: =IF(AVERAGE(H16,J16,L16)<6,(5),(ROUND(AVERAGE(H16,J16,L16),0))) -> 8 | R16: =IF(N16>20,"EXTRA","ORD") -> ORD
B17: 6 | C17: AVILES | D17: ACOSTA | E17: ARELI | G17: 0 | H17: 8 | M17: =G17+I17+K17 -> 0 | N17: =(M17*100)/$P$8 -> 0 | O17: =H17+J17+L17 -> 8 | P17: =IF(AVERAGE(H17,J17,L17)<6,(5),(ROUND(AVERAGE(H17,J17,L17),0))) -> 8 | R17: =IF(N17>20,"EXTRA","ORD") -> ORD
A18: 7 | C18: CARBAJAL | D18: RODRIGUEZ | E18: GAEL | G18: 0 | H18: 8 | M18: =G18+I18+K18 -> 0 | N18: =(M18*100)/$P$8 -> 0 | O18: =H18+J18+L18 -> 8 | P18: =IF(AVERAGE(H18,J18,L18)<6,(5),(ROUND(AVERAGE(H18,J18,L18),0))) -> 8 | R18: =IF(N18>20,"EXTRA","ORD") -> ORD
A19: 8 | C19: CARDENAS | D19: MORENO | E19: CRISTOPHER TADEO | G19: 0 | H19: 10 | M19: =G19+I19+K19 -> 0 | N19: =(M19*100)/$P$8 -> 0 | O19: =H19+J19+L19 -> 10 | P19: =IF(AVERAGE(H19,J19,L19)<6,(5),(ROUND(AVERAGE(H19,J19,L19),0))) -> 10 | R19: =IF(N19>20,"EXTRA","ORD") -> ORD
B20: 9 | C20: CASTILLO | D20: HERNANDEZ | E20: XUNELLY | G20: 0 | H20: 5 | M20: =G20+I20+K20 -> 0 | N20: =(M20*100)/$P$8 -> 0 | O20: =H20+J20+L20 -> 5 | P20: =IF(AVERAGE(H20,J20,L20)<6,(5),(ROUND(AVERAGE(H20,J20,L20),0))) -> 5 | R20: =IF(N20>20,"EXTRA","ORD") -> ORD
B21: 10 | C21: CEREZO | D21: MORALES | E21: LOURDES YURYCO | G21: 0 | H21: 10 | M21: =G21+I21+K21 -> 0 | N21: =(M21*100)/$P$8 -> 0 | O21: =H21+J21+L21 -> 10 | P21: =IF(AVERAGE(H21,J21,L21)<6,(5),(ROUND(AVERAGE(H21,J21,L21),0))) -> 10 | R21: =IF(N21>20,"EXTRA","ORD") -> ORD
A22: 11 | C22: CONTRERAS | D22: QUIÑONES | E22: OLIVER | G22: 0 | H22: 8 | M22: =G22+I22+K22 -> 0 | N22: =(M22*100)/$P$8 -> 0 | O22: =H22+J22+L22 -> 8 | P22: =IF(AVERAGE(H22,J22,L22)<6,(5),(ROUND(AVERAGE(H22,J22,L22),0))) -> 8 | R22: =IF(N22>20,"EXTRA","ORD") -> ORD
B23: 12 | C23: CRUZ | D23: CENTENO | E23: ALEXA ABIGAIL | G23: 0 | H23: 6 | M23: =G23+I23+K23 -> 0 | N23: =(M23*100)/$P$8 -> 0 | O23: =H23+J23+L23 -> 6 | P23: =IF(AVERAGE(H23,J23,L23)<6,(5),(ROUND(AVERAGE(H23,J23,L23),0))) -> 6 | R23: =IF(N23>20,"EXTRA","ORD") -> ORD
A24: 13 | C24: CRUZ | D24: PAZ | E24: CARLOS ALFONSO | G24: 0 | H24: 5 | M24: =G24+I24+K24 -> 0 | N24: =(M24*100)/$P$8 -> 0 | O24: =H24+J24+L24 -> 5 | P24: =IF(AVERAGE(H24,J24,L24)<6,(5),(ROUND(AVERAGE(H24,J24,L24),0))) -> 5 | R24: =IF(N24>20,"EXTRA","ORD") -> ORD
B25: 14 | C25: DIAZ | D25: MOLINA | E25: EMILIANA ALESSANDRA | G25: 0 | H25: 10 | M25: =G25+I25+K25 -> 0 | N25: =(M25*100)/$P$8 -> 0 | O25: =H25+J25+L25 -> 10 | P25: =IF(AVERAGE(H25,J25,L25)<6,(5),(ROUND(AVERAGE(H25,J25,L25),0))) -> 10 | R25: =IF(N25>20,"EXTRA","ORD") -> ORD
A26: 15 | C26: DUARTE | D26: ADJUNTAS | E26: RICARDO JESUS | G26: 0 | H26: 10 | M26: =G26+I26+K26 -> 0 | N26: =(M26*100)/$P$8 -> 0 | O26: =H26+J26+L26 -> 10 | P26: =IF(AVERAGE(H26,J26,L26)<6,(5),(ROUND(AVERAGE(H26,J26,L26),0))) -> 10 | R26: =IF(N26>20,"EXTRA","ORD") -> ORD
A27: 16 | C27: ESTRADA | D27: VENEGAS | E27: DAVID RICARDO | G27: 0 | H27: 5 | M27: =G27+I27+K27 -> 0 | N27: =(M27*100)/$P$8 -> 0 | O27: =H27+J27+L27 -> 5 | P27: =IF(AVERAGE(H27,J27,L27)<6,(5),(ROUND(AVERAGE(H27,J27,L27),0))) -> 5 | R27: =IF(N27>20,"EXTRA","ORD") -> ORD
B28: 17 | C28: FLORES | D28: VARGAS | E28: FERNANDA DESSIRE | G28: 0 | H28: 7 | M28: =G28+I28+K28 -> 0 | N28: =(M28*100)/$P$8 -> 0 | O28: =H28+J28+L28 -> 7 | P28: =IF(AVERAGE(H28,J28,L28)<6,(5),(ROUND(AVERAGE(H28,J28,L28),0))) -> 7 | R28: =IF(N28>20,"EXTRA","ORD") -> ORD
A29: 18 | C29: FUENTES | D29: HERNANDEZ | E29: DIEGO ISRAEL | G29: 0 | H29: 6 | M29: =G29+I29+K29 -> 0 | N29: =(M29*100)/$P$8 -> 0 | O29: =H29+J29+L29 -> 6 | P29: =IF(AVERAGE(H29,J29,L29)<6,(5),(ROUND(AVERAGE(H29,J29,L29),0))) -> 6 | R29: =IF(N29>20,"EXTRA","ORD") -> ORD
B30: 19 | C30: GALINDO | D30: CRUZ | E30: LUISA VALENTINA | G30: 1 | H30: 6 | M30: =G30+I30+K30 -> 1 | N30: =(M30*100)/$P$8 -> 6.6666667 | O30: =H30+J30+L30 -> 6 | P30: =IF(AVERAGE(H30,J30,L30)<6,(5),(ROUND(AVERAGE(H30,J30,L30),0))) -> 6 | R30: =IF(N30>20,"EXTRA","ORD") -> ORD
B31: 20 | C31: GARCIA | D31: ARELLANO | E31: YULIANA REBECA | G31: 0 | H31: 10 | M31: =G31+I31+K31 -> 0 | N31: =(M31*100)/$P$8 -> 0 | O31: =H31+J31+L31 -> 10 | P31: =IF(AVERAGE(H31,J31,L31)<6,(5),(ROUND(AVERAGE(H31,J31,L31),0))) -> 10 | R31: =IF(N31>20,"EXTRA","ORD") -> ORD
A32: 21 | C32: GARCIA | D32: PEÑA | E32: ANDREI | G32: 0 | H32: 9 | M32: =G32+I32+K32 -> 0 | N32: =(M32*100)/$P$8 -> 0 | O32: =H32+J32+L32 -> 9 | P32: =IF(AVERAGE(H32,J32,L32)<6,(5),(ROUND(AVERAGE(H32,J32,L32),0))) -> 9 | R32: =IF(N32>20,"EXTRA","ORD") -> ORD
A33: 22 | C33: GARCILAZO | D33: MARTINEZ | E33: ALFONSO | G33: 0 | H33: 6 | M33: =G33+I33+K33 -> 0 | N33: =(M33*100)/$P$8 -> 0 | O33: =H33+J33+L33 -> 6 | P33: =IF(AVERAGE(H33,J33,L33)<6,(5),(ROUND(AVERAGE(H33,J33,L33),0))) -> 6 | R33: =IF(N33>20,"EXTRA","ORD") -> ORD
A34: 23 | C34: GODOY | D34: MARQUEZ | E34: DUSTIN YALIL | G34: 1 | H34: 5 | M34: =G34+I34+K34 -> 1 | N34: =(M34*100)/$P$8 -> 6.6666667 | O34: =H34+J34+L34 -> 5 | P34: =IF(AVERAGE(H34,J34,L34)<6,(5),(ROUND(AVERAGE(H34,J34,L34),0))) -> 5 | R34: =IF(N34>20,"EXTRA","ORD") -> ORD
B35: 24 | C35: GONZALEZ | D35: RAMOS | E35: FATIMA NAOMY | G35: 2 | H35: 7 | M35: =G35+I35+K35 -> 2 | N35: =(M35*100)/$P$8 -> 13.333333 | O35: =H35+J35+L35 -> 7 | P35: =IF(AVERAGE(H35,J35,L35)<6,(5),(ROUND(AVERAGE(H35,J35,L35),0))) -> 7 | R35: =IF(N35>20,"EXTRA","ORD") -> ORD
B36: 25 | C36: GUERRERO | D36: ORTIZ | E36: VALERIA ROMINA | G36: 0 | H36: 7 | M36: =G36+I36+K36 -> 0 | N36: =(M36*100)/$P$8 -> 0 | O36: =H36+J36+L36 -> 7 | P36: =IF(AVERAGE(H36,J36,L36)<6,(5),(ROUND(AVERAGE(H36,J36,L36),0))) -> 7 | R36: =IF(N36>20,"EXTRA","ORD") -> ORD
B37: 26 | C37: GUTIERREZ | D37: ANGELES | E37: SAMANTHA PAOLA | G37: 0 | H37: 7 | M37: =G37+I37+K37 -> 0 | N37: =(M37*100)/$P$8 -> 0 | O37: =H37+J37+L37 -> 7 | P37: =IF(AVERAGE(H37,J37,L37)<6,(5),(ROUND(AVERAGE(H37,J37,L37),0))) -> 7 | R37: =IF(N37>20,"EXTRA","ORD") -> ORD
A38: 27 | C38: HERNANDEZ | D38: VARGAS | E38: MOISES | G38: 0 | H38: 7 | M38: =G38+I38+K38 -> 0 | N38: =(M38*100)/$P$8 -> 0 | O38: =H38+J38+L38 -> 7 | P38: =IF(AVERAGE(H38,J38,L38)<6,(5),(ROUND(AVERAGE(H38,J38,L38),0))) -> 7 | R38: =IF(N38>20,"EXTRA","ORD") -> ORD
B39: 28 | C39: HERNANDEZ | D39: VIVEROS | E39: SAMANTHA SHARON | G39: 0 | H39: 8 | M39: =G39+I39+K39 -> 0 | N39: =(M39*100)/$P$8 -> 0 | O39: =H39+J39+L39 -> 8 | P39: =IF(AVERAGE(H39,J39,L39)<6,(5),(ROUND(AVERAGE(H39,J39,L39),0))) -> 8 | R39: =IF(N39>20,"EXTRA","ORD") -> ORD
B40: 29 | C40: ISLAS | D40: GARCIA | E40: MARIANA | G40: 0 | H40: 8 | M40: =G40+I40+K40 -> 0 | N40: =(M40*100)/$P$8 -> 0 | O40: =H40+J40+L40 -> 8 | P40: =IF(AVERAGE(H40,J40,L40)<6,(5),(ROUND(AVERAGE(H40,J40,L40),0))) -> 8 | R40: =IF(N40>20,"EXTRA","ORD") -> ORD
A41: 30 | C41: ISLAS | D41: VELEZ | E41: SANTIAGO | G41: 0 | H41: 8 | M41: =G41+I41+K41 -> 0 | N41: =(M41*100)/$P$8 -> 0 | O41: =H41+J41+L41 -> 8 | P41: =IF(AVERAGE(H41,J41,L41)<6,(5),(ROUND(AVERAGE(H41,J41,L41),0))) -> 8 | R41: =IF(N41>20,"EXTRA","ORD") -> ORD
A42: 31 | C42: LAGUNA | D42: ESTRADA | E42: MAEL MAXIMILIANO | G42: 0 | H42: 8 | M42: =G42+I42+K42 -> 0 | N42: =(M42*100)/$P$8 -> 0 | O42: =H42+J42+L42 -> 8 | P42: =IF(AVERAGE(H42,J42,L42)<6,(5),(ROUND(AVERAGE(H42,J42,L42),0))) -> 8 | R42: =IF(N42>20,"EXTRA","ORD") -> ORD
B43: 32 | C43: LEZAMA | D43: ALVAREZ | E43: SOFIA NIKTE | G43: 0 | H43: 6 | M43: =G43+I43+K43 -> 0 | N43: =(M43*100)/$P$8 -> 0 | O43: =H43+J43+L43 -> 6 | P43: =IF(AVERAGE(H43,J43,L43)<6,(5),(ROUND(AVERAGE(H43,J43,L43),0))) -> 6 | R43: =IF(N43>20,"EXTRA","ORD") -> ORD
B44: 33 | C44: LOZANO | D44: JUAREZ | E44: LUZ ARISDELSI | G44: 0 | H44: 8 | M44: =G44+I44+K44 -> 0 | N44: =(M44*100)/$P$8 -> 0 | O44: =H44+J44+L44 -> 8 | P44: =IF(AVERAGE(H44,J44,L44)<6,(5),(ROUND(AVERAGE(H44,J44,L44),0))) -> 8 | R44: =IF(N44>20,"EXTRA","ORD") -> ORD
A45: 34 | C45: MALDONADO | D45: CAMERONI | E45: DUSTIN ALEXANDER | G45: 2 | H45: 5 | M45: =G45+I45+K45 -> 2 | N45: =(M45*100)/$P$8 -> 13.333333 | O45: =H45+J45+L45 -> 5 | P45: =IF(AVERAGE(H45,J45,L45)<6,(5),(ROUND(AVERAGE(H45,J45,L45),0))) -> 5 | R45: =IF(N45>20,"EXTRA","ORD") -> ORD
B46: 35 | C46: MENA | D46: RAMOS | E46: MELANY YULIANA | G46: 0 | H46: 9 | M46: =G46+I46+K46 -> 0 | N46: =(M46*100)/$P$8 -> 0 | O46: =H46+J46+L46 -> 9 | P46: =IF(AVERAGE(H46,J46,L46)<6,(5),(ROUND(AVERAGE(H46,J46,L46),0))) -> 9 | R46: =IF(N46>20,"EXTRA","ORD") -> ORD
A47: 36 | C47: MUÑOZ | D47: FLORES | E47: ALEJANDRO | G47: 0 | H47: 8 | M47: =G47+I47+K47 -> 0 | N47: =(M47*100)/$P$8 -> 0 | O47: =H47+J47+L47 -> 8 | P47: =IF(AVERAGE(H47,J47,L47)<6,(5),(ROUND(AVERAGE(H47,J47,L47),0))) -> 8 | R47: =IF(N47>20,"EXTRA","ORD") -> ORD
A48: 37 | C48: MUÑOZ | D48: MAGAÑA | E48: SANTIAGO | G48: 0 | H48: 10 | M48: =G48+I48+K48 -> 0 | N48: =(M48*100)/$P$8 -> 0 | O48: =H48+J48+L48 -> 10 | P48: =IF(AVERAGE(H48,J48,L48)<6,(5),(ROUND(AVERAGE(H48,J48,L48),0))) -> 10 | R48: =IF(N48>20,"EXTRA","ORD") -> ORD
B49: 38 | C49: MUÑOZ | D49: MAGAÑA | E49: XIMENA | G49: 0 | H49: 7 | M49: =G49+I49+K49 -> 0 | N49: =(M49*100)/$P$8 -> 0 | O49: =H49+J49+L49 -> 7 | P49: =IF(AVERAGE(H49,J49,L49)<6,(5),(ROUND(AVERAGE(H49,J49,L49),0))) -> 7 | R49: =IF(N49>20,"EXTRA","ORD") -> ORD
A50: 39 | C50: OLVERA | D50: CRUZ | E50: LUCIO ENRIQUE | G50: 0 | H50: 10 | M50: =G50+I50+K50 -> 0 | N50: =(M50*100)/$P$8 -> 0 | O50: =H50+J50+L50 -> 10 | P50: =IF(AVERAGE(H50,J50,L50)<6,(5),(ROUND(AVERAGE(H50,J50,L50),0))) -> 10 | R50: =IF(N50>20,"EXTRA","ORD") -> ORD
B51: 40 | C51: OSORIO | D51: SANCHEZ | E51: PAULA | G51: 0 | H51: 7 | M51: =G51+I51+K51 -> 0 | N51: =(M51*100)/$P$8 -> 0 | O51: =H51+J51+L51 -> 7 | P51: =IF(AVERAGE(H51,J51,L51)<6,(5),(ROUND(AVERAGE(H51,J51,L51),0))) -> 7 | R51: =IF(N51>20,"EXTRA","ORD") -> ORD
A52: 41 | C52: PACHECO | D52: GONZALEZ | E52: DYLAN ALEXANDER | G52: 0 | H52: 7 | M52: =G52+I52+K52 -> 0 | N52: =(M52*100)/$P$8 -> 0 | O52: =H52+J52+L52 -> 7 | P52: =IF(AVERAGE(H52,J52,L52)<6,(5),(ROUND(AVERAGE(H52,J52,L52),0))) -> 7 | R52: =IF(N52>20,"EXTRA","ORD") -> ORD
A53: 42 | C53: RADILLA | D53: HERNANDEZ | E53: SANTIAGO GAMALIEL | G53: 0 | H53: 8 | M53: =G53+I53+K53 -> 0 | N53: =(M53*100)/$P$8 -> 0 | O53: =H53+J53+L53 -> 8 | P53: =IF(AVERAGE(H53,J53,L53)<6,(5),(ROUND(AVERAGE(H53,J53,L53),0))) -> 8 | R53: =IF(N53>20,"EXTRA","ORD") -> ORD
A54: 43 | C54: RAMIREZ | D54: RODRIGUEZ | E54: BRUNO | G54: 0 | H54: 10 | M54: =G54+I54+K54 -> 0 | N54: =(M54*100)/$P$8 -> 0 | O54: =H54+J54+L54 -> 10 | P54: =IF(AVERAGE(H54,J54,L54)<6,(5),(ROUND(AVERAGE(H54,J54,L54),0))) -> 10 | R54: =IF(N54>20,"EXTRA","ORD") -> ORD
B55: 44 | C55: ROMERO | D55: DOMINGEZ | E55: SARA DANIELA | G55: 0 | H55: 10 | M55: =G55+I55+K55 -> 0 | N55: =(M55*100)/$P$8 -> 0 | O55: =H55+J55+L55 -> 10 | P55: =IF(AVERAGE(H55,J55,L55)<6,(5),(ROUND(AVERAGE(H55,J55,L55),0))) -> 10 | R55: =IF(N55>20,"EXTRA","ORD") -> ORD
A56: 45 | C56: RUBIO | D56: HERNANDEZ | E56: AZAEL ALEJANDRO | G56: 0 | H56: 7 | M56: =G56+I56+K56 -> 0 | N56: =(M56*100)/$P$8 -> 0 | O56: =H56+J56+L56 -> 7 | P56: =IF(AVERAGE(H56,J56,L56)<6,(5),(ROUND(AVERAGE(H56,J56,L56),0))) -> 7 | R56: =IF(N56>20,"EXTRA","ORD") -> ORD
A57: 46 | C57: RUIZ | D57: MENDOZA | E57: ANDREE JAEL | G57: 0 | H57: 5 | M57: =G57+I57+K57 -> 0 | N57: =(M57*100)/$P$8 -> 0 | O57: =H57+J57+L57 -> 5 | P57: =IF(AVERAGE(H57,J57,L57)<6,(5),(ROUND(AVERAGE(H57,J57,L57),0))) -> 5 | R57: =IF(N57>20,"EXTRA","ORD") -> ORD
B58: 47 | C58: SANCHEZ | D58: JIMENEZ | E58: LILI | G58: 0 | H58: 8 | M58: =G58+I58+K58 -> 0 | N58: =(M58*100)/$P$8 -> 0 | O58: =H58+J58+L58 -> 8 | P58: =IF(AVERAGE(H58,J58,L58)<6,(5),(ROUND(AVERAGE(H58,J58,L58),0))) -> 8 | R58: =IF(N58>20,"EXTRA","ORD") -> ORD
B59: 48 | C59: SANTILLAN | D59: HUERTA | E59: DULCE ELEONOR | G59: 0 | H59: 10 | M59: =G59+I59+K59 -> 0 | N59: =(M59*100)/$P$8 -> 0 | O59: =H59+J59+L59 -> 10 | P59: =IF(AVERAGE(H59,J59,L59)<6,(5),(ROUND(AVERAGE(H59,J59,L59),0))) -> 10 | R59: =IF(N59>20,"EXTRA","ORD") -> ORD
A60: 49 | C60: SUAZO | D60: RIOS | E60: SANTIAGO | G60: 0 | H60: 10 | M60: =G60+I60+K60 -> 0 | N60: =(M60*100)/$P$8 -> 0 | O60: =H60+J60+L60 -> 10 | P60: =IF(AVERAGE(H60,J60,L60)<6,(5),(ROUND(AVERAGE(H60,J60,L60),0))) -> 10 | R60: =IF(N60>20,"EXTRA","ORD") -> ORD
A61: 50 | C61: TOVAR | D61: CENTENO | E61: MARCOS ARIEL | G61: 0 | H61: 10 | M61: =G61+I61+K61 -> 0 | N61: =(M61*100)/$P$8 -> 0 | O61: =H61+J61+L61 -> 10 | P61: =IF(AVERAGE(H61,J61,L61)<6,(5),(ROUND(AVERAGE(H61,J61,L61),0))) -> 10 | R61: =IF(N61>20,"EXTRA","ORD") -> ORD
A62: 51 | C62: TREJO | D62: VELAZQUEZ | E62: SEBASTIAN | G62: 0 | H62: 9 | M62: =G62+I62+K62 -> 0 | N62: =(M62*100)/$P$8 -> 0 | O62: =H62+J62+L62 -> 9 | P62: =IF(AVERAGE(H62,J62,L62)<6,(5),(ROUND(AVERAGE(H62,J62,L62),0))) -> 9 | R62: =IF(N62>20,"EXTRA","ORD") -> ORD
A63: 52 | C63: VARGAS | D63: HERNANDEZ | E63: VICTOR ALFONSO | G63: 0 | H63: 10 | M63: =G63+I63+K63 -> 0 | N63: =(M63*100)/$P$8 -> 0 | O63: =H63+J63+L63 -> 10 | P63: =IF(AVERAGE(H63,J63,L63)<6,(5),(ROUND(AVERAGE(H63,J63,L63),0))) -> 10 | R63: =IF(N63>20,"EXTRA","ORD") -> ORD
B64: 53 | C64: VARGAS | D64: LUNA | E64: RENATA CAROLINA | G64: 0 | H64: 9 | M64: =G64+I64+K64 -> 0 | N64: =(M64*100)/$P$8 -> 0 | O64: =H64+J64+L64 -> 9 | P64: =IF(AVERAGE(H64,J64,L64)<6,(5),(ROUND(AVERAGE(H64,J64,L64),0))) -> 9 | R64: =IF(N64>20,"EXTRA","ORD") -> ORD
E65: Totales | G65: =SUM(G12:G64) -> 6 | H65: =AVERAGE(H12:H64) -> 7.8867925 | I65: =SUM(I12:I64) -> 0 | J65: =AVERAGE(J12:J64) -> #DIV/0! | K65: =SUM(K12:K64) -> 0 | L65: =AVERAGE(L12:L64) -> #DIV/0! | M65: =SUM(M12:M64) -> 6 | N65: PROMEDIO FINAL | P65: =AVERAGE(P6:P64) -> 8.0185185
A66: H | B66: M | E66: APROBADOS | H66: =COUNTIF(H12:H64,">5") -> 47 | J66: =COUNTIF(J12:J64,">5") -> 0 | L66: =COUNTIF(L12:L64,">5") -> 0 | N66: APROBADOS FINAL | P66: =COUNTIF(P12:P64,">5") -> 47
A67: =COUNT(A12:A64) -> 28 | B67: =COUNT(B12:B64) -> 25 | E67: REPROBADOS | H67: =COUNTIF(H12:H64,5) -> 6 | J67: =COUNTIF(J12:J64,5) -> 0 | L67: =COUNTIF(L12:L64,5) -> 0 | N67: EXTRAORDINARIOS | P67: =COUNTIF(P12:P64,5) -> 6
E68: % APROVECHAMIENTO | H68: =H66*100/H9 -> 88.679245 | J68: =J66*100/H9 -> 0 | L68: =L66*100/H9 -> 0 | N68: APROVECH FINAL | P68: =P66*100/H9 -> 88.679245
N69: % FALTAS | P69: =AVERAGE(N12:N64) -> 0.75471698
N70: % ASISTENCIA | P70: =100-P69 -> 99.245283

Sheet 1-1 ciencias naturales experime
O1: HORAS IMPARTIDAS
C2: ORIENTADOR | D2: JOSE EDGAR SALAZAR ZUÑIGA | H2: ESCUELA PREPARATORIA OFICIAL NÚM.67 | O2: Febrero
H3: “2026. Año del Humanismo Mexicano en el Estado de México ”. | O3: Marzo
H4: CICLO ESCOLAR: 2025 -2026 | O4: Abril
E5: TURNO : | G5: MATUTINO | J5: Grado | K5: 1° | L5: Grupo | M5: 1 | O5: Mayo | P5: 9
E6: PROFESOR(A): | K6: UAC | L6: CIENCIAS NATURALES, EXPERIMENTALES Y TECNOLOGÍA II | O6: Junio
G7: HOMBRES | H7: =A67 -> 28 | O7: Julio
G8: MUJERES | H8: =B67 -> 25 | O8: TOTAL | P8: =SUM(P2:P7) -> 9
G9: TOTAL | H9: =H7+H8 -> 53
A10: N | B10: P | C10: NOMBRE DEL ALUMNO | G10: PRIMERA EVALUACIÓN | I10: SEGUNDA EVALUACIÓN | K10: TERCERA EVALUACIÓN | M10: EVALUACIÓN FINAL
A11: H | B11: M | G11: FALTAS | H11: CALIF. | I11: FALTAS | J11: CALIF. | K11: FALTAS | L11: CALIF. | M11: TOT. DE FALTAS | N11: % FALTAS | O11: TOTAL DE PUNTOS | P11: CALIF. FINAL | Q11: FIRMA DEL ALUMNO
B12: 1 | C12: ALVAREZ | D12: HERNANDEZ | E12: DAYANNA ZOE | G12: 0 | H12: 7 | M12: =G12+I12+K12 -> 0 | N12: =(M12*100)/$P$8 -> 0 | O12: =H12+J12+L12 -> 7 | P12: =IF(AVERAGE(H12,J12,L12)<6,(5),(ROUND(AVERAGE(H12,J12,L12),0))) -> 7 | R12: =IF(N12>20,"EXTRA","ORD") -> ORD
B13: 2 | C13: ANAYA | D13: LEAL | E13: ANA IXCHEL | G13: 0 | H13: 10 | M13: =G13+I13+K13 -> 0 | N13: =(M13*100)/$P$8 -> 0 | O13: =H13+J13+L13 -> 10 | P13: =IF(AVERAGE(H13,J13,L13)<6,(5),(ROUND(AVERAGE(H13,J13,L13),0))) -> 10 | R13: =IF(N13>20,"EXTRA","ORD") -> ORD
B14: 3 | C14: ARIAS | D14: APARICIO | E14: AILISH ELIZABETH | G14: 0 | H14: 10 | M14: =G14+I14+K14 -> 0 | N14: =(M14*100)/$P$8 -> 0 | O14: =H14+J14+L14 -> 10 | P14: =IF(AVERAGE(H14,J14,L14)<6,(5),(ROUND(AVERAGE(H14,J14,L14),0))) -> 10 | R14: =IF(N14>20,"EXTRA","ORD") -> ORD
A15: 4 | C15: ARRAZOLA | D15: ROMERO | E15: DIEGO IVAN | G15: 0 | H15: 6 | M15: =G15+I15+K15 -> 0 | N15: =(M15*100)/$P$8 -> 0 | O15: =H15+J15+L15 -> 6 | P15: =IF(AVERAGE(H15,J15,L15)<6,(5),(ROUND(AVERAGE(H15,J15,L15),0))) -> 6 | R15: =IF(N15>20,"EXTRA","ORD") -> ORD
A16: 5 | C16: ARREDONDO | D16: LOREDO | E16: JOSHUA JAAFET | G16: 0 | H16: 8 | M16: =G16+I16+K16 -> 0 | N16: =(M16*100)/$P$8 -> 0 | O16: =H16+J16+L16 -> 8 | P16: =IF(AVERAGE(H16,J16,L16)<6,(5),(ROUND(AVERAGE(H16,J16,L16),0))) -> 8 | R16: =IF(N16>20,"EXTRA","ORD") -> ORD
B17: 6 | C17: AVILES | D17: ACOSTA | E17: ARELI | G17: 0 | H17: 8 | M17: =G17+I17+K17 -> 0 | N17: =(M17*100)/$P$8 -> 0 | O17: =H17+J17+L17 -> 8 | P17: =IF(AVERAGE(H17,J17,L17)<6,(5),(ROUND(AVERAGE(H17,J17,L17),0))) -> 8 | R17: =IF(N17>20,"EXTRA","ORD") -> ORD
A18: 7 | C18: CARBAJAL | D18: RODRIGUEZ | E18: GAEL | G18: 0 | H18: 8 | M18: =G18+I18+K18 -> 0 | N18: =(M18*100)/$P$8 -> 0 | O18: =H18+J18+L18 -> 8 | P18: =IF(AVERAGE(H18,J18,L18)<6,(5),(ROUND(AVERAGE(H18,J18,L18),0))) -> 8 | R18: =IF(N18>20,"EXTRA","ORD") -> ORD
A19: 8 | C19: CARDENAS | D19: MORENO | E19: CRISTOPHER TADEO | G19: 0 | H19: 10 | M19: =G19+I19+K19 -> 0 | N19: =(M19*100)/$P$8 -> 0 | O19: =H19+J19+L19 -> 10 | P19: =IF(AVERAGE(H19,J19,L19)<6,(5),(ROUND(AVERAGE(H19,J19,L19),0))) -> 10 | R19: =IF(N19>20,"EXTRA","ORD") -> ORD
B20: 9 | C20: CASTILLO | D20: HERNANDEZ | E20: XUNELLY | G20: 0 | H20: 5 | M20: =G20+I20+K20 -> 0 | N20: =(M20*100)/$P$8 -> 0 | O20: =H20+J20+L20 -> 5 | P20: =IF(AVERAGE(H20,J20,L20)<6,(5),(ROUND(AVERAGE(H20,J20,L20),0))) -> 5 | R20: =IF(N20>20,"EXTRA","ORD") -> ORD
B21: 10 | C21: CEREZO | D21: MORALES | E21: LOURDES YURYCO | G21: 0 | H21: 10 | M21: =G21+I21+K21 -> 0 | N21: =(M21*100)/$P$8 -> 0 | O21: =H21+J21+L21 -> 10 | P21: =IF(AVERAGE(H21,J21,L21)<6,(5),(ROUND(AVERAGE(H21,J21,L21),0))) -> 10 | R21: =IF(N21>20,"EXTRA","ORD") -> ORD
A22: 11 | C22: CONTRERAS | D22: QUIÑONES | E22: OLIVER | G22: 0 | H22: 8 | M22: =G22+I22+K22 -> 0 | N22: =(M22*100)/$P$8 -> 0 | O22: =H22+J22+L22 -> 8 | P22: =IF(AVERAGE(H22,J22,L22)<6,(5),(ROUND(AVERAGE(H22,J22,L22),0))) -> 8 | R22: =IF(N22>20,"EXTRA","ORD") -> ORD
B23: 12 | C23: CRUZ | D23: CENTENO | E23: ALEXA ABIGAIL | G23: 0 | H23: 6 | M23: =G23+I23+K23 -> 0 | N23: =(M23*100)/$P$8 -> 0 | O23: =H23+J23+L23 -> 6 | P23: =IF(AVERAGE(H23,J23,L23)<6,(5),(ROUND(AVERAGE(H23,J23,L23),0))) -> 6 | R23: =IF(N23>20,"EXTRA","ORD") -> ORD
A24: 13 | C24: CRUZ | D24: PAZ | E24: CARLOS ALFONSO | G24: 0 | H24: 5 | M24: =G24+I24+K24 -> 0 | N24: =(M24*100)/$P$8 -> 0 | O24: =H24+J24+L24 -> 5 | P24: =IF(AVERAGE(H24,J24,L24)<6,(5),(ROUND(AVERAGE(H24,J24,L24),0))) -> 5 | R24: =IF(N24>20,"EXTRA","ORD") -> ORD
B25: 14 | C25: DIAZ | D25: MOLINA | E25: EMILIANA ALESSANDRA | G25: 0 | H25: 10 | M25: =G25+I25+K25 -> 0 | N25: =(M25*100)/$P$8 -> 0 | O25: =H25+J25+L25 -> 10 | P25: =IF(AVERAGE(H25,J25,L25)<6,(5),(ROUND(AVERAGE(H25,J25,L25),0))) -> 10 | R25: =IF(N25>20,"EXTRA","ORD") -> ORD
A26: 15 | C26: DUARTE | D26: ADJUNTAS | E26: RICARDO JESUS | G26: 0 | H26: 10 | M26: =G26+I26+K26 -> 0 | N26: =(M26*100)/$P$8 -> 0 | O26: =H26+J26+L26 -> 10 | P26: =IF(AVERAGE(H26,J26,L26)<6,(5),(ROUND(AVERAGE(H26,J26,L26),0))) -> 10 | R26: =IF(N26>20,"EXTRA","ORD") -> ORD
A27: 16 | C27: ESTRADA | D27: VENEGAS | E27: DAVID RICARDO | G27: 0 | H27: 5 | M27: =G27+I27+K27 -> 0 | N27: =(M27*100)/$P$8 -> 0 | O27: =H27+J27+L27 -> 5 | P27: =IF(AVERAGE(H27,J27,L27)<6,(5),(ROUND(AVERAGE(H27,J27,L27),0))) -> 5 | R27: =IF(N27>20,"EXTRA","ORD") -> ORD
B28: 17 | C28: FLORES | D28: VARGAS | E28: FERNANDA DESSIRE | G28: 0 | H28: 7 | M28: =G28+I28+K28 -> 0 | N28: =(M28*100)/$P$8 -> 0 | O28: =H28+J28+L28 -> 7 | P28: =IF(AVERAGE(H28,J28,L28)<6,(5),(ROUND(AVERAGE(H28,J28,L28),0))) -> 7 | R28: =IF(N28>20,"EXTRA","ORD") -> ORD
A29: 18 | C29: FUENTES | D29: HERNANDEZ | E29: DIEGO ISRAEL | G29: 0 | H29: 6 | M29: =G29+I29+K29 -> 0 | N29: =(M29*100)/$P$8 -> 0 | O29: =H29+J29+L29 -> 6 | P29: =IF(AVERAGE(H29,J29,L29)<6,(5),(ROUND(AVERAGE(H29,J29,L29),0))) -> 6 | R29: =IF(N29>20,"EXTRA","ORD") -> ORD
B30: 19 | C30: GALINDO | D30: CRUZ | E30: LUISA VALENTINA | G30: 1 | H30: 6 | M30: =G30+I30+K30 -> 1 | N30: =(M30*100)/$P$8 -> 11.111111 | O30: =H30+J30+L30 -> 6 | P30: =IF(AVERAGE(H30,J30,L30)<6,(5),(ROUND(AVERAGE(H30,J30,L30),0))) -> 6 | R30: =IF(N30>20,"EXTRA","ORD") -> ORD
B31: 20 | C31: GARCIA | D31: ARELLANO | E31: YULIANA REBECA | G31: 0 | H31: 10 | M31: =G31+I31+K31 -> 0 | N31: =(M31*100)/$P$8 -> 0 | O31: =H31+J31+L31 -> 10 | P31: =IF(AVERAGE(H31,J31,L31)<6,(5),(ROUND(AVERAGE(H31,J31,L31),0))) -> 10 | R31: =IF(N31>20,"EXTRA","ORD") -> ORD
A32: 21 | C32: GARCIA | D32: PEÑA | E32: ANDREI | G32: 0 | H32: 9 | M32: =G32+I32+K32 -> 0 | N32: =(M32*100)/$P$8 -> 0 | O32: =H32+J32+L32 -> 9 | P32: =IF(AVERAGE(H32,J32,L32)<6,(5),(ROUND(AVERAGE(H32,J32,L32),0))) -> 9 | R32: =IF(N32>20,"EXTRA","ORD") -> ORD
A33: 22 | C33: GARCILAZO | D33: MARTINEZ | E33: ALFONSO | G33: 0 | H33: 6 | M33: =G33+I33+K33 -> 0 | N33: =(M33*100)/$P$8 -> 0 | O33: =H33+J33+L33 -> 6 | P33: =IF(AVERAGE(H33,J33,L33)<6,(5),(ROUND(AVERAGE(H33,J33,L33),0))) -> 6 | R33: =IF(N33>20,"EXTRA","ORD") -> ORD
A34: 23 | C34: GODOY | D34: MARQUEZ | E34: DUSTIN YALIL | G34: 1 | H34: 5 | M34: =G34+I34+K34 -> 1 | N34: =(M34*100)/$P$8 -> 11.111111 | O34: =H34+J34+L34 -> 5 | P34: =IF(AVERAGE(H34,J34,L34)<6,(5),(ROUND(AVERAGE(H34,J34,L34),0))) -> 5 | R34: =IF(N34>20,"EXTRA","ORD") -> ORD
B35: 24 | C35: GONZALEZ | D35: RAMOS | E35: FATIMA NAOMY | G35: 2 | H35: 7 | M35: =G35+I35+K35 -> 2 | N35: =(M35*100)/$P$8 -> 22.222222 | O35: =H35+J35+L35 -> 7 | P35: =IF(AVERAGE(H35,J35,L35)<6,(5),(ROUND(AVERAGE(H35,J35,L35),0))) -> 7 | R35: =IF(N35>20,"EXTRA","ORD") -> EXTRA
B36: 25 | C36: GUERRERO | D36: ORTIZ | E36: VALERIA ROMINA | G36: 0 | H36: 7 | M36: =G36+I36+K36 -> 0 | N36: =(M36*100)/$P$8 -> 0 | O36: =H36+J36+L36 -> 7 | P36: =IF(AVERAGE(H36,J36,L36)<6,(5),(ROUND(AVERAGE(H36,J36,L36),0))) -> 7 | R36: =IF(N36>20,"EXTRA","ORD") -> ORD
B37: 26 | C37: GUTIERREZ | D37: ANGELES | E37: SAMANTHA PAOLA | G37: 0 | H37: 7 | M37: =G37+I37+K37 -> 0 | N37: =(M37*100)/$P$8 -> 0 | O37: =H37+J37+L37 -> 7 | P37: =IF(AVERAGE(H37,J37,L37)<6,(5),(ROUND(AVERAGE(H37,J37,L37),0))) -> 7 | R37: =IF(N37>20,"EXTRA","ORD") -> ORD
A38: 27 | C38: HERNANDEZ | D38: VARGAS | E38: MOISES | G38: 0 | H38: 7 | M38: =G38+I38+K38 -> 0 | N38: =(M38*100)/$P$8 -> 0 | O38: =H38+J38+L38 -> 7 | P38: =IF(AVERAGE(H38,J38,L38)<6,(5),(ROUND(AVERAGE(H38,J38,L38),0))) -> 7 | R38: =IF(N38>20,"EXTRA","ORD") -> ORD
B39: 28 | C39: HERNANDEZ | D39: VIVEROS | E39: SAMANTHA SHARON | G39: 0 | H39: 8 | M39: =G39+I39+K39 -> 0 | N39: =(M39*100)/$P$8 -> 0 | O39: =H39+J39+L39 -> 8 | P39: =IF(AVERAGE(H39,J39,L39)<6,(5),(ROUND(AVERAGE(H39,J39,L39),0))) -> 8 | R39: =IF(N39>20,"EXTRA","ORD") -> ORD
B40: 29 | C40: ISLAS | D40: GARCIA | E40: MARIANA | G40: 0 | H40: 8 | M40: =G40+I40+K40 -> 0 | N40: =(M40*100)/$P$8 -> 0 | O40: =H40+J40+L40 -> 8 | P40: =IF(AVERAGE(H40,J40,L40)<6,(5),(ROUND(AVERAGE(H40,J40,L40),0))) -> 8 | R40: =IF(N40>20,"EXTRA","ORD") -> ORD
A41: 30 | C41: ISLAS | D41: VELEZ | E41: SANTIAGO | G41: 0 | H41: 8 | M41: =G41+I41+K41 -> 0 | N41: =(M41*100)/$P$8 -> 0 | O41: =H41+J41+L41 -> 8 | P41: =IF(AVERAGE(H41,J41,L41)<6,(5),(ROUND(AVERAGE(H41,J41,L41),0))) -> 8 | R41: =IF(N41>20,"EXTRA","ORD") -> ORD
A42: 31 | C42: LAGUNA | D42: ESTRADA | E42: MAEL MAXIMILIANO | G42: 0 | H42: 8 | M42: =G42+I42+K42 -> 0 | N42: =(M42*100)/$P$8 -> 0 | O42: =H42+J42+L42 -> 8 | P42: =IF(AVERAGE(H42,J42,L42)<6,(5),(ROUND(AVERAGE(H42,J42,L42),0))) -> 8 | R42: =IF(N42>20,"EXTRA","ORD") -> ORD
B43: 32 | C43: LEZAMA | D43: ALVAREZ | E43: SOFIA NIKTE | G43: 0 | H43: 6 | M43: =G43+I43+K43 -> 0 | N43: =(M43*100)/$P$8 -> 0 | O43: =H43+J43+L43 -> 6 | P43: =IF(AVERAGE(H43,J43,L43)<6,(5),(ROUND(AVERAGE(H43,J43,L43),0))) -> 6 | R43: =IF(N43>20,"EXTRA","ORD") -> ORD
B44: 33 | C44: LOZANO | D44: JUAREZ | E44: LUZ ARISDELSI | G44: 0 | H44: 8 | M44: =G44+I44+K44 -> 0 | N44: =(M44*100)/$P$8 -> 0 | O44: =H44+J44+L44 -> 8 | P44: =IF(AVERAGE(H44,J44,L44)<6,(5),(ROUND(AVERAGE(H44,J44,L44),0))) -> 8 | R44: =IF(N44>20,"EXTRA","ORD") -> ORD
A45: 34 | C45: MALDONADO | D45: CAMERONI | E45: DUSTIN ALEXANDER | G45: 2 | H45: 5 | M45: =G45+I45+K45 -> 2 | N45: =(M45*100)/$P$8 -> 22.222222 | O45: =H45+J45+L45 -> 5 | P45: =IF(AVERAGE(H45,J45,L45)<6,(5),(ROUND(AVERAGE(H45,J45,L45),0))) -> 5 | R45: =IF(N45>20,"EXTRA","ORD") -> EXTRA
B46: 35 | C46: MENA | D46: RAMOS | E46: MELANY YULIANA | G46: 0 | H46: 9 | M46: =G46+I46+K46 -> 0 | N46: =(M46*100)/$P$8 -> 0 | O46: =H46+J46+L46 -> 9 | P46: =IF(AVERAGE(H46,J46,L46)<6,(5),(ROUND(AVERAGE(H46,J46,L46),0))) -> 9 | R46: =IF(N46>20,"EXTRA","ORD") -> ORD
A47: 36 | C47: MUÑOZ | D47: FLORES | E47: ALEJANDRO | G47: 0 | H47: 8 | M47: =G47+I47+K47 -> 0 | N47: =(M47*100)/$P$8 -> 0 | O47: =H47+J47+L47 -> 8 | P47: =IF(AVERAGE(H47,J47,L47)<6,(5),(ROUND(AVERAGE(H47,J47,L47),0))) -> 8 | R47: =IF(N47>20,"EXTRA","ORD") -> ORD
A48: 37 | C48: MUÑOZ | D48: MAGAÑA | E48: SANTIAGO | G48: 0 | H48: 10 | M48: =G48+I48+K48 -> 0 | N48: =(M48*100)/$P$8 -> 0 | O48: =H48+J48+L48 -> 10 | P48: =IF(AVERAGE(H48,J48,L48)<6,(5),(ROUND(AVERAGE(H48,J48,L48),0))) -> 10 | R48: =IF(N48>20,"EXTRA","ORD") -> ORD
B49: 38 | C49: MUÑOZ | D49: MAGAÑA | E49: XIMENA | G49: 0 | H49: 7 | M49: =G49+I49+K49 -> 0 | N49: =(M49*100)/$P$8 -> 0 | O49: =H49+J49+L49 -> 7 | P49: =IF(AVERAGE(H49,J49,L49)<6,(5),(ROUND(AVERAGE(H49,J49,L49),0))) -> 7 | R49: =IF(N49>20,"EXTRA","ORD") -> ORD
A50: 39 | C50: OLVERA | D50: CRUZ | E50: LUCIO ENRIQUE | G50: 0 | H50: 10 | M50: =G50+I50+K50 -> 0 | N50: =(M50*100)/$P$8 -> 0 | O50: =H50+J50+L50 -> 10 | P50: =IF(AVERAGE(H50,J50,L50)<6,(5),(ROUND(AVERAGE(H50,J50,L50),0))) -> 10 | R50: =IF(N50>20,"EXTRA","ORD") -> ORD
B51: 40 | C51: OSORIO | D51: SANCHEZ | E51: PAULA | G51: 0 | H51: 7 | M51: =G51+I51+K51 -> 0 | N51: =(M51*100)/$P$8 -> 0 | O51: =H51+J51+L51 -> 7 | P51: =IF(AVERAGE(H51,J51,L51)<6,(5),(ROUND(AVERAGE(H51,J51,L51),0))) -> 7 | R51: =IF(N51>20,"EXTRA","ORD") -> ORD
A52: 41 | C52: PACHECO | D52: GONZALEZ | E52: DYLAN ALEXANDER | G52: 0 | H52: 7 | M52: =G52+I52+K52 -> 0 | N52: =(M52*100)/$P$8 -> 0 | O52: =H52+J52+L52 -> 7 | P52: =IF(AVERAGE(H52,J52,L52)<6,(5),(ROUND(AVERAGE(H52,J52,L52),0))) -> 7 | R52: =IF(N52>20,"EXTRA","ORD") -> ORD
A53: 42 | C53: RADILLA | D53: HERNANDEZ | E53: SANTIAGO GAMALIEL | G53: 0 | H53: 8 | M53: =G53+I53+K53 -> 0 | N53: =(M53*100)/$P$8 -> 0 | O53: =H53+J53+L53 -> 8 | P53: =IF(AVERAGE(H53,J53,L53)<6,(5),(ROUND(AVERAGE(H53,J53,L53),0))) -> 8 | R53: =IF(N53>20,"EXTRA","ORD") -> ORD
A54: 43 | C54: RAMIREZ | D54: RODRIGUEZ | E54: BRUNO | G54: 0 | H54: 10 | M54: =G54+I54+K54 -> 0 | N54: =(M54*100)/$P$8 -> 0 | O54: =H54+J54+L54 -> 10 | P54: =IF(AVERAGE(H54,J54,L54)<6,(5),(ROUND(AVERAGE(H54,J54,L54),0))) -> 10 | R54: =IF(N54>20,"EXTRA","ORD") -> ORD
B55: 44 | C55: ROMERO | D55: DOMINGEZ | E55: SARA DANIELA | G55: 0 | H55: 10 | M55: =G55+I55+K55 -> 0 | N55: =(M55*100)/$P$8 -> 0 | O55: =H55+J55+L55 -> 10 | P55: =IF(AVERAGE(H55,J55,L55)<6,(5),(ROUND(AVERAGE(H55,J55,L55),0))) -> 10 | R55: =IF(N55>20,"EXTRA","ORD") -> ORD
A56: 45 | C56: RUBIO | D56: HERNANDEZ | E56: AZAEL ALEJANDRO | G56: 0 | H56: 7 | M56: =G56+I56+K56 -> 0 | N56: =(M56*100)/$P$8 -> 0 | O56: =H56+J56+L56 -> 7 | P56: =IF(AVERAGE(H56,J56,L56)<6,(5),(ROUND(AVERAGE(H56,J56,L56),0))) -> 7 | R56: =IF(N56>20,"EXTRA","ORD") -> ORD
A57: 46 | C57: RUIZ | D57: MENDOZA | E57: ANDREE JAEL | G57: 0 | H57: 5 | M57: =G57+I57+K57 -> 0 | N57: =(M57*100)/$P$8 -> 0 | O57: =H57+J57+L57 -> 5 | P57: =IF(AVERAGE(H57,J57,L57)<6,(5),(ROUND(AVERAGE(H57,J57,L57),0))) -> 5 | R57: =IF(N57>20,"EXTRA","ORD") -> ORD
B58: 47 | C58: SANCHEZ | D58: JIMENEZ | E58: LILI | G58: 0 | H58: 8 | M58: =G58+I58+K58 -> 0 | N58: =(M58*100)/$P$8 -> 0 | O58: =H58+J58+L58 -> 8 | P58: =IF(AVERAGE(H58,J58,L58)<6,(5),(ROUND(AVERAGE(H58,J58,L58),0))) -> 8 | R58: =IF(N58>20,"EXTRA","ORD") -> ORD
B59: 48 | C59: SANTILLAN | D59: HUERTA | E59: DULCE ELEONOR | G59: 0 | H59: 10 | M59: =G59+I59+K59 -> 0 | N59: =(M59*100)/$P$8 -> 0 | O59: =H59+J59+L59 -> 10 | P59: =IF(AVERAGE(H59,J59,L59)<6,(5),(ROUND(AVERAGE(H59,J59,L59),0))) -> 10 | R59: =IF(N59>20,"EXTRA","ORD") -> ORD
A60: 49 | C60: SUAZO | D60: RIOS | E60: SANTIAGO | G60: 0 | H60: 10 | M60: =G60+I60+K60 -> 0 | N60: =(M60*100)/$P$8 -> 0 | O60: =H60+J60+L60 -> 10 | P60: =IF(AVERAGE(H60,J60,L60)<6,(5),(ROUND(AVERAGE(H60,J60,L60),0))) -> 10 | R60: =IF(N60>20,"EXTRA","ORD") -> ORD
A61: 50 | C61: TOVAR | D61: CENTENO | E61: MARCOS ARIEL | G61: 0 | H61: 10 | M61: =G61+I61+K61 -> 0 | N61: =(M61*100)/$P$8 -> 0 | O61: =H61+J61+L61 -> 10 | P61: =IF(AVERAGE(H61,J61,L61)<6,(5),(ROUND(AVERAGE(H61,J61,L61),0))) -> 10 | R61: =IF(N61>20,"EXTRA","ORD") -> ORD
A62: 51 | C62: TREJO | D62: VELAZQUEZ | E62: SEBASTIAN | G62: 0 | H62: 9 | M62: =G62+I62+K62 -> 0 | N62: =(M62*100)/$P$8 -> 0 | O62: =H62+J62+L62 -> 9 | P62: =IF(AVERAGE(H62,J62,L62)<6,(5),(ROUND(AVERAGE(H62,J62,L62),0))) -> 9 | R62: =IF(N62>20,"EXTRA","ORD") -> ORD
A63: 52 | C63: VARGAS | D63: HERNANDEZ | E63: VICTOR ALFONSO | G63: 0 | H63: 10 | M63: =G63+I63+K63 -> 0 | N63: =(M63*100)/$P$8 -> 0 | O63: =H63+J63+L63 -> 10 | P63: =IF(AVERAGE(H63,J63,L63)<6,(5),(ROUND(AVERAGE(H63,J63,L63),0))) -> 10 | R63: =IF(N63>20,"EXTRA","ORD") -> ORD
B64: 53 | C64: VARGAS | D64: LUNA | E64: RENATA CAROLINA | G64: 0 | H64: 9 | M64: =G64+I64+K64 -> 0 | N64: =(M64*100)/$P$8 -> 0 | O64: =H64+J64+L64 -> 9 | P64: =IF(AVERAGE(H64,J64,L64)<6,(5),(ROUND(AVERAGE(H64,J64,L64),0))) -> 9 | R64: =IF(N64>20,"EXTRA","ORD") -> ORD
E65: Totales | G65: =SUM(G12:G64) -> 6 | H65: =AVERAGE(H12:H64) -> 7.8867925 | I65: =SUM(I12:I64) -> 0 | J65: =AVERAGE(J12:J64) -> #DIV/0! | K65: =SUM(K12:K64) -> 0 | L65: =AVERAGE(L12:L64) -> #DIV/0! | M65: =SUM(M12:M64) -> 6 | N65: PROMEDIO FINAL | P65: =AVERAGE(P6:P64) -> 7.9074074 | R65: =IF(M65>20,"EXTRA","ORD") -> ORD
A66: H | B66: M | E66: APROBADOS | H66: =COUNTIF(H12:H64,">5") -> 47 | J66: =COUNTIF(J12:J64,">5") -> 0 | L66: =COUNTIF(L12:L64,">5") -> 0 | N66: APROBADOS FINAL | P66: =COUNTIF(P12:P64,">5") -> 47
A67: =COUNT(A12:A64) -> 28 | B67: =COUNT(B12:B64) -> 25 | E67: REPROBADOS | H67: =COUNTIF(H12:H64,5) -> 6 | J67: =COUNTIF(J12:J64,5) -> 0 | L67: =COUNTIF(L12:L64,5) -> 0 | N67: EXTRAORDINARIOS | P67: =COUNTIF(P12:P64,5) -> 6
E68: % APROVECHAMIENTO | H68: =H66*100/H9 -> 88.679245 | J68: =J66*100/H9 -> 0 | L68: =L66*100/H9 -> 0 | N68: APROVECH FINAL | P68: =P66*100/H9 -> 88.679245
N69: % FALTAS | P69: =AVERAGE(N12:N64) -> 1.2578616
N70: % ASISTENCIA | P70: =100-P69 -> 98.742138

Sheet 1-1 pensamiento filosofico y hu
O1: HORAS IMPARTIDAS
C2: ORIENTADOR | D2: JOSE EDGAR SALAZAR ZUÑIGA | H2: ESCUELA PREPARATORIA OFICIAL NÚM.67 | O2: Febrero
H3: “2026. Año del Humanismo Mexicano en el Estado de México ”. | O3: Marzo | P3: 12
H4: CICLO ESCOLAR: 2025 -2026 | O4: Abril
E5: TURNO : | G5: MATUTINO | J5: Grado | K5: 1° | L5: Grupo | M5: 1 | O5: Mayo
E6: PROFESOR(A): | K6: UAC | L6: PENSAMIENTO FILOSÓFICO Y HUMANIDADES II | O6: Junio
G7: HOMBRES | H7: =A67 -> 28 | O7: Julio
G8: MUJERES | H8: =B67 -> 25 | O8: TOTAL | P8: =SUM(P2:P7) -> 12
G9: TOTAL | H9: =H7+H8 -> 53
A10: N | B10: P | C10: NOMBRE DEL ALUMNO | G10: PRIMERA EVALUACIÓN | I10: SEGUNDA EVALUACIÓN | K10: TERCERA EVALUACIÓN | M10: EVALUACIÓN FINAL
A11: H | B11: M | G11: FALTAS | H11: CALIF. | I11: FALTAS | J11: CALIF. | K11: FALTAS | L11: CALIF. | M11: TOT. DE FALTAS | N11: % FALTAS | O11: TOTAL DE PUNTOS | P11: CALIF. FINAL | Q11: FIRMA DEL ALUMNO | R11: ESTATUS
B12: 1 | C12: ALVAREZ | D12: HERNANDEZ | E12: DAYANNA ZOE | G12: 0 | H12: 7 | M12: =G12+I12+K12 -> 0 | N12: =(M12*100)/$P$8 -> 0 | O12: =H12+J12+L12 -> 7 | P12: =IF(AVERAGE(H12,J12,L12)<6,(5),(ROUND(AVERAGE(H12,J12,L12),0))) -> 7 | R12: =IF(N12>20,"EXTRA","ORD") -> ORD
B13: 2 | C13: ANAYA | D13: LEAL | E13: ANA IXCHEL | G13: 0 | H13: 10 | M13: =G13+I13+K13 -> 0 | N13: =(M13*100)/$P$8 -> 0 | O13: =H13+J13+L13 -> 10 | P13: =IF(AVERAGE(H13,J13,L13)<6,(5),(ROUND(AVERAGE(H13,J13,L13),0))) -> 10 | R13: =IF(N13>20,"EXTRA","ORD") -> ORD
B14: 3 | C14: ARIAS | D14: APARICIO | E14: AILISH ELIZABETH | G14: 0 | H14: 10 | M14: =G14+I14+K14 -> 0 | N14: =(M14*100)/$P$8 -> 0 | O14: =H14+J14+L14 -> 10 | P14: =IF(AVERAGE(H14,J14,L14)<6,(5),(ROUND(AVERAGE(H14,J14,L14),0))) -> 10 | R14: =IF(N14>20,"EXTRA","ORD") -> ORD
A15: 4 | C15: ARRAZOLA | D15: ROMERO | E15: DIEGO IVAN | G15: 0 | H15: 6 | M15: =G15+I15+K15 -> 0 | N15: =(M15*100)/$P$8 -> 0 | O15: =H15+J15+L15 -> 6 | P15: =IF(AVERAGE(H15,J15,L15)<6,(5),(ROUND(AVERAGE(H15,J15,L15),0))) -> 6 | R15: =IF(N15>20,"EXTRA","ORD") -> ORD
A16: 5 | C16: ARREDONDO | D16: LOREDO | E16: JOSHUA JAAFET | G16: 0 | H16: 8 | M16: =G16+I16+K16 -> 0 | N16: =(M16*100)/$P$8 -> 0 | O16: =H16+J16+L16 -> 8 | P16: =IF(AVERAGE(H16,J16,L16)<6,(5),(ROUND(AVERAGE(H16,J16,L16),0))) -> 8 | R16: =IF(N16>20,"EXTRA","ORD") -> ORD
B17: 6 | C17: AVILES | D17: ACOSTA | E17: ARELI | G17: 0 | H17: 8 | M17: =G17+I17+K17 -> 0 | N17: =(M17*100)/$P$8 -> 0 | O17: =H17+J17+L17 -> 8 | P17: =IF(AVERAGE(H17,J17,L17)<6,(5),(ROUND(AVERAGE(H17,J17,L17),0))) -> 8 | R17: =IF(N17>20,"EXTRA","ORD") -> ORD
A18: 7 | C18: CARBAJAL | D18: RODRIGUEZ | E18: GAEL | G18: 0 | H18: 8 | M18: =G18+I18+K18 -> 0 | N18: =(M18*100)/$P$8 -> 0 | O18: =H18+J18+L18 -> 8 | P18: =IF(AVERAGE(H18,J18,L18)<6,(5),(ROUND(AVERAGE(H18,J18,L18),0))) -> 8 | R18: =IF(N18>20,"EXTRA","ORD") -> ORD
A19: 8 | C19: CARDENAS | D19: MORENO | E19: CRISTOPHER TADEO | G19: 0 | H19: 10 | M19: =G19+I19+K19 -> 0 | N19: =(M19*100)/$P$8 -> 0 | O19: =H19+J19+L19 -> 10 | P19: =IF(AVERAGE(H19,J19,L19)<6,(5),(ROUND(AVERAGE(H19,J19,L19),0))) -> 10 | R19: =IF(N19>20,"EXTRA","ORD") -> ORD
B20: 9 | C20: CASTILLO | D20: HERNANDEZ | E20: XUNELLY | G20: 0 | H20: 5 | M20: =G20+I20+K20 -> 0 | N20: =(M20*100)/$P$8 -> 0 | O20: =H20+J20+L20 -> 5 | P20: =IF(AVERAGE(H20,J20,L20)<6,(5),(ROUND(AVERAGE(H20,J20,L20),0))) -> 5 | R20: =IF(N20>20,"EXTRA","ORD") -> ORD
B21: 10 | C21: CEREZO | D21: MORALES | E21: LOURDES YURYCO | G21: 0 | H21: 10 | M21: =G21+I21+K21 -> 0 | N21: =(M21*100)/$P$8 -> 0 | O21: =H21+J21+L21 -> 10 | P21: =IF(AVERAGE(H21,J21,L21)<6,(5),(ROUND(AVERAGE(H21,J21,L21),0))) -> 10 | R21: =IF(N21>20,"EXTRA","ORD") -> ORD
A22: 11 | C22: CONTRERAS | D22: QUIÑONES | E22: OLIVER | G22: 0 | H22: 8 | M22: =G22+I22+K22 -> 0 | N22: =(M22*100)/$P$8 -> 0 | O22: =H22+J22+L22 -> 8 | P22: =IF(AVERAGE(H22,J22,L22)<6,(5),(ROUND(AVERAGE(H22,J22,L22),0))) -> 8 | R22: =IF(N22>20,"EXTRA","ORD") -> ORD
B23: 12 | C23: CRUZ | D23: CENTENO | E23: ALEXA ABIGAIL | G23: 0 | H23: 6 | M23: =G23+I23+K23 -> 0 | N23: =(M23*100)/$P$8 -> 0 | O23: =H23+J23+L23 -> 6 | P23: =IF(AVERAGE(H23,J23,L23)<6,(5),(ROUND(AVERAGE(H23,J23,L23),0))) -> 6 | R23: =IF(N23>20,"EXTRA","ORD") -> ORD
A24: 13 | C24: CRUZ | D24: PAZ | E24: CARLOS ALFONSO | G24: 0 | H24: 5 | M24: =G24+I24+K24 -> 0 | N24: =(M24*100)/$P$8 -> 0 | O24: =H24+J24+L24 -> 5 | P24: =IF(AVERAGE(H24,J24,L24)<6,(5),(ROUND(AVERAGE(H24,J24,L24),0))) -> 5 | R24: =IF(N24>20,"EXTRA","ORD") -> ORD
B25: 14 | C25: DIAZ | D25: MOLINA | E25: EMILIANA ALESSANDRA | G25: 0 | H25: 10 | M25: =G25+I25+K25 -> 0 | N25: =(M25*100)/$P$8 -> 0 | O25: =H25+J25+L25 -> 10 | P25: =IF(AVERAGE(H25,J25,L25)<6,(5),(ROUND(AVERAGE(H25,J25,L25),0))) -> 10 | R25: =IF(N25>20,"EXTRA","ORD") -> ORD
A26: 15 | C26: DUARTE | D26: ADJUNTAS | E26: RICARDO JESUS | G26: 0 | H26: 10 | M26: =G26+I26+K26 -> 0 | N26: =(M26*100)/$P$8 -> 0 | O26: =H26+J26+L26 -> 10 | P26: =IF(AVERAGE(H26,J26,L26)<6,(5),(ROUND(AVERAGE(H26,J26,L26),0))) -> 10 | R26: =IF(N26>20,"EXTRA","ORD") -> ORD
A27: 16 | C27: ESTRADA | D27: VENEGAS | E27: DAVID RICARDO | G27: 0 | H27: 5 | M27: =G27+I27+K27 -> 0 | N27: =(M27*100)/$P$8 -> 0 | O27: =H27+J27+L27 -> 5 | P27: =IF(AVERAGE(H27,J27,L27)<6,(5),(ROUND(AVERAGE(H27,J27,L27),0))) -> 5 | R27: =IF(N27>20,"EXTRA","ORD") -> ORD
B28: 17 | C28: FLORES | D28: VARGAS | E28: FERNANDA DESSIRE | G28: 0 | H28: 7 | M28: =G28+I28+K28 -> 0 | N28: =(M28*100)/$P$8 -> 0 | O28: =H28+J28+L28 -> 7 | P28: =IF(AVERAGE(H28,J28,L28)<6,(5),(ROUND(AVERAGE(H28,J28,L28),0))) -> 7 | R28: =IF(N28>20,"EXTRA","ORD") -> ORD
A29: 18 | C29: FUENTES | D29: HERNANDEZ | E29: DIEGO ISRAEL | G29: 0 | H29: 6 | M29: =G29+I29+K29 -> 0 | N29: =(M29*100)/$P$8 -> 0 | O29: =H29+J29+L29 -> 6 | P29: =IF(AVERAGE(H29,J29,L29)<6,(5),(ROUND(AVERAGE(H29,J29,L29),0))) -> 6 | R29: =IF(N29>20,"EXTRA","ORD") -> ORD
B30: 19 | C30: GALINDO | D30: CRUZ | E30: LUISA VALENTINA | G30: 1 | H30: 6 | M30: =G30+I30+K30 -> 1 | N30: =(M30*100)/$P$8 -> 8.3333333 | O30: =H30+J30+L30 -> 6 | P30: =IF(AVERAGE(H30,J30,L30)<6,(5),(ROUND(AVERAGE(H30,J30,L30),0))) -> 6 | R30: =IF(N30>20,"EXTRA","ORD") -> ORD
B31: 20 | C31: GARCIA | D31: ARELLANO | E31: YULIANA REBECA | G31: 0 | H31: 10 | M31: =G31+I31+K31 -> 0 | N31: =(M31*100)/$P$8 -> 0 | O31: =H31+J31+L31 -> 10 | P31: =IF(AVERAGE(H31,J31,L31)<6,(5),(ROUND(AVERAGE(H31,J31,L31),0))) -> 10 | R31: =IF(N31>20,"EXTRA","ORD") -> ORD
A32: 21 | C32: GARCIA | D32: PEÑA | E32: ANDREI | G32: 0 | H32: 9 | M32: =G32+I32+K32 -> 0 | N32: =(M32*100)/$P$8 -> 0 | O32: =H32+J32+L32 -> 9 | P32: =IF(AVERAGE(H32,J32,L32)<6,(5),(ROUND(AVERAGE(H32,J32,L32),0))) -> 9 | R32: =IF(N32>20,"EXTRA","ORD") -> ORD
A33: 22 | C33: GARCILAZO | D33: MARTINEZ | E33: ALFONSO | G33: 0 | H33: 6 | M33: =G33+I33+K33 -> 0 | N33: =(M33*100)/$P$8 -> 0 | O33: =H33+J33+L33 -> 6 | P33: =IF(AVERAGE(H33,J33,L33)<6,(5),(ROUND(AVERAGE(H33,J33,L33),0))) -> 6 | R33: =IF(N33>20,"EXTRA","ORD") -> ORD
A34: 23 | C34: GODOY | D34: MARQUEZ | E34: DUSTIN YALIL | G34: 1 | H34: 5 | M34: =G34+I34+K34 -> 1 | N34: =(M34*100)/$P$8 -> 8.3333333 | O34: =H34+J34+L34 -> 5 | P34: =IF(AVERAGE(H34,J34,L34)<6,(5),(ROUND(AVERAGE(H34,J34,L34),0))) -> 5 | R34: =IF(N34>20,"EXTRA","ORD") -> ORD
B35: 24 | C35: GONZALEZ | D35: RAMOS | E35: FATIMA NAOMY | G35: 2 | H35: 7 | M35: =G35+I35+K35 -> 2 | N35: =(M35*100)/$P$8 -> 16.666667 | O35: =H35+J35+L35 -> 7 | P35: =IF(AVERAGE(H35,J35,L35)<6,(5),(ROUND(AVERAGE(H35,J35,L35),0))) -> 7 | R35: =IF(N35>20,"EXTRA","ORD") -> ORD
B36: 25 | C36: GUERRERO | D36: ORTIZ | E36: VALERIA ROMINA | G36: 0 | H36: 7 | M36: =G36+I36+K36 -> 0 | N36: =(M36*100)/$P$8 -> 0 | O36: =H36+J36+L36 -> 7 | P36: =IF(AVERAGE(H36,J36,L36)<6,(5),(ROUND(AVERAGE(H36,J36,L36),0))) -> 7 | R36: =IF(N36>20,"EXTRA","ORD") -> ORD
B37: 26 | C37: GUTIERREZ | D37: ANGELES | E37: SAMANTHA PAOLA | G37: 0 | H37: 7 | M37: =G37+I37+K37 -> 0 | N37: =(M37*100)/$P$8 -> 0 | O37: =H37+J37+L37 -> 7 | P37: =IF(AVERAGE(H37,J37,L37)<6,(5),(ROUND(AVERAGE(H37,J37,L37),0))) -> 7 | R37: =IF(N37>20,"EXTRA","ORD") -> ORD
A38: 27 | C38: HERNANDEZ | D38: VARGAS | E38: MOISES | G38: 0 | H38: 7 | M38: =G38+I38+K38 -> 0 | N38: =(M38*100)/$P$8 -> 0 | O38: =H38+J38+L38 -> 7 | P38: =IF(AVERAGE(H38,J38,L38)<6,(5),(ROUND(AVERAGE(H38,J38,L38),0))) -> 7 | R38: =IF(N38>20,"EXTRA","ORD") -> ORD
B39: 28 | C39: HERNANDEZ | D39: VIVEROS | E39: SAMANTHA SHARON | G39: 0 | H39: 8 | M39: =G39+I39+K39 -> 0 | N39: =(M39*100)/$P$8 -> 0 | O39: =H39+J39+L39 -> 8 | P39: =IF(AVERAGE(H39,J39,L39)<6,(5),(ROUND(AVERAGE(H39,J39,L39),0))) -> 8 | R39: =IF(N39>20,"EXTRA","ORD") -> ORD
B40: 29 | C40: ISLAS | D40: GARCIA | E40: MARIANA | G40: 0 | H40: 8 | M40: =G40+I40+K40 -> 0 | N40: =(M40*100)/$P$8 -> 0 | O40: =H40+J40+L40 -> 8 | P40: =IF(AVERAGE(H40,J40,L40)<6,(5),(ROUND(AVERAGE(H40,J40,L40),0))) -> 8 | R40: =IF(N40>20,"EXTRA","ORD") -> ORD
A41: 30 | C41: ISLAS | D41: VELEZ | E41: SANTIAGO | G41: 0 | H41: 8 | M41: =G41+I41+K41 -> 0 | N41: =(M41*100)/$P$8 -> 0 | O41: =H41+J41+L41 -> 8 | P41: =IF(AVERAGE(H41,J41,L41)<6,(5),(ROUND(AVERAGE(H41,J41,L41),0))) -> 8 | R41: =IF(N41>20,"EXTRA","ORD") -> ORD
A42: 31 | C42: LAGUNA | D42: ESTRADA | E42: MAEL MAXIMILIANO | G42: 0 | H42: 8 | M42: =G42+I42+K42 -> 0 | N42: =(M42*100)/$P$8 -> 0 | O42: =H42+J42+L42 -> 8 | P42: =IF(AVERAGE(H42,J42,L42)<6,(5),(ROUND(AVERAGE(H42,J42,L42),0))) -> 8 | R42: =IF(N42>20,"EXTRA","ORD") -> ORD
B43: 32 | C43: LEZAMA | D43: ALVAREZ | E43: SOFIA NIKTE | G43: 0 | H43: 6 | M43: =G43+I43+K43 -> 0 | N43: =(M43*100)/$P$8 -> 0 | O43: =H43+J43+L43 -> 6 | P43: =IF(AVERAGE(H43,J43,L43)<6,(5),(ROUND(AVERAGE(H43,J43,L43),0))) -> 6 | R43: =IF(N43>20,"EXTRA","ORD") -> ORD
B44: 33 | C44: LOZANO | D44: JUAREZ | E44: LUZ ARISDELSI | G44: 0 | H44: 8 | M44: =G44+I44+K44 -> 0 | N44: =(M44*100)/$P$8 -> 0 | O44: =H44+J44+L44 -> 8 | P44: =IF(AVERAGE(H44,J44,L44)<6,(5),(ROUND(AVERAGE(H44,J44,L44),0))) -> 8 | R44: =IF(N44>20,"EXTRA","ORD") -> ORD
A45: 34 | C45: MALDONADO | D45: CAMERONI | E45: DUSTIN ALEXANDER | G45: 2 | H45: 5 | M45: =G45+I45+K45 -> 2 | N45: =(M45*100)/$P$8 -> 16.666667 | O45: =H45+J45+L45 -> 5 | P45: =IF(AVERAGE(H45,J45,L45)<6,(5),(ROUND(AVERAGE(H45,J45,L45),0))) -> 5 | R45: =IF(N45>20,"EXTRA","ORD") -> ORD
B46: 35 | C46: MENA | D46: RAMOS | E46: MELANY YULIANA | G46: 0 | H46: 9 | M46: =G46+I46+K46 -> 0 | N46: =(M46*100)/$P$8 -> 0 | O46: =H46+J46+L46 -> 9 | P46: =IF(AVERAGE(H46,J46,L46)<6,(5),(ROUND(AVERAGE(H46,J46,L46),0))) -> 9 | R46: =IF(N46>20,"EXTRA","ORD") -> ORD
A47: 36 | C47: MUÑOZ | D47: FLORES | E47: ALEJANDRO | G47: 0 | H47: 8 | M47: =G47+I47+K47 -> 0 | N47: =(M47*100)/$P$8 -> 0 | O47: =H47+J47+L47 -> 8 | P47: =IF(AVERAGE(H47,J47,L47)<6,(5),(ROUND(AVERAGE(H47,J47,L47),0))) -> 8 | R47: =IF(N47>20,"EXTRA","ORD") -> ORD
A48: 37 | C48: MUÑOZ | D48: MAGAÑA | E48: SANTIAGO | G48: 0 | H48: 10 | M48: =G48+I48+K48 -> 0 | N48: =(M48*100)/$P$8 -> 0 | O48: =H48+J48+L48 -> 10 | P48: =IF(AVERAGE(H48,J48,L48)<6,(5),(ROUND(AVERAGE(H48,J48,L48),0))) -> 10 | R48: =IF(N48>20,"EXTRA","ORD") -> ORD
B49: 38 | C49: MUÑOZ | D49: MAGAÑA | E49: XIMENA | G49: 0 | H49: 7 | M49: =G49+I49+K49 -> 0 | N49: =(M49*100)/$P$8 -> 0 | O49: =H49+J49+L49 -> 7 | P49: =IF(AVERAGE(H49,J49,L49)<6,(5),(ROUND(AVERAGE(H49,J49,L49),0))) -> 7 | R49: =IF(N49>20,"EXTRA","ORD") -> ORD
A50: 39 | C50: OLVERA | D50: CRUZ | E50: LUCIO ENRIQUE | G50: 0 | H50: 10 | M50: =G50+I50+K50 -> 0 | N50: =(M50*100)/$P$8 -> 0 | O50: =H50+J50+L50 -> 10 | P50: =IF(AVERAGE(H50,J50,L50)<6,(5),(ROUND(AVERAGE(H50,J50,L50),0))) -> 10 | R50: =IF(N50>20,"EXTRA","ORD") -> ORD
B51: 40 | C51: OSORIO | D51: SANCHEZ | E51: PAULA | G51: 0 | H51: 7 | M51: =G51+I51+K51 -> 0 | N51: =(M51*100)/$P$8 -> 0 | O51: =H51+J51+L51 -> 7 | P51: =IF(AVERAGE(H51,J51,L51)<6,(5),(ROUND(AVERAGE(H51,J51,L51),0))) -> 7 | R51: =IF(N51>20,"EXTRA","ORD") -> ORD
A52: 41 | C52: PACHECO | D52: GONZALEZ | E52: DYLAN ALEXANDER | G52: 0 | H52: 7 | M52: =G52+I52+K52 -> 0 | N52: =(M52*100)/$P$8 -> 0 | O52: =H52+J52+L52 -> 7 | P52: =IF(AVERAGE(H52,J52,L52)<6,(5),(ROUND(AVERAGE(H52,J52,L52),0))) -> 7 | R52: =IF(N52>20,"EXTRA","ORD") -> ORD
A53: 42 | C53: RADILLA | D53: HERNANDEZ | E53: SANTIAGO GAMALIEL | G53: 0 | H53: 8 | M53: =G53+I53+K53 -> 0 | N53: =(M53*100)/$P$8 -> 0 | O53: =H53+J53+L53 -> 8 | P53: =IF(AVERAGE(H53,J53,L53)<6,(5),(ROUND(AVERAGE(H53,J53,L53),0))) -> 8 | R53: =IF(N53>20,"EXTRA","ORD") -> ORD
A54: 43 | C54: RAMIREZ | D54: RODRIGUEZ | E54: BRUNO | G54: 0 | H54: 10 | M54: =G54+I54+K54 -> 0 | N54: =(M54*100)/$P$8 -> 0 | O54: =H54+J54+L54 -> 10 | P54: =IF(AVERAGE(H54,J54,L54)<6,(5),(ROUND(AVERAGE(H54,J54,L54),0))) -> 10 | R54: =IF(N54>20,"EXTRA","ORD") -> ORD
B55: 44 | C55: ROMERO | D55: DOMINGEZ | E55: SARA DANIELA | G55: 0 | H55: 10 | M55: =G55+I55+K55 -> 0 | N55: =(M55*100)/$P$8 -> 0 | O55: =H55+J55+L55 -> 10 | P55: =IF(AVERAGE(H55,J55,L55)<6,(5),(ROUND(AVERAGE(H55,J55,L55),0))) -> 10 | R55: =IF(N55>20,"EXTRA","ORD") -> ORD
A56: 45 | C56: RUBIO | D56: HERNANDEZ | E56: AZAEL ALEJANDRO | G56: 0 | H56: 7 | M56: =G56+I56+K56 -> 0 | N56: =(M56*100)/$P$8 -> 0 | O56: =H56+J56+L56 -> 7 | P56: =IF(AVERAGE(H56,J56,L56)<6,(5),(ROUND(AVERAGE(H56,J56,L56),0))) -> 7 | R56: =IF(N56>20,"EXTRA","ORD") -> ORD
A57: 46 | C57: RUIZ | D57: MENDOZA | E57: ANDREE JAEL | G57: 0 | H57: 5 | M57: =G57+I57+K57 -> 0 | N57: =(M57*100)/$P$8 -> 0 | O57: =H57+J57+L57 -> 5 | P57: =IF(AVERAGE(H57,J57,L57)<6,(5),(ROUND(AVERAGE(H57,J57,L57),0))) -> 5 | R57: =IF(N57>20,"EXTRA","ORD") -> ORD
B58: 47 | C58: SANCHEZ | D58: JIMENEZ | E58: LILI | G58: 0 | H58: 8 | M58: =G58+I58+K58 -> 0 | N58: =(M58*100)/$P$8 -> 0 | O58: =H58+J58+L58 -> 8 | P58: =IF(AVERAGE(H58,J58,L58)<6,(5),(ROUND(AVERAGE(H58,J58,L58),0))) -> 8 | R58: =IF(N58>20,"EXTRA","ORD") -> ORD
B59: 48 | C59: SANTILLAN | D59: HUERTA | E59: DULCE ELEONOR | G59: 0 | H59: 10 | M59: =G59+I59+K59 -> 0 | N59: =(M59*100)/$P$8 -> 0 | O59: =H59+J59+L59 -> 10 | P59: =IF(AVERAGE(H59,J59,L59)<6,(5),(ROUND(AVERAGE(H59,J59,L59),0))) -> 10 | R59: =IF(N59>20,"EXTRA","ORD") -> ORD
A60: 49 | C60: SUAZO | D60: RIOS | E60: SANTIAGO | G60: 0 | H60: 10 | M60: =G60+I60+K60 -> 0 | N60: =(M60*100)/$P$8 -> 0 | O60: =H60+J60+L60 -> 10 | P60: =IF(AVERAGE(H60,J60,L60)<6,(5),(ROUND(AVERAGE(H60,J60,L60),0))) -> 10 | R60: =IF(N60>20,"EXTRA","ORD") -> ORD
A61: 50 | C61: TOVAR | D61: CENTENO | E61: MARCOS ARIEL | G61: 0 | H61: 10 | M61: =G61+I61+K61 -> 0 | N61: =(M61*100)/$P$8 -> 0 | O61: =H61+J61+L61 -> 10 | P61: =IF(AVERAGE(H61,J61,L61)<6,(5),(ROUND(AVERAGE(H61,J61,L61),0))) -> 10 | R61: =IF(N61>20,"EXTRA","ORD") -> ORD
A62: 51 | C62: TREJO | D62: VELAZQUEZ | E62: SEBASTIAN | G62: 0 | H62: 9 | M62: =G62+I62+K62 -> 0 | N62: =(M62*100)/$P$8 -> 0 | O62: =H62+J62+L62 -> 9 | P62: =IF(AVERAGE(H62,J62,L62)<6,(5),(ROUND(AVERAGE(H62,J62,L62),0))) -> 9 | R62: =IF(N62>20,"EXTRA","ORD") -> ORD
A63: 52 | C63: VARGAS | D63: HERNANDEZ | E63: VICTOR ALFONSO | G63: 0 | H63: 10 | M63: =G63+I63+K63 -> 0 | N63: =(M63*100)/$P$8 -> 0 | O63: =H63+J63+L63 -> 10 | P63: =IF(AVERAGE(H63,J63,L63)<6,(5),(ROUND(AVERAGE(H63,J63,L63),0))) -> 10 | R63: =IF(N63>20,"EXTRA","ORD") -> ORD
B64: 53 | C64: VARGAS | D64: LUNA | E64: RENATA CAROLINA | G64: 0 | H64: 9 | M64: =G64+I64+K64 -> 0 | N64: =(M64*100)/$P$8 -> 0 | O64: =H64+J64+L64 -> 9 | P64: =IF(AVERAGE(H64,J64,L64)<6,(5),(ROUND(AVERAGE(H64,J64,L64),0))) -> 9 | R64: =IF(N64>20,"EXTRA","ORD") -> ORD
E65: Totales | G65: =SUM(G12:G64) -> 6 | H65: =AVERAGE(H12:H64) -> 7.8867925 | I65: =SUM(I12:I64) -> 0 | J65: =AVERAGE(J12:J64) -> #DIV/0! | K65: =SUM(K12:K64) -> 0 | L65: =AVERAGE(L12:L64) -> #DIV/0! | M65: =SUM(M12:M64) -> 6 | N65: PROMEDIO FINAL | P65: =AVERAGE(P6:P64) -> 7.962963
A66: H | B66: M | E66: APROBADOS | H66: =COUNTIF(H12:H64,">5") -> 47 | J66: =COUNTIF(J12:J64,">5") -> 0 | L66: =COUNTIF(L12:L64,">5") -> 0 | N66: APROBADOS FINAL | P66: =COUNTIF(P12:P64,">5") -> 47
A67: =COUNT(A12:A64) -> 28 | B67: =COUNT(B12:B64) -> 25 | E67: REPROBADOS | H67: =COUNTIF(H12:H64,5) -> 6 | J67: =COUNTIF(J12:J64,5) -> 0 | L67: =COUNTIF(L12:L64,5) -> 0 | N67: EXTRAORDINARIOS | P67: =COUNTIF(P12:P64,5) -> 6
E68: % APROVECHAMIENTO | H68: =H66*100/H9 -> 88.679245 | J68: =J66*100/H9 -> 0 | L68: =L66*100/H9 -> 0 | N68: APROVECH FINAL | P68: =P66*100/H9 -> 88.679245
N69: % FALTAS | P69: =AVERAGE(N12:N64) -> 0.94339623
N70: % ASISTENCIA | P70: =100-P69 -> 99.056604

Sheet 1-1 ciencias sociales ii
O1: HORAS IMPARTIDAS
C2: ORIENTADOR | D2: JOSE EDGAR SALAZAR ZUÑIGA | H2: ESCUELA PREPARATORIA OFICIAL NÚM.67 | O2: Febrero
H3: “2026. Año del Humanismo Mexicano en el Estado de México ”. | O3: Marzo | P3: 7
H4: CICLO ESCOLAR: 2025 -2026 | O4: Abril
E5: TURNO : | G5: MATUTINO | J5: Grado | K5: 1° | L5: Grupo | M5: 1 | O5: Mayo
E6: PROFESOR(A): | K6: UAC | L6: CIENCIAS SOCIALES II | O6: Junio
G7: HOMBRES | H7: =A67 -> 28 | O7: Julio
G8: MUJERES | H8: =B67 -> 25 | O8: TOTAL | P8: =SUM(P2:P7) -> 7
G9: TOTAL | H9: =H7+H8 -> 53
A10: N | B10: P | C10: NOMBRE DEL ALUMNO | G10: PRIMERA EVALUACIÓN | I10: SEGUNDA EVALUACIÓN | K10: TERCERA EVALUACIÓN | M10: EVALUACIÓN FINAL
A11: H | B11: M | G11: FALTAS | H11: CALIF. | I11: FALTAS | J11: CALIF. | K11: FALTAS | L11: CALIF. | M11: TOT. DE FALTAS | N11: % FALTAS | O11: TOTAL DE PUNTOS | P11: CALIF. FINAL | Q11: FIRMA DEL ALUMNO | R11: ESTATUS
B12: 1 | C12: ALVAREZ | D12: HERNANDEZ | E12: DAYANNA ZOE | G12: 0 | H12: 7 | M12: =G12+I12+K12 -> 0 | N12: =(M12*100)/$P$8 -> 0 | O12: =H12+J12+L12 -> 7 | P12: =IF(AVERAGE(H12,J12,L12)<6,(5),(ROUND(AVERAGE(H12,J12,L12),0))) -> 7 | R12: =IF(N12>20,"EXTRA","ORD") -> ORD
B13: 2 | C13: ANAYA | D13: LEAL | E13: ANA IXCHEL | G13: 0 | H13: 10 | M13: =G13+I13+K13 -> 0 | N13: =(M13*100)/$P$8 -> 0 | O13: =H13+J13+L13 -> 10 | P13: =IF(AVERAGE(H13,J13,L13)<6,(5),(ROUND(AVERAGE(H13,J13,L13),0))) -> 10 | R13: =IF(N13>20,"EXTRA","ORD") -> ORD
B14: 3 | C14: ARIAS | D14: APARICIO | E14: AILISH ELIZABETH | G14: 0 | H14: 10 | M14: =G14+I14+K14 -> 0 | N14: =(M14*100)/$P$8 -> 0 | O14: =H14+J14+L14 -> 10 | P14: =IF(AVERAGE(H14,J14,L14)<6,(5),(ROUND(AVERAGE(H14,J14,L14),0))) -> 10 | R14: =IF(N14>20,"EXTRA","ORD") -> ORD
A15: 4 | C15: ARRAZOLA | D15: ROMERO | E15: DIEGO IVAN | G15: 0 | H15: 6 | M15: =G15+I15+K15 -> 0 | N15: =(M15*100)/$P$8 -> 0 | O15: =H15+J15+L15 -> 6 | P15: =IF(AVERAGE(H15,J15,L15)<6,(5),(ROUND(AVERAGE(H15,J15,L15),0))) -> 6 | R15: =IF(N15>20,"EXTRA","ORD") -> ORD
A16: 5 | C16: ARREDONDO | D16: LOREDO | E16: JOSHUA JAAFET | G16: 0 | H16: 8 | M16: =G16+I16+K16 -> 0 | N16: =(M16*100)/$P$8 -> 0 | O16: =H16+J16+L16 -> 8 | P16: =IF(AVERAGE(H16,J16,L16)<6,(5),(ROUND(AVERAGE(H16,J16,L16),0))) -> 8 | R16: =IF(N16>20,"EXTRA","ORD") -> ORD
B17: 6 | C17: AVILES | D17: ACOSTA | E17: ARELI | G17: 0 | H17: 8 | M17: =G17+I17+K17 -> 0 | N17: =(M17*100)/$P$8 -> 0 | O17: =H17+J17+L17 -> 8 | P17: =IF(AVERAGE(H17,J17,L17)<6,(5),(ROUND(AVERAGE(H17,J17,L17),0))) -> 8 | R17: =IF(N17>20,"EXTRA","ORD") -> ORD
A18: 7 | C18: CARBAJAL | D18: RODRIGUEZ | E18: GAEL | G18: 0 | H18: 8 | M18: =G18+I18+K18 -> 0 | N18: =(M18*100)/$P$8 -> 0 | O18: =H18+J18+L18 -> 8 | P18: =IF(AVERAGE(H18,J18,L18)<6,(5),(ROUND(AVERAGE(H18,J18,L18),0))) -> 8 | R18: =IF(N18>20,"EXTRA","ORD") -> ORD
A19: 8 | C19: CARDENAS | D19: MORENO | E19: CRISTOPHER TADEO | G19: 0 | H19: 10 | M19: =G19+I19+K19 -> 0 | N19: =(M19*100)/$P$8 -> 0 | O19: =H19+J19+L19 -> 10 | P19: =IF(AVERAGE(H19,J19,L19)<6,(5),(ROUND(AVERAGE(H19,J19,L19),0))) -> 10 | R19: =IF(N19>20,"EXTRA","ORD") -> ORD
B20: 9 | C20: CASTILLO | D20: HERNANDEZ | E20: XUNELLY | G20: 0 | H20: 5 | M20: =G20+I20+K20 -> 0 | N20: =(M20*100)/$P$8 -> 0 | O20: =H20+J20+L20 -> 5 | P20: =IF(AVERAGE(H20,J20,L20)<6,(5),(ROUND(AVERAGE(H20,J20,L20),0))) -> 5 | R20: =IF(N20>20,"EXTRA","ORD") -> ORD
B21: 10 | C21: CEREZO | D21: MORALES | E21: LOURDES YURYCO | G21: 0 | H21: 10 | M21: =G21+I21+K21 -> 0 | N21: =(M21*100)/$P$8 -> 0 | O21: =H21+J21+L21 -> 10 | P21: =IF(AVERAGE(H21,J21,L21)<6,(5),(ROUND(AVERAGE(H21,J21,L21),0))) -> 10 | R21: =IF(N21>20,"EXTRA","ORD") -> ORD
A22: 11 | C22: CONTRERAS | D22: QUIÑONES | E22: OLIVER | G22: 0 | H22: 8 | M22: =G22+I22+K22 -> 0 | N22: =(M22*100)/$P$8 -> 0 | O22: =H22+J22+L22 -> 8 | P22: =IF(AVERAGE(H22,J22,L22)<6,(5),(ROUND(AVERAGE(H22,J22,L22),0))) -> 8 | R22: =IF(N22>20,"EXTRA","ORD") -> ORD
B23: 12 | C23: CRUZ | D23: CENTENO | E23: ALEXA ABIGAIL | G23: 0 | H23: 6 | M23: =G23+I23+K23 -> 0 | N23: =(M23*100)/$P$8 -> 0 | O23: =H23+J23+L23 -> 6 | P23: =IF(AVERAGE(H23,J23,L23)<6,(5),(ROUND(AVERAGE(H23,J23,L23),0))) -> 6 | R23: =IF(N23>20,"EXTRA","ORD") -> ORD
A24: 13 | C24: CRUZ | D24: PAZ | E24: CARLOS ALFONSO | G24: 0 | H24: 5 | M24: =G24+I24+K24 -> 0 | N24: =(M24*100)/$P$8 -> 0 | O24: =H24+J24+L24 -> 5 | P24: =IF(AVERAGE(H24,J24,L24)<6,(5),(ROUND(AVERAGE(H24,J24,L24),0))) -> 5 | R24: =IF(N24>20,"EXTRA","ORD") -> ORD
B25: 14 | C25: DIAZ | D25: MOLINA | E25: EMILIANA ALESSANDRA | G25: 0 | H25: 10 | M25: =G25+I25+K25 -> 0 | N25: =(M25*100)/$P$8 -> 0 | O25: =H25+J25+L25 -> 10 | P25: =IF(AVERAGE(H25,J25,L25)<6,(5),(ROUND(AVERAGE(H25,J25,L25),0))) -> 10 | R25: =IF(N25>20,"EXTRA","ORD") -> ORD
A26: 15 | C26: DUARTE | D26: ADJUNTAS | E26: RICARDO JESUS | G26: 0 | H26: 10 | M26: =G26+I26+K26 -> 0 | N26: =(M26*100)/$P$8 -> 0 | O26: =H26+J26+L26 -> 10 | P26: =IF(AVERAGE(H26,J26,L26)<6,(5),(ROUND(AVERAGE(H26,J26,L26),0))) -> 10 | R26: =IF(N26>20,"EXTRA","ORD") -> ORD
A27: 16 | C27: ESTRADA | D27: VENEGAS | E27: DAVID RICARDO | G27: 0 | H27: 5 | M27: =G27+I27+K27 -> 0 | N27: =(M27*100)/$P$8 -> 0 | O27: =H27+J27+L27 -> 5 | P27: =IF(AVERAGE(H27,J27,L27)<6,(5),(ROUND(AVERAGE(H27,J27,L27),0))) -> 5 | R27: =IF(N27>20,"EXTRA","ORD") -> ORD
B28: 17 | C28: FLORES | D28: VARGAS | E28: FERNANDA DESSIRE | G28: 0 | H28: 7 | M28: =G28+I28+K28 -> 0 | N28: =(M28*100)/$P$8 -> 0 | O28: =H28+J28+L28 -> 7 | P28: =IF(AVERAGE(H28,J28,L28)<6,(5),(ROUND(AVERAGE(H28,J28,L28),0))) -> 7 | R28: =IF(N28>20,"EXTRA","ORD") -> ORD
A29: 18 | C29: FUENTES | D29: HERNANDEZ | E29: DIEGO ISRAEL | G29: 0 | H29: 6 | M29: =G29+I29+K29 -> 0 | N29: =(M29*100)/$P$8 -> 0 | O29: =H29+J29+L29 -> 6 | P29: =IF(AVERAGE(H29,J29,L29)<6,(5),(ROUND(AVERAGE(H29,J29,L29),0))) -> 6 | R29: =IF(N29>20,"EXTRA","ORD") -> ORD
B30: 19 | C30: GALINDO | D30: CRUZ | E30: LUISA VALENTINA | G30: 1 | H30: 6 | M30: =G30+I30+K30 -> 1 | N30: =(M30*100)/$P$8 -> 14.285714 | O30: =H30+J30+L30 -> 6 | P30: =IF(AVERAGE(H30,J30,L30)<6,(5),(ROUND(AVERAGE(H30,J30,L30),0))) -> 6 | R30: =IF(N30>20,"EXTRA","ORD") -> ORD
B31: 20 | C31: GARCIA | D31: ARELLANO | E31: YULIANA REBECA | G31: 0 | H31: 10 | M31: =G31+I31+K31 -> 0 | N31: =(M31*100)/$P$8 -> 0 | O31: =H31+J31+L31 -> 10 | P31: =IF(AVERAGE(H31,J31,L31)<6,(5),(ROUND(AVERAGE(H31,J31,L31),0))) -> 10 | R31: =IF(N31>20,"EXTRA","ORD") -> ORD
A32: 21 | C32: GARCIA | D32: PEÑA | E32: ANDREI | G32: 0 | H32: 9 | M32: =G32+I32+K32 -> 0 | N32: =(M32*100)/$P$8 -> 0 | O32: =H32+J32+L32 -> 9 | P32: =IF(AVERAGE(H32,J32,L32)<6,(5),(ROUND(AVERAGE(H32,J32,L32),0))) -> 9 | R32: =IF(N32>20,"EXTRA","ORD") -> ORD
A33: 22 | C33: GARCILAZO | D33: MARTINEZ | E33: ALFONSO | G33: 0 | H33: 6 | M33: =G33+I33+K33 -> 0 | N33: =(M33*100)/$P$8 -> 0 | O33: =H33+J33+L33 -> 6 | P33: =IF(AVERAGE(H33,J33,L33)<6,(5),(ROUND(AVERAGE(H33,J33,L33),0))) -> 6 | R33: =IF(N33>20,"EXTRA","ORD") -> ORD
A34: 23 | C34: GODOY | D34: MARQUEZ | E34: DUSTIN YALIL | G34: 1 | H34: 5 | M34: =G34+I34+K34 -> 1 | N34: =(M34*100)/$P$8 -> 14.285714 | O34: =H34+J34+L34 -> 5 | P34: =IF(AVERAGE(H34,J34,L34)<6,(5),(ROUND(AVERAGE(H34,J34,L34),0))) -> 5 | R34: =IF(N34>20,"EXTRA","ORD") -> ORD
B35: 24 | C35: GONZALEZ | D35: RAMOS | E35: FATIMA NAOMY | G35: 2 | H35: 7 | M35: =G35+I35+K35 -> 2 | N35: =(M35*100)/$P$8 -> 28.571429 | O35: =H35+J35+L35 -> 7 | P35: =IF(AVERAGE(H35,J35,L35)<6,(5),(ROUND(AVERAGE(H35,J35,L35),0))) -> 7 | R35: =IF(N35>20,"EXTRA","ORD") -> EXTRA
B36: 25 | C36: GUERRERO | D36: ORTIZ | E36: VALERIA ROMINA | G36: 0 | H36: 7 | M36: =G36+I36+K36 -> 0 | N36: =(M36*100)/$P$8 -> 0 | O36: =H36+J36+L36 -> 7 | P36: =IF(AVERAGE(H36,J36,L36)<6,(5),(ROUND(AVERAGE(H36,J36,L36),0))) -> 7 | R36: =IF(N36>20,"EXTRA","ORD") -> ORD
B37: 26 | C37: GUTIERREZ | D37: ANGELES | E37: SAMANTHA PAOLA | G37: 0 | H37: 7 | M37: =G37+I37+K37 -> 0 | N37: =(M37*100)/$P$8 -> 0 | O37: =H37+J37+L37 -> 7 | P37: =IF(AVERAGE(H37,J37,L37)<6,(5),(ROUND(AVERAGE(H37,J37,L37),0))) -> 7 | R37: =IF(N37>20,"EXTRA","ORD") -> ORD
A38: 27 | C38: HERNANDEZ | D38: VARGAS | E38: MOISES | G38: 0 | H38: 7 | M38: =G38+I38+K38 -> 0 | N38: =(M38*100)/$P$8 -> 0 | O38: =H38+J38+L38 -> 7 | P38: =IF(AVERAGE(H38,J38,L38)<6,(5),(ROUND(AVERAGE(H38,J38,L38),0))) -> 7 | R38: =IF(N38>20,"EXTRA","ORD") -> ORD
B39: 28 | C39: HERNANDEZ | D39: VIVEROS | E39: SAMANTHA SHARON | G39: 0 | H39: 8 | M39: =G39+I39+K39 -> 0 | N39: =(M39*100)/$P$8 -> 0 | O39: =H39+J39+L39 -> 8 | P39: =IF(AVERAGE(H39,J39,L39)<6,(5),(ROUND(AVERAGE(H39,J39,L39),0))) -> 8 | R39: =IF(N39>20,"EXTRA","ORD") -> ORD
B40: 29 | C40: ISLAS | D40: GARCIA | E40: MARIANA | G40: 0 | H40: 8 | M40: =G40+I40+K40 -> 0 | N40: =(M40*100)/$P$8 -> 0 | O40: =H40+J40+L40 -> 8 | P40: =IF(AVERAGE(H40,J40,L40)<6,(5),(ROUND(AVERAGE(H40,J40,L40),0))) -> 8 | R40: =IF(N40>20,"EXTRA","ORD") -> ORD
A41: 30 | C41: ISLAS | D41: VELEZ | E41: SANTIAGO | G41: 0 | H41: 8 | M41: =G41+I41+K41 -> 0 | N41: =(M41*100)/$P$8 -> 0 | O41: =H41+J41+L41 -> 8 | P41: =IF(AVERAGE(H41,J41,L41)<6,(5),(ROUND(AVERAGE(H41,J41,L41),0))) -> 8 | R41: =IF(N41>20,"EXTRA","ORD") -> ORD
A42: 31 | C42: LAGUNA | D42: ESTRADA | E42: MAEL MAXIMILIANO | G42: 0 | H42: 8 | M42: =G42+I42+K42 -> 0 | N42: =(M42*100)/$P$8 -> 0 | O42: =H42+J42+L42 -> 8 | P42: =IF(AVERAGE(H42,J42,L42)<6,(5),(ROUND(AVERAGE(H42,J42,L42),0))) -> 8 | R42: =IF(N42>20,"EXTRA","ORD") -> ORD
B43: 32 | C43: LEZAMA | D43: ALVAREZ | E43: SOFIA NIKTE | G43: 0 | H43: 6 | M43: =G43+I43+K43 -> 0 | N43: =(M43*100)/$P$8 -> 0 | O43: =H43+J43+L43 -> 6 | P43: =IF(AVERAGE(H43,J43,L43)<6,(5),(ROUND(AVERAGE(H43,J43,L43),0))) -> 6 | R43: =IF(N43>20,"EXTRA","ORD") -> ORD
B44: 33 | C44: LOZANO | D44: JUAREZ | E44: LUZ ARISDELSI | G44: 0 | H44: 8 | M44: =G44+I44+K44 -> 0 | N44: =(M44*100)/$P$8 -> 0 | O44: =H44+J44+L44 -> 8 | P44: =IF(AVERAGE(H44,J44,L44)<6,(5),(ROUND(AVERAGE(H44,J44,L44),0))) -> 8 | R44: =IF(N44>20,"EXTRA","ORD") -> ORD
A45: 34 | C45: MALDONADO | D45: CAMERONI | E45: DUSTIN ALEXANDER | G45: 2 | H45: 5 | M45: =G45+I45+K45 -> 2 | N45: =(M45*100)/$P$8 -> 28.571429 | O45: =H45+J45+L45 -> 5 | P45: =IF(AVERAGE(H45,J45,L45)<6,(5),(ROUND(AVERAGE(H45,J45,L45),0))) -> 5 | R45: =IF(N45>20,"EXTRA","ORD") -> EXTRA
B46: 35 | C46: MENA | D46: RAMOS | E46: MELANY YULIANA | G46: 0 | H46: 9 | M46: =G46+I46+K46 -> 0 | N46: =(M46*100)/$P$8 -> 0 | O46: =H46+J46+L46 -> 9 | P46: =IF(AVERAGE(H46,J46,L46)<6,(5),(ROUND(AVERAGE(H46,J46,L46),0))) -> 9 | R46: =IF(N46>20,"EXTRA","ORD") -> ORD
A47: 36 | C47: MUÑOZ | D47: FLORES | E47: ALEJANDRO | G47: 0 | H47: 8 | M47: =G47+I47+K47 -> 0 | N47: =(M47*100)/$P$8 -> 0 | O47: =H47+J47+L47 -> 8 | P47: =IF(AVERAGE(H47,J47,L47)<6,(5),(ROUND(AVERAGE(H47,J47,L47),0))) -> 8 | R47: =IF(N47>20,"EXTRA","ORD") -> ORD
A48: 37 | C48: MUÑOZ | D48: MAGAÑA | E48: SANTIAGO | G48: 0 | H48: 10 | M48: =G48+I48+K48 -> 0 | N48: =(M48*100)/$P$8 -> 0 | O48: =H48+J48+L48 -> 10 | P48: =IF(AVERAGE(H48,J48,L48)<6,(5),(ROUND(AVERAGE(H48,J48,L48),0))) -> 10 | R48: =IF(N48>20,"EXTRA","ORD") -> ORD
B49: 38 | C49: MUÑOZ | D49: MAGAÑA | E49: XIMENA | G49: 0 | H49: 7 | M49: =G49+I49+K49 -> 0 | N49: =(M49*100)/$P$8 -> 0 | O49: =H49+J49+L49 -> 7 | P49: =IF(AVERAGE(H49,J49,L49)<6,(5),(ROUND(AVERAGE(H49,J49,L49),0))) -> 7 | R49: =IF(N49>20,"EXTRA","ORD") -> ORD
A50: 39 | C50: OLVERA | D50: CRUZ | E50: LUCIO ENRIQUE | G50: 0 | H50: 10 | M50: =G50+I50+K50 -> 0 | N50: =(M50*100)/$P$8 -> 0 | O50: =H50+J50+L50 -> 10 | P50: =IF(AVERAGE(H50,J50,L50)<6,(5),(ROUND(AVERAGE(H50,J50,L50),0))) -> 10 | R50: =IF(N50>20,"EXTRA","ORD") -> ORD
B51: 40 | C51: OSORIO | D51: SANCHEZ | E51: PAULA | G51: 0 | H51: 7 | M51: =G51+I51+K51 -> 0 | N51: =(M51*100)/$P$8 -> 0 | O51: =H51+J51+L51 -> 7 | P51: =IF(AVERAGE(H51,J51,L51)<6,(5),(ROUND(AVERAGE(H51,J51,L51),0))) -> 7 | R51: =IF(N51>20,"EXTRA","ORD") -> ORD
A52: 41 | C52: PACHECO | D52: GONZALEZ | E52: DYLAN ALEXANDER | G52: 0 | H52: 7 | M52: =G52+I52+K52 -> 0 | N52: =(M52*100)/$P$8 -> 0 | O52: =H52+J52+L52 -> 7 | P52: =IF(AVERAGE(H52,J52,L52)<6,(5),(ROUND(AVERAGE(H52,J52,L52),0))) -> 7 | R52: =IF(N52>20,"EXTRA","ORD") -> ORD
A53: 42 | C53: RADILLA | D53: HERNANDEZ | E53: SANTIAGO GAMALIEL | G53: 0 | H53: 8 | M53: =G53+I53+K53 -> 0 | N53: =(M53*100)/$P$8 -> 0 | O53: =H53+J53+L53 -> 8 | P53: =IF(AVERAGE(H53,J53,L53)<6,(5),(ROUND(AVERAGE(H53,J53,L53),0))) -> 8 | R53: =IF(N53>20,"EXTRA","ORD") -> ORD
A54: 43 | C54: RAMIREZ | D54: RODRIGUEZ | E54: BRUNO | G54: 0 | H54: 10 | M54: =G54+I54+K54 -> 0 | N54: =(M54*100)/$P$8 -> 0 | O54: =H54+J54+L54 -> 10 | P54: =IF(AVERAGE(H54,J54,L54)<6,(5),(ROUND(AVERAGE(H54,J54,L54),0))) -> 10 | R54: =IF(N54>20,"EXTRA","ORD") -> ORD
B55: 44 | C55: ROMERO | D55: DOMINGEZ | E55: SARA DANIELA | G55: 0 | H55: 10 | M55: =G55+I55+K55 -> 0 | N55: =(M55*100)/$P$8 -> 0 | O55: =H55+J55+L55 -> 10 | P55: =IF(AVERAGE(H55,J55,L55)<6,(5),(ROUND(AVERAGE(H55,J55,L55),0))) -> 10 | R55: =IF(N55>20,"EXTRA","ORD") -> ORD
A56: 45 | C56: RUBIO | D56: HERNANDEZ | E56: AZAEL ALEJANDRO | G56: 0 | H56: 7 | M56: =G56+I56+K56 -> 0 | N56: =(M56*100)/$P$8 -> 0 | O56: =H56+J56+L56 -> 7 | P56: =IF(AVERAGE(H56,J56,L56)<6,(5),(ROUND(AVERAGE(H56,J56,L56),0))) -> 7 | R56: =IF(N56>20,"EXTRA","ORD") -> ORD
A57: 46 | C57: RUIZ | D57: MENDOZA | E57: ANDREE JAEL | G57: 0 | H57: 5 | M57: =G57+I57+K57 -> 0 | N57: =(M57*100)/$P$8 -> 0 | O57: =H57+J57+L57 -> 5 | P57: =IF(AVERAGE(H57,J57,L57)<6,(5),(ROUND(AVERAGE(H57,J57,L57),0))) -> 5 | R57: =IF(N57>20,"EXTRA","ORD") -> ORD
B58: 47 | C58: SANCHEZ | D58: JIMENEZ | E58: LILI | G58: 0 | H58: 8 | M58: =G58+I58+K58 -> 0 | N58: =(M58*100)/$P$8 -> 0 | O58: =H58+J58+L58 -> 8 | P58: =IF(AVERAGE(H58,J58,L58)<6,(5),(ROUND(AVERAGE(H58,J58,L58),0))) -> 8 | R58: =IF(N58>20,"EXTRA","ORD") -> ORD
B59: 48 | C59: SANTILLAN | D59: HUERTA | E59: DULCE ELEONOR | G59: 0 | H59: 10 | M59: =G59+I59+K59 -> 0 | N59: =(M59*100)/$P$8 -> 0 | O59: =H59+J59+L59 -> 10 | P59: =IF(AVERAGE(H59,J59,L59)<6,(5),(ROUND(AVERAGE(H59,J59,L59),0))) -> 10 | R59: =IF(N59>20,"EXTRA","ORD") -> ORD
A60: 49 | C60: SUAZO | D60: RIOS | E60: SANTIAGO | G60: 0 | H60: 10 | M60: =G60+I60+K60 -> 0 | N60: =(M60*100)/$P$8 -> 0 | O60: =H60+J60+L60 -> 10 | P60: =IF(AVERAGE(H60,J60,L60)<6,(5),(ROUND(AVERAGE(H60,J60,L60),0))) -> 10 | R60: =IF(N60>20,"EXTRA","ORD") -> ORD
A61: 50 | C61: TOVAR | D61: CENTENO | E61: MARCOS ARIEL | G61: 0 | H61: 10 | M61: =G61+I61+K61 -> 0 | N61: =(M61*100)/$P$8 -> 0 | O61: =H61+J61+L61 -> 10 | P61: =IF(AVERAGE(H61,J61,L61)<6,(5),(ROUND(AVERAGE(H61,J61,L61),0))) -> 10 | R61: =IF(N61>20,"EXTRA","ORD") -> ORD
A62: 51 | C62: TREJO | D62: VELAZQUEZ | E62: SEBASTIAN | G62: 0 | H62: 9 | M62: =G62+I62+K62 -> 0 | N62: =(M62*100)/$P$8 -> 0 | O62: =H62+J62+L62 -> 9 | P62: =IF(AVERAGE(H62,J62,L62)<6,(5),(ROUND(AVERAGE(H62,J62,L62),0))) -> 9 | R62: =IF(N62>20,"EXTRA","ORD") -> ORD
A63: 52 | C63: VARGAS | D63: HERNANDEZ | E63: VICTOR ALFONSO | G63: 0 | H63: 10 | M63: =G63+I63+K63 -> 0 | N63: =(M63*100)/$P$8 -> 0 | O63: =H63+J63+L63 -> 10 | P63: =IF(AVERAGE(H63,J63,L63)<6,(5),(ROUND(AVERAGE(H63,J63,L63),0))) -> 10 | R63: =IF(N63>20,"EXTRA","ORD") -> ORD
B64: 53 | C64: VARGAS | D64: LUNA | E64: RENATA CAROLINA | G64: 0 | H64: 9 | M64: =G64+I64+K64 -> 0 | N64: =(M64*100)/$P$8 -> 0 | O64: =H64+J64+L64 -> 9 | P64: =IF(AVERAGE(H64,J64,L64)<6,(5),(ROUND(AVERAGE(H64,J64,L64),0))) -> 9 | R64: =IF(N64>20,"EXTRA","ORD") -> ORD
E65: Totales | G65: =SUM(G12:G64) -> 6 | H65: =AVERAGE(H12:H64) -> 7.8867925 | I65: =SUM(I12:I64) -> 0 | J65: =AVERAGE(J12:J64) -> #DIV/0! | K65: =SUM(K12:K64) -> 0 | L65: =AVERAGE(L12:L64) -> #DIV/0! | M65: =SUM(M12:M64) -> 6 | N65: PROMEDIO FINAL | P65: =AVERAGE(P6:P64) -> 7.8703704
A66: H | B66: M | E66: APROBADOS | H66: =COUNTIF(H12:H64,">5") -> 47 | J66: =COUNTIF(J12:J64,">5") -> 0 | L66: =COUNTIF(L12:L64,">5") -> 0 | N66: APROBADOS FINAL | P66: =COUNTIF(P12:P64,">5") -> 47
A67: =COUNT(A12:A64) -> 28 | B67: =COUNT(B12:B64) -> 25 | E67: REPROBADOS | H67: =COUNTIF(H12:H64,5) -> 6 | J67: =COUNTIF(J12:J64,5) -> 0 | L67: =COUNTIF(L12:L64,5) -> 0 | N67: EXTRAORDINARIOS | P67: =COUNTIF(P12:P64,5) -> 6
E68: % APROVECHAMIENTO | H68: =H66*100/H9 -> 88.679245 | J68: =J66*100/H9 -> 0 | L68: =L66*100/H9 -> 0 | N68: APROVECH FINAL | P68: =P66*100/H9 -> 88.679245
N69: % FALTAS | P69: =AVERAGE(N12:N64) -> 1.6172507
N70: % ASISTENCIA | P70: =100-P69 -> 98.382749

Sheet 1-1 taller de ciencias i
O1: HORAS IMPARTIDAS
C2: ORIENTADOR | D2: JOSE EDGAR SALAZAR ZUÑIGA | H2: ESCUELA PREPARATORIA OFICIAL NÚM.67 | O2: Febrero
H3: “2026. Año del Humanismo Mexicano en el Estado de México ”. | O3: Marzo
H4: CICLO ESCOLAR: 2025 -2026 | O4: Abril | P4: 8
E5: TURNO : | G5: MATUTINO | J5: Grado | K5: 1° | L5: Grupo | M5: 1 | O5: Mayo
E6: PROFESOR(A): | K6: UAC | L6: TALLER DE CIENCIAS I | O6: Junio
G7: HOMBRES | H7: =A67 -> 28 | O7: Julio
G8: MUJERES | H8: =B67 -> 25 | O8: TOTAL | P8: =SUM(P2:P7) -> 8
G9: TOTAL | H9: =H7+H8 -> 53
A10: N | B10: P | C10: NOMBRE DEL ALUMNO | G10: PRIMERA EVALUACIÓN | I10: SEGUNDA EVALUACIÓN | K10: TERCERA EVALUACIÓN | M10: EVALUACIÓN FINAL
A11: H | B11: M | G11: FALTAS | H11: CALIF. | I11: FALTAS | J11: CALIF. | K11: FALTAS | L11: CALIF. | M11: TOT. DE FALTAS | N11: % FALTAS | O11: TOTAL DE PUNTOS | P11: CALIF. FINAL | Q11: FIRMA DEL ALUMNO | R11: ESTATUS
B12: 1 | C12: ALVAREZ | D12: HERNANDEZ | E12: DAYANNA ZOE | G12: 0 | H12: 7 | M12: =G12+I12+K12 -> 0 | N12: =(M12*100)/$P$8 -> 0 | O12: =H12+J12+L12 -> 7 | P12: =IF(AVERAGE(H12,J12,L12)<6,(5),(ROUND(AVERAGE(H12,J12,L12),0))) -> 7 | R12: =IF(N12>20,"EXTRA","ORD") -> ORD
B13: 2 | C13: ANAYA | D13: LEAL | E13: ANA IXCHEL | G13: 0 | H13: 10 | M13: =G13+I13+K13 -> 0 | N13: =(M13*100)/$P$8 -> 0 | O13: =H13+J13+L13 -> 10 | P13: =IF(AVERAGE(H13,J13,L13)<6,(5),(ROUND(AVERAGE(H13,J13,L13),0))) -> 10 | R13: =IF(N13>20,"EXTRA","ORD") -> ORD
B14: 3 | C14: ARIAS | D14: APARICIO | E14: AILISH ELIZABETH | G14: 0 | H14: 10 | M14: =G14+I14+K14 -> 0 | N14: =(M14*100)/$P$8 -> 0 | O14: =H14+J14+L14 -> 10 | P14: =IF(AVERAGE(H14,J14,L14)<6,(5),(ROUND(AVERAGE(H14,J14,L14),0))) -> 10 | R14: =IF(N14>20,"EXTRA","ORD") -> ORD
A15: 4 | C15: ARRAZOLA | D15: ROMERO | E15: DIEGO IVAN | G15: 0 | H15: 6 | M15: =G15+I15+K15 -> 0 | N15: =(M15*100)/$P$8 -> 0 | O15: =H15+J15+L15 -> 6 | P15: =IF(AVERAGE(H15,J15,L15)<6,(5),(ROUND(AVERAGE(H15,J15,L15),0))) -> 6 | R15: =IF(N15>20,"EXTRA","ORD") -> ORD
A16: 5 | C16: ARREDONDO | D16: LOREDO | E16: JOSHUA JAAFET | G16: 0 | H16: 8 | M16: =G16+I16+K16 -> 0 | N16: =(M16*100)/$P$8 -> 0 | O16: =H16+J16+L16 -> 8 | P16: =IF(AVERAGE(H16,J16,L16)<6,(5),(ROUND(AVERAGE(H16,J16,L16),0))) -> 8 | R16: =IF(N16>20,"EXTRA","ORD") -> ORD
B17: 6 | C17: AVILES | D17: ACOSTA | E17: ARELI | G17: 0 | H17: 8 | M17: =G17+I17+K17 -> 0 | N17: =(M17*100)/$P$8 -> 0 | O17: =H17+J17+L17 -> 8 | P17: =IF(AVERAGE(H17,J17,L17)<6,(5),(ROUND(AVERAGE(H17,J17,L17),0))) -> 8 | R17: =IF(N17>20,"EXTRA","ORD") -> ORD
A18: 7 | C18: CARBAJAL | D18: RODRIGUEZ | E18: GAEL | G18: 0 | H18: 8 | M18: =G18+I18+K18 -> 0 | N18: =(M18*100)/$P$8 -> 0 | O18: =H18+J18+L18 -> 8 | P18: =IF(AVERAGE(H18,J18,L18)<6,(5),(ROUND(AVERAGE(H18,J18,L18),0))) -> 8 | R18: =IF(N18>20,"EXTRA","ORD") -> ORD
A19: 8 | C19: CARDENAS | D19: MORENO | E19: CRISTOPHER TADEO | G19: 0 | H19: 10 | M19: =G19+I19+K19 -> 0 | N19: =(M19*100)/$P$8 -> 0 | O19: =H19+J19+L19 -> 10 | P19: =IF(AVERAGE(H19,J19,L19)<6,(5),(ROUND(AVERAGE(H19,J19,L19),0))) -> 10 | R19: =IF(N19>20,"EXTRA","ORD") -> ORD
B20: 9 | C20: CASTILLO | D20: HERNANDEZ | E20: XUNELLY | G20: 0 | H20: 5 | M20: =G20+I20+K20 -> 0 | N20: =(M20*100)/$P$8 -> 0 | O20: =H20+J20+L20 -> 5 | P20: =IF(AVERAGE(H20,J20,L20)<6,(5),(ROUND(AVERAGE(H20,J20,L20),0))) -> 5 | R20: =IF(N20>20,"EXTRA","ORD") -> ORD
B21: 10 | C21: CEREZO | D21: MORALES | E21: LOURDES YURYCO | G21: 0 | H21: 10 | M21: =G21+I21+K21 -> 0 | N21: =(M21*100)/$P$8 -> 0 | O21: =H21+J21+L21 -> 10 | P21: =IF(AVERAGE(H21,J21,L21)<6,(5),(ROUND(AVERAGE(H21,J21,L21),0))) -> 10 | R21: =IF(N21>20,"EXTRA","ORD") -> ORD
A22: 11 | C22: CONTRERAS | D22: QUIÑONES | E22: OLIVER | G22: 0 | H22: 8 | M22: =G22+I22+K22 -> 0 | N22: =(M22*100)/$P$8 -> 0 | O22: =H22+J22+L22 -> 8 | P22: =IF(AVERAGE(H22,J22,L22)<6,(5),(ROUND(AVERAGE(H22,J22,L22),0))) -> 8 | R22: =IF(N22>20,"EXTRA","ORD") -> ORD
B23: 12 | C23: CRUZ | D23: CENTENO | E23: ALEXA ABIGAIL | G23: 0 | H23: 6 | M23: =G23+I23+K23 -> 0 | N23: =(M23*100)/$P$8 -> 0 | O23: =H23+J23+L23 -> 6 | P23: =IF(AVERAGE(H23,J23,L23)<6,(5),(ROUND(AVERAGE(H23,J23,L23),0))) -> 6 | R23: =IF(N23>20,"EXTRA","ORD") -> ORD
A24: 13 | C24: CRUZ | D24: PAZ | E24: CARLOS ALFONSO | G24: 0 | H24: 5 | M24: =G24+I24+K24 -> 0 | N24: =(M24*100)/$P$8 -> 0 | O24: =H24+J24+L24 -> 5 | P24: =IF(AVERAGE(H24,J24,L24)<6,(5),(ROUND(AVERAGE(H24,J24,L24),0))) -> 5 | R24: =IF(N24>20,"EXTRA","ORD") -> ORD
B25: 14 | C25: DIAZ | D25: MOLINA | E25: EMILIANA ALESSANDRA | G25: 0 | H25: 10 | M25: =G25+I25+K25 -> 0 | N25: =(M25*100)/$P$8 -> 0 | O25: =H25+J25+L25 -> 10 | P25: =IF(AVERAGE(H25,J25,L25)<6,(5),(ROUND(AVERAGE(H25,J25,L25),0))) -> 10 | R25: =IF(N25>20,"EXTRA","ORD") -> ORD
A26: 15 | C26: DUARTE | D26: ADJUNTAS | E26: RICARDO JESUS | G26: 0 | H26: 10 | M26: =G26+I26+K26 -> 0 | N26: =(M26*100)/$P$8 -> 0 | O26: =H26+J26+L26 -> 10 | P26: =IF(AVERAGE(H26,J26,L26)<6,(5),(ROUND(AVERAGE(H26,J26,L26),0))) -> 10 | R26: =IF(N26>20,"EXTRA","ORD") -> ORD
A27: 16 | C27: ESTRADA | D27: VENEGAS | E27: DAVID RICARDO | G27: 0 | H27: 5 | M27: =G27+I27+K27 -> 0 | N27: =(M27*100)/$P$8 -> 0 | O27: =H27+J27+L27 -> 5 | P27: =IF(AVERAGE(H27,J27,L27)<6,(5),(ROUND(AVERAGE(H27,J27,L27),0))) -> 5 | R27: =IF(N27>20,"EXTRA","ORD") -> ORD
B28: 17 | C28: FLORES | D28: VARGAS | E28: FERNANDA DESSIRE | G28: 0 | H28: 7 | M28: =G28+I28+K28 -> 0 | N28: =(M28*100)/$P$8 -> 0 | O28: =H28+J28+L28 -> 7 | P28: =IF(AVERAGE(H28,J28,L28)<6,(5),(ROUND(AVERAGE(H28,J28,L28),0))) -> 7 | R28: =IF(N28>20,"EXTRA","ORD") -> ORD
A29: 18 | C29: FUENTES | D29: HERNANDEZ | E29: DIEGO ISRAEL | G29: 0 | H29: 6 | M29: =G29+I29+K29 -> 0 | N29: =(M29*100)/$P$8 -> 0 | O29: =H29+J29+L29 -> 6 | P29: =IF(AVERAGE(H29,J29,L29)<6,(5),(ROUND(AVERAGE(H29,J29,L29),0))) -> 6 | R29: =IF(N29>20,"EXTRA","ORD") -> ORD
B30: 19 | C30: GALINDO | D30: CRUZ | E30: LUISA VALENTINA | G30: 1 | H30: 6 | M30: =G30+I30+K30 -> 1 | N30: =(M30*100)/$P$8 -> 12.5 | O30: =H30+J30+L30 -> 6 | P30: =IF(AVERAGE(H30,J30,L30)<6,(5),(ROUND(AVERAGE(H30,J30,L30),0))) -> 6 | R30: =IF(N30>20,"EXTRA","ORD") -> ORD
B31: 20 | C31: GARCIA | D31: ARELLANO | E31: YULIANA REBECA | G31: 0 | H31: 10 | M31: =G31+I31+K31 -> 0 | N31: =(M31*100)/$P$8 -> 0 | O31: =H31+J31+L31 -> 10 | P31: =IF(AVERAGE(H31,J31,L31)<6,(5),(ROUND(AVERAGE(H31,J31,L31),0))) -> 10 | R31: =IF(N31>20,"EXTRA","ORD") -> ORD
A32: 21 | C32: GARCIA | D32: PEÑA | E32: ANDREI | G32: 0 | H32: 9 | M32: =G32+I32+K32 -> 0 | N32: =(M32*100)/$P$8 -> 0 | O32: =H32+J32+L32 -> 9 | P32: =IF(AVERAGE(H32,J32,L32)<6,(5),(ROUND(AVERAGE(H32,J32,L32),0))) -> 9 | R32: =IF(N32>20,"EXTRA","ORD") -> ORD
A33: 22 | C33: GARCILAZO | D33: MARTINEZ | E33: ALFONSO | G33: 0 | H33: 6 | M33: =G33+I33+K33 -> 0 | N33: =(M33*100)/$P$8 -> 0 | O33: =H33+J33+L33 -> 6 | P33: =IF(AVERAGE(H33,J33,L33)<6,(5),(ROUND(AVERAGE(H33,J33,L33),0))) -> 6 | R33: =IF(N33>20,"EXTRA","ORD") -> ORD
A34: 23 | C34: GODOY | D34: MARQUEZ | E34: DUSTIN YALIL | G34: 1 | H34: 5 | M34: =G34+I34+K34 -> 1 | N34: =(M34*100)/$P$8 -> 12.5 | O34: =H34+J34+L34 -> 5 | P34: =IF(AVERAGE(H34,J34,L34)<6,(5),(ROUND(AVERAGE(H34,J34,L34),0))) -> 5 | R34: =IF(N34>20,"EXTRA","ORD") -> ORD
B35: 24 | C35: GONZALEZ | D35: RAMOS | E35: FATIMA NAOMY | G35: 2 | H35: 7 | M35: =G35+I35+K35 -> 2 | N35: =(M35*100)/$P$8 -> 25 | O35: =H35+J35+L35 -> 7 | P35: =IF(AVERAGE(H35,J35,L35)<6,(5),(ROUND(AVERAGE(H35,J35,L35),0))) -> 7 | R35: =IF(N35>20,"EXTRA","ORD") -> EXTRA
B36: 25 | C36: GUERRERO | D36: ORTIZ | E36: VALERIA ROMINA | G36: 0 | H36: 7 | M36: =G36+I36+K36 -> 0 | N36: =(M36*100)/$P$8 -> 0 | O36: =H36+J36+L36 -> 7 | P36: =IF(AVERAGE(H36,J36,L36)<6,(5),(ROUND(AVERAGE(H36,J36,L36),0))) -> 7 | R36: =IF(N36>20,"EXTRA","ORD") -> ORD
B37: 26 | C37: GUTIERREZ | D37: ANGELES | E37: SAMANTHA PAOLA | G37: 0 | H37: 7 | M37: =G37+I37+K37 -> 0 | N37: =(M37*100)/$P$8 -> 0 | O37: =H37+J37+L37 -> 7 | P37: =IF(AVERAGE(H37,J37,L37)<6,(5),(ROUND(AVERAGE(H37,J37,L37),0))) -> 7 | R37: =IF(N37>20,"EXTRA","ORD") -> ORD
A38: 27 | C38: HERNANDEZ | D38: VARGAS | E38: MOISES | G38: 0 | H38: 7 | M38: =G38+I38+K38 -> 0 | N38: =(M38*100)/$P$8 -> 0 | O38: =H38+J38+L38 -> 7 | P38: =IF(AVERAGE(H38,J38,L38)<6,(5),(ROUND(AVERAGE(H38,J38,L38),0))) -> 7 | R38: =IF(N38>20,"EXTRA","ORD") -> ORD
B39: 28 | C39: HERNANDEZ | D39: VIVEROS | E39: SAMANTHA SHARON | G39: 0 | H39: 8 | M39: =G39+I39+K39 -> 0 | N39: =(M39*100)/$P$8 -> 0 | O39: =H39+J39+L39 -> 8 | P39: =IF(AVERAGE(H39,J39,L39)<6,(5),(ROUND(AVERAGE(H39,J39,L39),0))) -> 8 | R39: =IF(N39>20,"EXTRA","ORD") -> ORD
B40: 29 | C40: ISLAS | D40: GARCIA | E40: MARIANA | G40: 0 | H40: 8 | M40: =G40+I40+K40 -> 0 | N40: =(M40*100)/$P$8 -> 0 | O40: =H40+J40+L40 -> 8 | P40: =IF(AVERAGE(H40,J40,L40)<6,(5),(ROUND(AVERAGE(H40,J40,L40),0))) -> 8 | R40: =IF(N40>20,"EXTRA","ORD") -> ORD
A41: 30 | C41: ISLAS | D41: VELEZ | E41: SANTIAGO | G41: 0 | H41: 8 | M41: =G41+I41+K41 -> 0 | N41: =(M41*100)/$P$8 -> 0 | O41: =H41+J41+L41 -> 8 | P41: =IF(AVERAGE(H41,J41,L41)<6,(5),(ROUND(AVERAGE(H41,J41,L41),0))) -> 8 | R41: =IF(N41>20,"EXTRA","ORD") -> ORD
A42: 31 | C42: LAGUNA | D42: ESTRADA | E42: MAEL MAXIMILIANO | G42: 0 | H42: 8 | M42: =G42+I42+K42 -> 0 | N42: =(M42*100)/$P$8 -> 0 | O42: =H42+J42+L42 -> 8 | P42: =IF(AVERAGE(H42,J42,L42)<6,(5),(ROUND(AVERAGE(H42,J42,L42),0))) -> 8 | R42: =IF(N42>20,"EXTRA","ORD") -> ORD
B43: 32 | C43: LEZAMA | D43: ALVAREZ | E43: SOFIA NIKTE | G43: 0 | H43: 6 | M43: =G43+I43+K43 -> 0 | N43: =(M43*100)/$P$8 -> 0 | O43: =H43+J43+L43 -> 6 | P43: =IF(AVERAGE(H43,J43,L43)<6,(5),(ROUND(AVERAGE(H43,J43,L43),0))) -> 6 | R43: =IF(N43>20,"EXTRA","ORD") -> ORD
B44: 33 | C44: LOZANO | D44: JUAREZ | E44: LUZ ARISDELSI | G44: 0 | H44: 8 | M44: =G44+I44+K44 -> 0 | N44: =(M44*100)/$P$8 -> 0 | O44: =H44+J44+L44 -> 8 | P44: =IF(AVERAGE(H44,J44,L44)<6,(5),(ROUND(AVERAGE(H44,J44,L44),0))) -> 8 | R44: =IF(N44>20,"EXTRA","ORD") -> ORD
A45: 34 | C45: MALDONADO | D45: CAMERONI | E45: DUSTIN ALEXANDER | G45: 2 | H45: 5 | M45: =G45+I45+K45 -> 2 | N45: =(M45*100)/$P$8 -> 25 | O45: =H45+J45+L45 -> 5 | P45: =IF(AVERAGE(H45,J45,L45)<6,(5),(ROUND(AVERAGE(H45,J45,L45),0))) -> 5 | R45: =IF(N45>20,"EXTRA","ORD") -> EXTRA
B46: 35 | C46: MENA | D46: RAMOS | E46: MELANY YULIANA | G46: 0 | H46: 9 | M46: =G46+I46+K46 -> 0 | N46: =(M46*100)/$P$8 -> 0 | O46: =H46+J46+L46 -> 9 | P46: =IF(AVERAGE(H46,J46,L46)<6,(5),(ROUND(AVERAGE(H46,J46,L46),0))) -> 9 | R46: =IF(N46>20,"EXTRA","ORD") -> ORD
A47: 36 | C47: MUÑOZ | D47: FLORES | E47: ALEJANDRO | G47: 0 | H47: 8 | M47: =G47+I47+K47 -> 0 | N47: =(M47*100)/$P$8 -> 0 | O47: =H47+J47+L47 -> 8 | P47: =IF(AVERAGE(H47,J47,L47)<6,(5),(ROUND(AVERAGE(H47,J47,L47),0))) -> 8 | R47: =IF(N47>20,"EXTRA","ORD") -> ORD
A48: 37 | C48: MUÑOZ | D48: MAGAÑA | E48: SANTIAGO | G48: 0 | H48: 10 | M48: =G48+I48+K48 -> 0 | N48: =(M48*100)/$P$8 -> 0 | O48: =H48+J48+L48 -> 10 | P48: =IF(AVERAGE(H48,J48,L48)<6,(5),(ROUND(AVERAGE(H48,J48,L48),0))) -> 10 | R48: =IF(N48>20,"EXTRA","ORD") -> ORD
B49: 38 | C49: MUÑOZ | D49: MAGAÑA | E49: XIMENA | G49: 0 | H49: 7 | M49: =G49+I49+K49 -> 0 | N49: =(M49*100)/$P$8 -> 0 | O49: =H49+J49+L49 -> 7 | P49: =IF(AVERAGE(H49,J49,L49)<6,(5),(ROUND(AVERAGE(H49,J49,L49),0))) -> 7 | R49: =IF(N49>20,"EXTRA","ORD") -> ORD
A50: 39 | C50: OLVERA | D50: CRUZ | E50: LUCIO ENRIQUE | G50: 0 | H50: 10 | M50: =G50+I50+K50 -> 0 | N50: =(M50*100)/$P$8 -> 0 | O50: =H50+J50+L50 -> 10 | P50: =IF(AVERAGE(H50,J50,L50)<6,(5),(ROUND(AVERAGE(H50,J50,L50),0))) -> 10 | R50: =IF(N50>20,"EXTRA","ORD") -> ORD
B51: 40 | C51: OSORIO | D51: SANCHEZ | E51: PAULA | G51: 0 | H51: 7 | M51: =G51+I51+K51 -> 0 | N51: =(M51*100)/$P$8 -> 0 | O51: =H51+J51+L51 -> 7 | P51: =IF(AVERAGE(H51,J51,L51)<6,(5),(ROUND(AVERAGE(H51,J51,L51),0))) -> 7 | R51: =IF(N51>20,"EXTRA","ORD") -> ORD
A52: 41 | C52: PACHECO | D52: GONZALEZ | E52: DYLAN ALEXANDER | G52: 0 | H52: 7 | M52: =G52+I52+K52 -> 0 | N52: =(M52*100)/$P$8 -> 0 | O52: =H52+J52+L52 -> 7 | P52: =IF(AVERAGE(H52,J52,L52)<6,(5),(ROUND(AVERAGE(H52,J52,L52),0))) -> 7 | R52: =IF(N52>20,"EXTRA","ORD") -> ORD
A53: 42 | C53: RADILLA | D53: HERNANDEZ | E53: SANTIAGO GAMALIEL | G53: 0 | H53: 8 | M53: =G53+I53+K53 -> 0 | N53: =(M53*100)/$P$8 -> 0 | O53: =H53+J53+L53 -> 8 | P53: =IF(AVERAGE(H53,J53,L53)<6,(5),(ROUND(AVERAGE(H53,J53,L53),0))) -> 8 | R53: =IF(N53>20,"EXTRA","ORD") -> ORD
A54: 43 | C54: RAMIREZ | D54: RODRIGUEZ | E54: BRUNO | G54: 0 | H54: 10 | M54: =G54+I54+K54 -> 0 | N54: =(M54*100)/$P$8 -> 0 | O54: =H54+J54+L54 -> 10 | P54: =IF(AVERAGE(H54,J54,L54)<6,(5),(ROUND(AVERAGE(H54,J54,L54),0))) -> 10 | R54: =IF(N54>20,"EXTRA","ORD") -> ORD
B55: 44 | C55: ROMERO | D55: DOMINGEZ | E55: SARA DANIELA | G55: 0 | H55: 10 | M55: =G55+I55+K55 -> 0 | N55: =(M55*100)/$P$8 -> 0 | O55: =H55+J55+L55 -> 10 | P55: =IF(AVERAGE(H55,J55,L55)<6,(5),(ROUND(AVERAGE(H55,J55,L55),0))) -> 10 | R55: =IF(N55>20,"EXTRA","ORD") -> ORD
A56: 45 | C56: RUBIO | D56: HERNANDEZ | E56: AZAEL ALEJANDRO | G56: 0 | H56: 7 | M56: =G56+I56+K56 -> 0 | N56: =(M56*100)/$P$8 -> 0 | O56: =H56+J56+L56 -> 7 | P56: =IF(AVERAGE(H56,J56,L56)<6,(5),(ROUND(AVERAGE(H56,J56,L56),0))) -> 7 | R56: =IF(N56>20,"EXTRA","ORD") -> ORD
A57: 46 | C57: RUIZ | D57: MENDOZA | E57: ANDREE JAEL | G57: 0 | H57: 5 | M57: =G57+I57+K57 -> 0 | N57: =(M57*100)/$P$8 -> 0 | O57: =H57+J57+L57 -> 5 | P57: =IF(AVERAGE(H57,J57,L57)<6,(5),(ROUND(AVERAGE(H57,J57,L57),0))) -> 5 | R57: =IF(N57>20,"EXTRA","ORD") -> ORD
B58: 47 | C58: SANCHEZ | D58: JIMENEZ | E58: LILI | G58: 0 | H58: 8 | M58: =G58+I58+K58 -> 0 | N58: =(M58*100)/$P$8 -> 0 | O58: =H58+J58+L58 -> 8 | P58: =IF(AVERAGE(H58,J58,L58)<6,(5),(ROUND(AVERAGE(H58,J58,L58),0))) -> 8 | R58: =IF(N58>20,"EXTRA","ORD") -> ORD
B59: 48 | C59: SANTILLAN | D59: HUERTA | E59: DULCE ELEONOR | G59: 0 | H59: 10 | M59: =G59+I59+K59 -> 0 | N59: =(M59*100)/$P$8 -> 0 | O59: =H59+J59+L59 -> 10 | P59: =IF(AVERAGE(H59,J59,L59)<6,(5),(ROUND(AVERAGE(H59,J59,L59),0))) -> 10 | R59: =IF(N59>20,"EXTRA","ORD") -> ORD
A60: 49 | C60: SUAZO | D60: RIOS | E60: SANTIAGO | G60: 0 | H60: 10 | M60: =G60+I60+K60 -> 0 | N60: =(M60*100)/$P$8 -> 0 | O60: =H60+J60+L60 -> 10 | P60: =IF(AVERAGE(H60,J60,L60)<6,(5),(ROUND(AVERAGE(H60,J60,L60),0))) -> 10 | R60: =IF(N60>20,"EXTRA","ORD") -> ORD
A61: 50 | C61: TOVAR | D61: CENTENO | E61: MARCOS ARIEL | G61: 0 | H61: 10 | M61: =G61+I61+K61 -> 0 | N61: =(M61*100)/$P$8 -> 0 | O61: =H61+J61+L61 -> 10 | P61: =IF(AVERAGE(H61,J61,L61)<6,(5),(ROUND(AVERAGE(H61,J61,L61),0))) -> 10 | R61: =IF(N61>20,"EXTRA","ORD") -> ORD
A62: 51 | C62: TREJO | D62: VELAZQUEZ | E62: SEBASTIAN | G62: 0 | H62: 9 | M62: =G62+I62+K62 -> 0 | N62: =(M62*100)/$P$8 -> 0 | O62: =H62+J62+L62 -> 9 | P62: =IF(AVERAGE(H62,J62,L62)<6,(5),(ROUND(AVERAGE(H62,J62,L62),0))) -> 9 | R62: =IF(N62>20,"EXTRA","ORD") -> ORD
A63: 52 | C63: VARGAS | D63: HERNANDEZ | E63: VICTOR ALFONSO | G63: 0 | H63: 10 | M63: =G63+I63+K63 -> 0 | N63: =(M63*100)/$P$8 -> 0 | O63: =H63+J63+L63 -> 10 | P63: =IF(AVERAGE(H63,J63,L63)<6,(5),(ROUND(AVERAGE(H63,J63,L63),0))) -> 10 | R63: =IF(N63>20,"EXTRA","ORD") -> ORD
B64: 53 | C64: VARGAS | D64: LUNA | E64: RENATA CAROLINA | G64: 0 | H64: 9 | M64: =G64+I64+K64 -> 0 | N64: =(M64*100)/$P$8 -> 0 | O64: =H64+J64+L64 -> 9 | P64: =IF(AVERAGE(H64,J64,L64)<6,(5),(ROUND(AVERAGE(H64,J64,L64),0))) -> 9 | R64: =IF(N64>20,"EXTRA","ORD") -> ORD
E65: Totales | G65: =SUM(G12:G64) -> 6 | H65: =AVERAGE(H12:H64) -> 7.8867925 | I65: =SUM(I12:I64) -> 0 | J65: =AVERAGE(J12:J64) -> #DIV/0! | K65: =SUM(K12:K64) -> 0 | L65: =AVERAGE(L12:L64) -> #DIV/0! | M65: =SUM(M12:M64) -> 6 | N65: PROMEDIO FINAL | P65: =AVERAGE(P6:P64) -> 7.8888889
A66: H | B66: M | E66: APROBADOS | H66: =COUNTIF(H12:H64,">5") -> 47 | J66: =COUNTIF(J12:J64,">5") -> 0 | L66: =COUNTIF(L12:L64,">5") -> 0 | N66: APROBADOS FINAL | P66: =COUNTIF(P12:P64,">5") -> 47
A67: =COUNT(A12:A64) -> 28 | B67: =COUNT(B12:B64) -> 25 | E67: REPROBADOS | H67: =COUNTIF(H12:H64,5) -> 6 | J67: =COUNTIF(J12:J64,5) -> 0 | L67: =COUNTIF(L12:L64,5) -> 0 | N67: EXTRAORDINARIOS | P67: =COUNTIF(P12:P64,5) -> 6
E68: % APROVECHAMIENTO | H68: =H66*100/H9 -> 88.679245 | J68: =J66*100/H9 -> 0 | L68: =L66*100/H9 -> 0 | N68: APROVECH FINAL | P68: =P66*100/H9 -> 88.679245
N69: % FALTAS | P69: =AVERAGE(N12:N64) -> 1.4150943
N70: % ASISTENCIA | P70: =100-P69 -> 98.584906

Sheet 1-1 actividades fisicas y depor
O1: HORAS IMPARTIDAS
C2: ORIENTADOR | D2: JOSE EDGAR SALAZAR ZUÑIGA | H2: ESCUELA PREPARATORIA OFICIAL NÚM.67 | O2: Febrero
H3: “2026. Año del Humanismo Mexicano en el Estado de México ”. | O3: Marzo
H4: CICLO ESCOLAR: 2025 -2026 | O4: Abril | P4: 9
E5: TURNO : | G5: MATUTINO | J5: Grado | K5: 1° | L5: Grupo | M5: 1 | O5: Mayo
E6: PROFESOR(A): | K6: UAC | L6: ACTIVIDADES FÍSICAS Y DEPORTIVAS II | O6: Junio
G7: HOMBRES | H7: =A67 -> 28 | O7: Julio
G8: MUJERES | H8: =B67 -> 25 | O8: TOTAL | P8: =SUM(P2:P7) -> 9
G9: TOTAL | H9: =H7+H8 -> 53
A10: N | B10: P | C10: NOMBRE DEL ALUMNO | G10: PRIMERA EVALUACIÓN | I10: SEGUNDA EVALUACIÓN | K10: TERCERA EVALUACIÓN | M10: EVALUACIÓN FINAL
A11: H | B11: M | G11: FALTAS | H11: CALIF. | I11: FALTAS | J11: CALIF. | K11: FALTAS | L11: CALIF. | M11: TOT. DE FALTAS | N11: % FALTAS | O11: TOTAL DE PUNTOS | P11: CALIF. FINAL | Q11: FIRMA DEL ALUMNO | R11: ESTATUS
B12: 1 | C12: ALVAREZ | D12: HERNANDEZ | E12: DAYANNA ZOE | G12: 0 | H12: 7 | M12: =G12+I12+K12 -> 0 | N12: =(M12*100)/$P$8 -> 0 | O12: =H12+J12+L12 -> 7 | P12: =IF(AVERAGE(H12,J12,L12)<6,(5),(ROUND(AVERAGE(H12,J12,L12),0))) -> 7 | R12: =IF(N12>20,"EXTRA","ORD") -> ORD
B13: 2 | C13: ANAYA | D13: LEAL | E13: ANA IXCHEL | G13: 0 | H13: 10 | M13: =G13+I13+K13 -> 0 | N13: =(M13*100)/$P$8 -> 0 | O13: =H13+J13+L13 -> 10 | P13: =IF(AVERAGE(H13,J13,L13)<6,(5),(ROUND(AVERAGE(H13,J13,L13),0))) -> 10 | R13: =IF(N13>20,"EXTRA","ORD") -> ORD
B14: 3 | C14: ARIAS | D14: APARICIO | E14: AILISH ELIZABETH | G14: 0 | H14: 10 | M14: =G14+I14+K14 -> 0 | N14: =(M14*100)/$P$8 -> 0 | O14: =H14+J14+L14 -> 10 | P14: =IF(AVERAGE(H14,J14,L14)<6,(5),(ROUND(AVERAGE(H14,J14,L14),0))) -> 10 | R14: =IF(N14>20,"EXTRA","ORD") -> ORD
A15: 4 | C15: ARRAZOLA | D15: ROMERO | E15: DIEGO IVAN | G15: 0 | H15: 6 | M15: =G15+I15+K15 -> 0 | N15: =(M15*100)/$P$8 -> 0 | O15: =H15+J15+L15 -> 6 | P15: =IF(AVERAGE(H15,J15,L15)<6,(5),(ROUND(AVERAGE(H15,J15,L15),0))) -> 6 | R15: =IF(N15>20,"EXTRA","ORD") -> ORD
A16: 5 | C16: ARREDONDO | D16: LOREDO | E16: JOSHUA JAAFET | G16: 0 | H16: 8 | M16: =G16+I16+K16 -> 0 | N16: =(M16*100)/$P$8 -> 0 | O16: =H16+J16+L16 -> 8 | P16: =IF(AVERAGE(H16,J16,L16)<6,(5),(ROUND(AVERAGE(H16,J16,L16),0))) -> 8 | R16: =IF(N16>20,"EXTRA","ORD") -> ORD
B17: 6 | C17: AVILES | D17: ACOSTA | E17: ARELI | G17: 0 | H17: 8 | M17: =G17+I17+K17 -> 0 | N17: =(M17*100)/$P$8 -> 0 | O17: =H17+J17+L17 -> 8 | P17: =IF(AVERAGE(H17,J17,L17)<6,(5),(ROUND(AVERAGE(H17,J17,L17),0))) -> 8 | R17: =IF(N17>20,"EXTRA","ORD") -> ORD
A18: 7 | C18: CARBAJAL | D18: RODRIGUEZ | E18: GAEL | G18: 0 | H18: 8 | M18: =G18+I18+K18 -> 0 | N18: =(M18*100)/$P$8 -> 0 | O18: =H18+J18+L18 -> 8 | P18: =IF(AVERAGE(H18,J18,L18)<6,(5),(ROUND(AVERAGE(H18,J18,L18),0))) -> 8 | R18: =IF(N18>20,"EXTRA","ORD") -> ORD
A19: 8 | C19: CARDENAS | D19: MORENO | E19: CRISTOPHER TADEO | G19: 0 | H19: 10 | M19: =G19+I19+K19 -> 0 | N19: =(M19*100)/$P$8 -> 0 | O19: =H19+J19+L19 -> 10 | P19: =IF(AVERAGE(H19,J19,L19)<6,(5),(ROUND(AVERAGE(H19,J19,L19),0))) -> 10 | R19: =IF(N19>20,"EXTRA","ORD") -> ORD
B20: 9 | C20: CASTILLO | D20: HERNANDEZ | E20: XUNELLY | G20: 0 | H20: 5 | M20: =G20+I20+K20 -> 0 | N20: =(M20*100)/$P$8 -> 0 | O20: =H20+J20+L20 -> 5 | P20: =IF(AVERAGE(H20,J20,L20)<6,(5),(ROUND(AVERAGE(H20,J20,L20),0))) -> 5 | R20: =IF(N20>20,"EXTRA","ORD") -> ORD
B21: 10 | C21: CEREZO | D21: MORALES | E21: LOURDES YURYCO | G21: 0 | H21: 10 | M21: =G21+I21+K21 -> 0 | N21: =(M21*100)/$P$8 -> 0 | O21: =H21+J21+L21 -> 10 | P21: =IF(AVERAGE(H21,J21,L21)<6,(5),(ROUND(AVERAGE(H21,J21,L21),0))) -> 10 | R21: =IF(N21>20,"EXTRA","ORD") -> ORD
A22: 11 | C22: CONTRERAS | D22: QUIÑONES | E22: OLIVER | G22: 0 | H22: 8 | M22: =G22+I22+K22 -> 0 | N22: =(M22*100)/$P$8 -> 0 | O22: =H22+J22+L22 -> 8 | P22: =IF(AVERAGE(H22,J22,L22)<6,(5),(ROUND(AVERAGE(H22,J22,L22),0))) -> 8 | R22: =IF(N22>20,"EXTRA","ORD") -> ORD
B23: 12 | C23: CRUZ | D23: CENTENO | E23: ALEXA ABIGAIL | G23: 0 | H23: 6 | M23: =G23+I23+K23 -> 0 | N23: =(M23*100)/$P$8 -> 0 | O23: =H23+J23+L23 -> 6 | P23: =IF(AVERAGE(H23,J23,L23)<6,(5),(ROUND(AVERAGE(H23,J23,L23),0))) -> 6 | R23: =IF(N23>20,"EXTRA","ORD") -> ORD
A24: 13 | C24: CRUZ | D24: PAZ | E24: CARLOS ALFONSO | G24: 0 | H24: 5 | M24: =G24+I24+K24 -> 0 | N24: =(M24*100)/$P$8 -> 0 | O24: =H24+J24+L24 -> 5 | P24: =IF(AVERAGE(H24,J24,L24)<6,(5),(ROUND(AVERAGE(H24,J24,L24),0))) -> 5 | R24: =IF(N24>20,"EXTRA","ORD") -> ORD
B25: 14 | C25: DIAZ | D25: MOLINA | E25: EMILIANA ALESSANDRA | G25: 0 | H25: 10 | M25: =G25+I25+K25 -> 0 | N25: =(M25*100)/$P$8 -> 0 | O25: =H25+J25+L25 -> 10 | P25: =IF(AVERAGE(H25,J25,L25)<6,(5),(ROUND(AVERAGE(H25,J25,L25),0))) -> 10 | R25: =IF(N25>20,"EXTRA","ORD") -> ORD
A26: 15 | C26: DUARTE | D26: ADJUNTAS | E26: RICARDO JESUS | G26: 0 | H26: 10 | M26: =G26+I26+K26 -> 0 | N26: =(M26*100)/$P$8 -> 0 | O26: =H26+J26+L26 -> 10 | P26: =IF(AVERAGE(H26,J26,L26)<6,(5),(ROUND(AVERAGE(H26,J26,L26),0))) -> 10 | R26: =IF(N26>20,"EXTRA","ORD") -> ORD
A27: 16 | C27: ESTRADA | D27: VENEGAS | E27: DAVID RICARDO | G27: 0 | H27: 5 | M27: =G27+I27+K27 -> 0 | N27: =(M27*100)/$P$8 -> 0 | O27: =H27+J27+L27 -> 5 | P27: =IF(AVERAGE(H27,J27,L27)<6,(5),(ROUND(AVERAGE(H27,J27,L27),0))) -> 5 | R27: =IF(N27>20,"EXTRA","ORD") -> ORD
B28: 17 | C28: FLORES | D28: VARGAS | E28: FERNANDA DESSIRE | G28: 0 | H28: 7 | M28: =G28+I28+K28 -> 0 | N28: =(M28*100)/$P$8 -> 0 | O28: =H28+J28+L28 -> 7 | P28: =IF(AVERAGE(H28,J28,L28)<6,(5),(ROUND(AVERAGE(H28,J28,L28),0))) -> 7 | R28: =IF(N28>20,"EXTRA","ORD") -> ORD
A29: 18 | C29: FUENTES | D29: HERNANDEZ | E29: DIEGO ISRAEL | G29: 0 | H29: 6 | M29: =G29+I29+K29 -> 0 | N29: =(M29*100)/$P$8 -> 0 | O29: =H29+J29+L29 -> 6 | P29: =IF(AVERAGE(H29,J29,L29)<6,(5),(ROUND(AVERAGE(H29,J29,L29),0))) -> 6 | R29: =IF(N29>20,"EXTRA","ORD") -> ORD
B30: 19 | C30: GALINDO | D30: CRUZ | E30: LUISA VALENTINA | G30: 1 | H30: 6 | M30: =G30+I30+K30 -> 1 | N30: =(M30*100)/$P$8 -> 11.111111 | O30: =H30+J30+L30 -> 6 | P30: =IF(AVERAGE(H30,J30,L30)<6,(5),(ROUND(AVERAGE(H30,J30,L30),0))) -> 6 | R30: =IF(N30>20,"EXTRA","ORD") -> ORD
B31: 20 | C31: GARCIA | D31: ARELLANO | E31: YULIANA REBECA | G31: 0 | H31: 10 | M31: =G31+I31+K31 -> 0 | N31: =(M31*100)/$P$8 -> 0 | O31: =H31+J31+L31 -> 10 | P31: =IF(AVERAGE(H31,J31,L31)<6,(5),(ROUND(AVERAGE(H31,J31,L31),0))) -> 10 | R31: =IF(N31>20,"EXTRA","ORD") -> ORD
A32: 21 | C32: GARCIA | D32: PEÑA | E32: ANDREI | G32: 0 | H32: 9 | M32: =G32+I32+K32 -> 0 | N32: =(M32*100)/$P$8 -> 0 | O32: =H32+J32+L32 -> 9 | P32: =IF(AVERAGE(H32,J32,L32)<6,(5),(ROUND(AVERAGE(H32,J32,L32),0))) -> 9 | R32: =IF(N32>20,"EXTRA","ORD") -> ORD
A33: 22 | C33: GARCILAZO | D33: MARTINEZ | E33: ALFONSO | G33: 0 | H33: 6 | M33: =G33+I33+K33 -> 0 | N33: =(M33*100)/$P$8 -> 0 | O33: =H33+J33+L33 -> 6 | P33: =IF(AVERAGE(H33,J33,L33)<6,(5),(ROUND(AVERAGE(H33,J33,L33),0))) -> 6 | R33: =IF(N33>20,"EXTRA","ORD") -> ORD
A34: 23 | C34: GODOY | D34: MARQUEZ | E34: DUSTIN YALIL | G34: 1 | H34: 5 | M34: =G34+I34+K34 -> 1 | N34: =(M34*100)/$P$8 -> 11.111111 | O34: =H34+J34+L34 -> 5 | P34: =IF(AVERAGE(H34,J34,L34)<6,(5),(ROUND(AVERAGE(H34,J34,L34),0))) -> 5 | R34: =IF(N34>20,"EXTRA","ORD") -> ORD
B35: 24 | C35: GONZALEZ | D35: RAMOS | E35: FATIMA NAOMY | G35: 2 | H35: 7 | M35: =G35+I35+K35 -> 2 | N35: =(M35*100)/$P$8 -> 22.222222 | O35: =H35+J35+L35 -> 7 | P35: =IF(AVERAGE(H35,J35,L35)<6,(5),(ROUND(AVERAGE(H35,J35,L35),0))) -> 7 | R35: =IF(N35>20,"EXTRA","ORD") -> EXTRA
B36: 25 | C36: GUERRERO | D36: ORTIZ | E36: VALERIA ROMINA | G36: 0 | H36: 7 | M36: =G36+I36+K36 -> 0 | N36: =(M36*100)/$P$8 -> 0 | O36: =H36+J36+L36 -> 7 | P36: =IF(AVERAGE(H36,J36,L36)<6,(5),(ROUND(AVERAGE(H36,J36,L36),0))) -> 7 | R36: =IF(N36>20,"EXTRA","ORD") -> ORD
B37: 26 | C37: GUTIERREZ | D37: ANGELES | E37: SAMANTHA PAOLA | G37: 0 | H37: 7 | M37: =G37+I37+K37 -> 0 | N37: =(M37*100)/$P$8 -> 0 | O37: =H37+J37+L37 -> 7 | P37: =IF(AVERAGE(H37,J37,L37)<6,(5),(ROUND(AVERAGE(H37,J37,L37),0))) -> 7 | R37: =IF(N37>20,"EXTRA","ORD") -> ORD
A38: 27 | C38: HERNANDEZ | D38: VARGAS | E38: MOISES | G38: 0 | H38: 7 | M38: =G38+I38+K38 -> 0 | N38: =(M38*100)/$P$8 -> 0 | O38: =H38+J38+L38 -> 7 | P38: =IF(AVERAGE(H38,J38,L38)<6,(5),(ROUND(AVERAGE(H38,J38,L38),0))) -> 7 | R38: =IF(N38>20,"EXTRA","ORD") -> ORD
B39: 28 | C39: HERNANDEZ | D39: VIVEROS | E39: SAMANTHA SHARON | G39: 0 | H39: 8 | M39: =G39+I39+K39 -> 0 | N39: =(M39*100)/$P$8 -> 0 | O39: =H39+J39+L39 -> 8 | P39: =IF(AVERAGE(H39,J39,L39)<6,(5),(ROUND(AVERAGE(H39,J39,L39),0))) -> 8 | R39: =IF(N39>20,"EXTRA","ORD") -> ORD
B40: 29 | C40: ISLAS | D40: GARCIA | E40: MARIANA | G40: 0 | H40: 8 | M40: =G40+I40+K40 -> 0 | N40: =(M40*100)/$P$8 -> 0 | O40: =H40+J40+L40 -> 8 | P40: =IF(AVERAGE(H40,J40,L40)<6,(5),(ROUND(AVERAGE(H40,J40,L40),0))) -> 8 | R40: =IF(N40>20,"EXTRA","ORD") -> ORD
A41: 30 | C41: ISLAS | D41: VELEZ | E41: SANTIAGO | G41: 0 | H41: 8 | M41: =G41+I41+K41 -> 0 | N41: =(M41*100)/$P$8 -> 0 | O41: =H41+J41+L41 -> 8 | P41: =IF(AVERAGE(H41,J41,L41)<6,(5),(ROUND(AVERAGE(H41,J41,L41),0))) -> 8 | R41: =IF(N41>20,"EXTRA","ORD") -> ORD
A42: 31 | C42: LAGUNA | D42: ESTRADA | E42: MAEL MAXIMILIANO | G42: 0 | H42: 8 | M42: =G42+I42+K42 -> 0 | N42: =(M42*100)/$P$8 -> 0 | O42: =H42+J42+L42 -> 8 | P42: =IF(AVERAGE(H42,J42,L42)<6,(5),(ROUND(AVERAGE(H42,J42,L42),0))) -> 8 | R42: =IF(N42>20,"EXTRA","ORD") -> ORD
B43: 32 | C43: LEZAMA | D43: ALVAREZ | E43: SOFIA NIKTE | G43: 0 | H43: 6 | M43: =G43+I43+K43 -> 0 | N43: =(M43*100)/$P$8 -> 0 | O43: =H43+J43+L43 -> 6 | P43: =IF(AVERAGE(H43,J43,L43)<6,(5),(ROUND(AVERAGE(H43,J43,L43),0))) -> 6 | R43: =IF(N43>20,"EXTRA","ORD") -> ORD
B44: 33 | C44: LOZANO | D44: JUAREZ | E44: LUZ ARISDELSI | G44: 0 | H44: 8 | M44: =G44+I44+K44 -> 0 | N44: =(M44*100)/$P$8 -> 0 | O44: =H44+J44+L44 -> 8 | P44: =IF(AVERAGE(H44,J44,L44)<6,(5),(ROUND(AVERAGE(H44,J44,L44),0))) -> 8 | R44: =IF(N44>20,"EXTRA","ORD") -> ORD
A45: 34 | C45: MALDONADO | D45: CAMERONI | E45: DUSTIN ALEXANDER | G45: 2 | H45: 5 | M45: =G45+I45+K45 -> 2 | N45: =(M45*100)/$P$8 -> 22.222222 | O45: =H45+J45+L45 -> 5 | P45: =IF(AVERAGE(H45,J45,L45)<6,(5),(ROUND(AVERAGE(H45,J45,L45),0))) -> 5 | R45: =IF(N45>20,"EXTRA","ORD") -> EXTRA
B46: 35 | C46: MENA | D46: RAMOS | E46: MELANY YULIANA | G46: 0 | H46: 9 | M46: =G46+I46+K46 -> 0 | N46: =(M46*100)/$P$8 -> 0 | O46: =H46+J46+L46 -> 9 | P46: =IF(AVERAGE(H46,J46,L46)<6,(5),(ROUND(AVERAGE(H46,J46,L46),0))) -> 9 | R46: =IF(N46>20,"EXTRA","ORD") -> ORD
A47: 36 | C47: MUÑOZ | D47: FLORES | E47: ALEJANDRO | G47: 0 | H47: 8 | M47: =G47+I47+K47 -> 0 | N47: =(M47*100)/$P$8 -> 0 | O47: =H47+J47+L47 -> 8 | P47: =IF(AVERAGE(H47,J47,L47)<6,(5),(ROUND(AVERAGE(H47,J47,L47),0))) -> 8 | R47: =IF(N47>20,"EXTRA","ORD") -> ORD
A48: 37 | C48: MUÑOZ | D48: MAGAÑA | E48: SANTIAGO | G48: 0 | H48: 10 | M48: =G48+I48+K48 -> 0 | N48: =(M48*100)/$P$8 -> 0 | O48: =H48+J48+L48 -> 10 | P48: =IF(AVERAGE(H48,J48,L48)<6,(5),(ROUND(AVERAGE(H48,J48,L48),0))) -> 10 | R48: =IF(N48>20,"EXTRA","ORD") -> ORD
B49: 38 | C49: MUÑOZ | D49: MAGAÑA | E49: XIMENA | G49: 0 | H49: 7 | M49: =G49+I49+K49 -> 0 | N49: =(M49*100)/$P$8 -> 0 | O49: =H49+J49+L49 -> 7 | P49: =IF(AVERAGE(H49,J49,L49)<6,(5),(ROUND(AVERAGE(H49,J49,L49),0))) -> 7 | R49: =IF(N49>20,"EXTRA","ORD") -> ORD
A50: 39 | C50: OLVERA | D50: CRUZ | E50: LUCIO ENRIQUE | G50: 0 | H50: 10 | M50: =G50+I50+K50 -> 0 | N50: =(M50*100)/$P$8 -> 0 | O50: =H50+J50+L50 -> 10 | P50: =IF(AVERAGE(H50,J50,L50)<6,(5),(ROUND(AVERAGE(H50,J50,L50),0))) -> 10 | R50: =IF(N50>20,"EXTRA","ORD") -> ORD
B51: 40 | C51: OSORIO | D51: SANCHEZ | E51: PAULA | G51: 0 | H51: 7 | M51: =G51+I51+K51 -> 0 | N51: =(M51*100)/$P$8 -> 0 | O51: =H51+J51+L51 -> 7 | P51: =IF(AVERAGE(H51,J51,L51)<6,(5),(ROUND(AVERAGE(H51,J51,L51),0))) -> 7 | R51: =IF(N51>20,"EXTRA","ORD") -> ORD
A52: 41 | C52: PACHECO | D52: GONZALEZ | E52: DYLAN ALEXANDER | G52: 0 | H52: 7 | M52: =G52+I52+K52 -> 0 | N52: =(M52*100)/$P$8 -> 0 | O52: =H52+J52+L52 -> 7 | P52: =IF(AVERAGE(H52,J52,L52)<6,(5),(ROUND(AVERAGE(H52,J52,L52),0))) -> 7 | R52: =IF(N52>20,"EXTRA","ORD") -> ORD
A53: 42 | C53: RADILLA | D53: HERNANDEZ | E53: SANTIAGO GAMALIEL | G53: 0 | H53: 8 | M53: =G53+I53+K53 -> 0 | N53: =(M53*100)/$P$8 -> 0 | O53: =H53+J53+L53 -> 8 | P53: =IF(AVERAGE(H53,J53,L53)<6,(5),(ROUND(AVERAGE(H53,J53,L53),0))) -> 8 | R53: =IF(N53>20,"EXTRA","ORD") -> ORD
A54: 43 | C54: RAMIREZ | D54: RODRIGUEZ | E54: BRUNO | G54: 0 | H54: 10 | M54: =G54+I54+K54 -> 0 | N54: =(M54*100)/$P$8 -> 0 | O54: =H54+J54+L54 -> 10 | P54: =IF(AVERAGE(H54,J54,L54)<6,(5),(ROUND(AVERAGE(H54,J54,L54),0))) -> 10 | R54: =IF(N54>20,"EXTRA","ORD") -> ORD
B55: 44 | C55: ROMERO | D55: DOMINGEZ | E55: SARA DANIELA | G55: 0 | H55: 10 | M55: =G55+I55+K55 -> 0 | N55: =(M55*100)/$P$8 -> 0 | O55: =H55+J55+L55 -> 10 | P55: =IF(AVERAGE(H55,J55,L55)<6,(5),(ROUND(AVERAGE(H55,J55,L55),0))) -> 10 | R55: =IF(N55>20,"EXTRA","ORD") -> ORD
A56: 45 | C56: RUBIO | D56: HERNANDEZ | E56: AZAEL ALEJANDRO | G56: 0 | H56: 7 | M56: =G56+I56+K56 -> 0 | N56: =(M56*100)/$P$8 -> 0 | O56: =H56+J56+L56 -> 7 | P56: =IF(AVERAGE(H56,J56,L56)<6,(5),(ROUND(AVERAGE(H56,J56,L56),0))) -> 7 | R56: =IF(N56>20,"EXTRA","ORD") -> ORD
A57: 46 | C57: RUIZ | D57: MENDOZA | E57: ANDREE JAEL | G57: 0 | H57: 5 | M57: =G57+I57+K57 -> 0 | N57: =(M57*100)/$P$8 -> 0 | O57: =H57+J57+L57 -> 5 | P57: =IF(AVERAGE(H57,J57,L57)<6,(5),(ROUND(AVERAGE(H57,J57,L57),0))) -> 5 | R57: =IF(N57>20,"EXTRA","ORD") -> ORD
B58: 47 | C58: SANCHEZ | D58: JIMENEZ | E58: LILI | G58: 0 | H58: 8 | M58: =G58+I58+K58 -> 0 | N58: =(M58*100)/$P$8 -> 0 | O58: =H58+J58+L58 -> 8 | P58: =IF(AVERAGE(H58,J58,L58)<6,(5),(ROUND(AVERAGE(H58,J58,L58),0))) -> 8 | R58: =IF(N58>20,"EXTRA","ORD") -> ORD
B59: 48 | C59: SANTILLAN | D59: HUERTA | E59: DULCE ELEONOR | G59: 0 | H59: 10 | M59: =G59+I59+K59 -> 0 | N59: =(M59*100)/$P$8 -> 0 | O59: =H59+J59+L59 -> 10 | P59: =IF(AVERAGE(H59,J59,L59)<6,(5),(ROUND(AVERAGE(H59,J59,L59),0))) -> 10 | R59: =IF(N59>20,"EXTRA","ORD") -> ORD
A60: 49 | C60: SUAZO | D60: RIOS | E60: SANTIAGO | G60: 0 | H60: 10 | M60: =G60+I60+K60 -> 0 | N60: =(M60*100)/$P$8 -> 0 | O60: =H60+J60+L60 -> 10 | P60: =IF(AVERAGE(H60,J60,L60)<6,(5),(ROUND(AVERAGE(H60,J60,L60),0))) -> 10 | R60: =IF(N60>20,"EXTRA","ORD") -> ORD
A61: 50 | C61: TOVAR | D61: CENTENO | E61: MARCOS ARIEL | G61: 0 | H61: 10 | M61: =G61+I61+K61 -> 0 | N61: =(M61*100)/$P$8 -> 0 | O61: =H61+J61+L61 -> 10 | P61: =IF(AVERAGE(H61,J61,L61)<6,(5),(ROUND(AVERAGE(H61,J61,L61),0))) -> 10 | R61: =IF(N61>20,"EXTRA","ORD") -> ORD
A62: 51 | C62: TREJO | D62: VELAZQUEZ | E62: SEBASTIAN | G62: 0 | H62: 9 | M62: =G62+I62+K62 -> 0 | N62: =(M62*100)/$P$8 -> 0 | O62: =H62+J62+L62 -> 9 | P62: =IF(AVERAGE(H62,J62,L62)<6,(5),(ROUND(AVERAGE(H62,J62,L62),0))) -> 9 | R62: =IF(N62>20,"EXTRA","ORD") -> ORD
A63: 52 | C63: VARGAS | D63: HERNANDEZ | E63: VICTOR ALFONSO | G63: 0 | H63: 10 | M63: =G63+I63+K63 -> 0 | N63: =(M63*100)/$P$8 -> 0 | O63: =H63+J63+L63 -> 10 | P63: =IF(AVERAGE(H63,J63,L63)<6,(5),(ROUND(AVERAGE(H63,J63,L63),0))) -> 10 | R63: =IF(N63>20,"EXTRA","ORD") -> ORD
B64: 53 | C64: VARGAS | D64: LUNA | E64: RENATA CAROLINA | G64: 0 | H64: 9 | M64: =G64+I64+K64 -> 0 | N64: =(M64*100)/$P$8 -> 0 | O64: =H64+J64+L64 -> 9 | P64: =IF(AVERAGE(H64,J64,L64)<6,(5),(ROUND(AVERAGE(H64,J64,L64),0))) -> 9 | R64: =IF(N64>20,"EXTRA","ORD") -> ORD
E65: Totales | G65: =SUM(G12:G64) -> 6 | H65: =AVERAGE(H12:H64) -> 7.8867925 | I65: =SUM(I12:I64) -> 0 | J65: =AVERAGE(J12:J64) -> #DIV/0! | K65: =SUM(K12:K64) -> 0 | L65: =AVERAGE(L12:L64) -> #DIV/0! | M65: =SUM(M12:M64) -> 6 | N65: PROMEDIO FINAL | P65: =AVERAGE(P6:P64) -> 7.9074074
A66: H | B66: M | E66: APROBADOS | H66: =COUNTIF(H12:H64,">5") -> 47 | J66: =COUNTIF(J12:J64,">5") -> 0 | L66: =COUNTIF(L12:L64,">5") -> 0 | N66: APROBADOS FINAL | P66: =COUNTIF(P12:P64,">5") -> 47
A67: =COUNT(A12:A64) -> 28 | B67: =COUNT(B12:B64) -> 25 | E67: REPROBADOS | H67: =COUNTIF(H12:H64,5) -> 6 | J67: =COUNTIF(J12:J64,5) -> 0 | L67: =COUNTIF(L12:L64,5) -> 0 | N67: EXTRAORDINARIOS | P67: =COUNTIF(P12:P64,5) -> 6
E68: % APROVECHAMIENTO | H68: =H66*100/H9 -> 88.679245 | J68: =J66*100/H9 -> 0 | L68: =L66*100/H9 -> 0 | N68: APROVECH FINAL | P68: =P66*100/H9 -> 88.679245
N69: % FALTAS | P69: =AVERAGE(N12:N64) -> 1.2578616
N70: % ASISTENCIA | P70: =100-P69 -> 98.742138

Sheet 1-1 educacion para la salud ii
O1: HORAS IMPARTIDAS
C2: ORIENTADOR | D2: JOSE EDGAR SALAZAR ZUÑIGA | H2: ESCUELA PREPARATORIA OFICIAL NÚM.67 | O2: Febrero
H3: “2026. Año del Humanismo Mexicano en el Estado de México ”. | O3: Marzo
H4: CICLO ESCOLAR: 2025 -2026 | O4: Abril
E5: TURNO : | G5: MATUTINO | J5: Grado | K5: 1° | L5: Grupo | M5: 1 | O5: Mayo
E6: PROFESOR(A): | K6: UAC | L6: EDUCACIÓN PARA LA SALUD II | O6: Junio | P6: 5
G7: HOMBRES | H7: =A67 -> 28 | O7: Julio
G8: MUJERES | H8: =B67 -> 25 | O8: TOTAL | P8: =SUM(P2:P7) -> 5
G9: TOTAL | H9: =H7+H8 -> 53
A10: N | B10: P | C10: NOMBRE DEL ALUMNO | G10: PRIMERA EVALUACIÓN | I10: SEGUNDA EVALUACIÓN | K10: TERCERA EVALUACIÓN | M10: EVALUACIÓN FINAL
A11: H | B11: M | G11: FALTAS | H11: CALIF. | I11: FALTAS | J11: CALIF. | K11: FALTAS | L11: CALIF. | M11: TOT. DE FALTAS | N11: % FALTAS | O11: TOTAL DE PUNTOS | P11: CALIF. FINAL | Q11: FIRMA DEL ALUMNO | R11: ESTATUS
B12: 1 | C12: ALVAREZ | D12: HERNANDEZ | E12: DAYANNA ZOE | G12: 0 | H12: 7 | M12: =G12+I12+K12 -> 0 | N12: =(M12*100)/$P$8 -> 0 | O12: =H12+J12+L12 -> 7 | P12: =IF(AVERAGE(H12,J12,L12)<6,(5),(ROUND(AVERAGE(H12,J12,L12),0))) -> 7 | R12: =IF(N12>20,"EXTRA","ORD") -> ORD
B13: 2 | C13: ANAYA | D13: LEAL | E13: ANA IXCHEL | G13: 0 | H13: 10 | M13: =G13+I13+K13 -> 0 | N13: =(M13*100)/$P$8 -> 0 | O13: =H13+J13+L13 -> 10 | P13: =IF(AVERAGE(H13,J13,L13)<6,(5),(ROUND(AVERAGE(H13,J13,L13),0))) -> 10 | R13: =IF(N13>20,"EXTRA","ORD") -> ORD
B14: 3 | C14: ARIAS | D14: APARICIO | E14: AILISH ELIZABETH | G14: 0 | H14: 10 | M14: =G14+I14+K14 -> 0 | N14: =(M14*100)/$P$8 -> 0 | O14: =H14+J14+L14 -> 10 | P14: =IF(AVERAGE(H14,J14,L14)<6,(5),(ROUND(AVERAGE(H14,J14,L14),0))) -> 10 | R14: =IF(N14>20,"EXTRA","ORD") -> ORD
A15: 4 | C15: ARRAZOLA | D15: ROMERO | E15: DIEGO IVAN | G15: 0 | H15: 6 | M15: =G15+I15+K15 -> 0 | N15: =(M15*100)/$P$8 -> 0 | O15: =H15+J15+L15 -> 6 | P15: =IF(AVERAGE(H15,J15,L15)<6,(5),(ROUND(AVERAGE(H15,J15,L15),0))) -> 6 | R15: =IF(N15>20,"EXTRA","ORD") -> ORD
A16: 5 | C16: ARREDONDO | D16: LOREDO | E16: JOSHUA JAAFET | G16: 0 | H16: 8 | M16: =G16+I16+K16 -> 0 | N16: =(M16*100)/$P$8 -> 0 | O16: =H16+J16+L16 -> 8 | P16: =IF(AVERAGE(H16,J16,L16)<6,(5),(ROUND(AVERAGE(H16,J16,L16),0))) -> 8 | R16: =IF(N16>20,"EXTRA","ORD") -> ORD
B17: 6 | C17: AVILES | D17: ACOSTA | E17: ARELI | G17: 0 | H17: 8 | M17: =G17+I17+K17 -> 0 | N17: =(M17*100)/$P$8 -> 0 | O17: =H17+J17+L17 -> 8 | P17: =IF(AVERAGE(H17,J17,L17)<6,(5),(ROUND(AVERAGE(H17,J17,L17),0))) -> 8 | R17: =IF(N17>20,"EXTRA","ORD") -> ORD
A18: 7 | C18: CARBAJAL | D18: RODRIGUEZ | E18: GAEL | G18: 0 | H18: 8 | M18: =G18+I18+K18 -> 0 | N18: =(M18*100)/$P$8 -> 0 | O18: =H18+J18+L18 -> 8 | P18: =IF(AVERAGE(H18,J18,L18)<6,(5),(ROUND(AVERAGE(H18,J18,L18),0))) -> 8 | R18: =IF(N18>20,"EXTRA","ORD") -> ORD
A19: 8 | C19: CARDENAS | D19: MORENO | E19: CRISTOPHER TADEO | G19: 0 | H19: 10 | M19: =G19+I19+K19 -> 0 | N19: =(M19*100)/$P$8 -> 0 | O19: =H19+J19+L19 -> 10 | P19: =IF(AVERAGE(H19,J19,L19)<6,(5),(ROUND(AVERAGE(H19,J19,L19),0))) -> 10 | R19: =IF(N19>20,"EXTRA","ORD") -> ORD
B20: 9 | C20: CASTILLO | D20: HERNANDEZ | E20: XUNELLY | G20: 0 | H20: 5 | M20: =G20+I20+K20 -> 0 | N20: =(M20*100)/$P$8 -> 0 | O20: =H20+J20+L20 -> 5 | P20: =IF(AVERAGE(H20,J20,L20)<6,(5),(ROUND(AVERAGE(H20,J20,L20),0))) -> 5 | R20: =IF(N20>20,"EXTRA","ORD") -> ORD
B21: 10 | C21: CEREZO | D21: MORALES | E21: LOURDES YURYCO | G21: 0 | H21: 10 | M21: =G21+I21+K21 -> 0 | N21: =(M21*100)/$P$8 -> 0 | O21: =H21+J21+L21 -> 10 | P21: =IF(AVERAGE(H21,J21,L21)<6,(5),(ROUND(AVERAGE(H21,J21,L21),0))) -> 10 | R21: =IF(N21>20,"EXTRA","ORD") -> ORD
A22: 11 | C22: CONTRERAS | D22: QUIÑONES | E22: OLIVER | G22: 0 | H22: 8 | M22: =G22+I22+K22 -> 0 | N22: =(M22*100)/$P$8 -> 0 | O22: =H22+J22+L22 -> 8 | P22: =IF(AVERAGE(H22,J22,L22)<6,(5),(ROUND(AVERAGE(H22,J22,L22),0))) -> 8 | R22: =IF(N22>20,"EXTRA","ORD") -> ORD
B23: 12 | C23: CRUZ | D23: CENTENO | E23: ALEXA ABIGAIL | G23: 0 | H23: 6 | M23: =G23+I23+K23 -> 0 | N23: =(M23*100)/$P$8 -> 0 | O23: =H23+J23+L23 -> 6 | P23: =IF(AVERAGE(H23,J23,L23)<6,(5),(ROUND(AVERAGE(H23,J23,L23),0))) -> 6 | R23: =IF(N23>20,"EXTRA","ORD") -> ORD
A24: 13 | C24: CRUZ | D24: PAZ | E24: CARLOS ALFONSO | G24: 0 | H24: 5 | M24: =G24+I24+K24 -> 0 | N24: =(M24*100)/$P$8 -> 0 | O24: =H24+J24+L24 -> 5 | P24: =IF(AVERAGE(H24,J24,L24)<6,(5),(ROUND(AVERAGE(H24,J24,L24),0))) -> 5 | R24: =IF(N24>20,"EXTRA","ORD") -> ORD
B25: 14 | C25: DIAZ | D25: MOLINA | E25: EMILIANA ALESSANDRA | G25: 0 | H25: 10 | M25: =G25+I25+K25 -> 0 | N25: =(M25*100)/$P$8 -> 0 | O25: =H25+J25+L25 -> 10 | P25: =IF(AVERAGE(H25,J25,L25)<6,(5),(ROUND(AVERAGE(H25,J25,L25),0))) -> 10 | R25: =IF(N25>20,"EXTRA","ORD") -> ORD
A26: 15 | C26: DUARTE | D26: ADJUNTAS | E26: RICARDO JESUS | G26: 0 | H26: 10 | M26: =G26+I26+K26 -> 0 | N26: =(M26*100)/$P$8 -> 0 | O26: =H26+J26+L26 -> 10 | P26: =IF(AVERAGE(H26,J26,L26)<6,(5),(ROUND(AVERAGE(H26,J26,L26),0))) -> 10 | R26: =IF(N26>20,"EXTRA","ORD") -> ORD
A27: 16 | C27: ESTRADA | D27: VENEGAS | E27: DAVID RICARDO | G27: 0 | H27: 5 | M27: =G27+I27+K27 -> 0 | N27: =(M27*100)/$P$8 -> 0 | O27: =H27+J27+L27 -> 5 | P27: =IF(AVERAGE(H27,J27,L27)<6,(5),(ROUND(AVERAGE(H27,J27,L27),0))) -> 5 | R27: =IF(N27>20,"EXTRA","ORD") -> ORD
B28: 17 | C28: FLORES | D28: VARGAS | E28: FERNANDA DESSIRE | G28: 0 | H28: 7 | M28: =G28+I28+K28 -> 0 | N28: =(M28*100)/$P$8 -> 0 | O28: =H28+J28+L28 -> 7 | P28: =IF(AVERAGE(H28,J28,L28)<6,(5),(ROUND(AVERAGE(H28,J28,L28),0))) -> 7 | R28: =IF(N28>20,"EXTRA","ORD") -> ORD
A29: 18 | C29: FUENTES | D29: HERNANDEZ | E29: DIEGO ISRAEL | G29: 0 | H29: 6 | M29: =G29+I29+K29 -> 0 | N29: =(M29*100)/$P$8 -> 0 | O29: =H29+J29+L29 -> 6 | P29: =IF(AVERAGE(H29,J29,L29)<6,(5),(ROUND(AVERAGE(H29,J29,L29),0))) -> 6 | R29: =IF(N29>20,"EXTRA","ORD") -> ORD
B30: 19 | C30: GALINDO | D30: CRUZ | E30: LUISA VALENTINA | G30: 1 | H30: 6 | M30: =G30+I30+K30 -> 1 | N30: =(M30*100)/$P$8 -> 20 | O30: =H30+J30+L30 -> 6 | P30: =IF(AVERAGE(H30,J30,L30)<6,(5),(ROUND(AVERAGE(H30,J30,L30),0))) -> 6 | R30: =IF(N30>20,"EXTRA","ORD") -> ORD
B31: 20 | C31: GARCIA | D31: ARELLANO | E31: YULIANA REBECA | G31: 0 | H31: 10 | M31: =G31+I31+K31 -> 0 | N31: =(M31*100)/$P$8 -> 0 | O31: =H31+J31+L31 -> 10 | P31: =IF(AVERAGE(H31,J31,L31)<6,(5),(ROUND(AVERAGE(H31,J31,L31),0))) -> 10 | R31: =IF(N31>20,"EXTRA","ORD") -> ORD
A32: 21 | C32: GARCIA | D32: PEÑA | E32: ANDREI | G32: 0 | H32: 9 | M32: =G32+I32+K32 -> 0 | N32: =(M32*100)/$P$8 -> 0 | O32: =H32+J32+L32 -> 9 | P32: =IF(AVERAGE(H32,J32,L32)<6,(5),(ROUND(AVERAGE(H32,J32,L32),0))) -> 9 | R32: =IF(N32>20,"EXTRA","ORD") -> ORD
A33: 22 | C33: GARCILAZO | D33: MARTINEZ | E33: ALFONSO | G33: 0 | H33: 6 | M33: =G33+I33+K33 -> 0 | N33: =(M33*100)/$P$8 -> 0 | O33: =H33+J33+L33 -> 6 | P33: =IF(AVERAGE(H33,J33,L33)<6,(5),(ROUND(AVERAGE(H33,J33,L33),0))) -> 6 | R33: =IF(N33>20,"EXTRA","ORD") -> ORD
A34: 23 | C34: GODOY | D34: MARQUEZ | E34: DUSTIN YALIL | G34: 1 | H34: 5 | M34: =G34+I34+K34 -> 1 | N34: =(M34*100)/$P$8 -> 20 | O34: =H34+J34+L34 -> 5 | P34: =IF(AVERAGE(H34,J34,L34)<6,(5),(ROUND(AVERAGE(H34,J34,L34),0))) -> 5 | R34: =IF(N34>20,"EXTRA","ORD") -> ORD
B35: 24 | C35: GONZALEZ | D35: RAMOS | E35: FATIMA NAOMY | G35: 2 | H35: 7 | M35: =G35+I35+K35 -> 2 | N35: =(M35*100)/$P$8 -> 40 | O35: =H35+J35+L35 -> 7 | P35: =IF(AVERAGE(H35,J35,L35)<6,(5),(ROUND(AVERAGE(H35,J35,L35),0))) -> 7 | R35: =IF(N35>20,"EXTRA","ORD") -> EXTRA
B36: 25 | C36: GUERRERO | D36: ORTIZ | E36: VALERIA ROMINA | G36: 0 | H36: 7 | M36: =G36+I36+K36 -> 0 | N36: =(M36*100)/$P$8 -> 0 | O36: =H36+J36+L36 -> 7 | P36: =IF(AVERAGE(H36,J36,L36)<6,(5),(ROUND(AVERAGE(H36,J36,L36),0))) -> 7 | R36: =IF(N36>20,"EXTRA","ORD") -> ORD
B37: 26 | C37: GUTIERREZ | D37: ANGELES | E37: SAMANTHA PAOLA | G37: 0 | H37: 7 | M37: =G37+I37+K37 -> 0 | N37: =(M37*100)/$P$8 -> 0 | O37: =H37+J37+L37 -> 7 | P37: =IF(AVERAGE(H37,J37,L37)<6,(5),(ROUND(AVERAGE(H37,J37,L37),0))) -> 7 | R37: =IF(N37>20,"EXTRA","ORD") -> ORD
A38: 27 | C38: HERNANDEZ | D38: VARGAS | E38: MOISES | G38: 0 | H38: 7 | M38: =G38+I38+K38 -> 0 | N38: =(M38*100)/$P$8 -> 0 | O38: =H38+J38+L38 -> 7 | P38: =IF(AVERAGE(H38,J38,L38)<6,(5),(ROUND(AVERAGE(H38,J38,L38),0))) -> 7 | R38: =IF(N38>20,"EXTRA","ORD") -> ORD
B39: 28 | C39: HERNANDEZ | D39: VIVEROS | E39: SAMANTHA SHARON | G39: 0 | H39: 8 | M39: =G39+I39+K39 -> 0 | N39: =(M39*100)/$P$8 -> 0 | O39: =H39+J39+L39 -> 8 | P39: =IF(AVERAGE(H39,J39,L39)<6,(5),(ROUND(AVERAGE(H39,J39,L39),0))) -> 8 | R39: =IF(N39>20,"EXTRA","ORD") -> ORD
B40: 29 | C40: ISLAS | D40: GARCIA | E40: MARIANA | G40: 0 | H40: 8 | M40: =G40+I40+K40 -> 0 | N40: =(M40*100)/$P$8 -> 0 | O40: =H40+J40+L40 -> 8 | P40: =IF(AVERAGE(H40,J40,L40)<6,(5),(ROUND(AVERAGE(H40,J40,L40),0))) -> 8 | R40: =IF(N40>20,"EXTRA","ORD") -> ORD
A41: 30 | C41: ISLAS | D41: VELEZ | E41: SANTIAGO | G41: 0 | H41: 8 | M41: =G41+I41+K41 -> 0 | N41: =(M41*100)/$P$8 -> 0 | O41: =H41+J41+L41 -> 8 | P41: =IF(AVERAGE(H41,J41,L41)<6,(5),(ROUND(AVERAGE(H41,J41,L41),0))) -> 8 | R41: =IF(N41>20,"EXTRA","ORD") -> ORD
A42: 31 | C42: LAGUNA | D42: ESTRADA | E42: MAEL MAXIMILIANO | G42: 0 | H42: 8 | M42: =G42+I42+K42 -> 0 | N42: =(M42*100)/$P$8 -> 0 | O42: =H42+J42+L42 -> 8 | P42: =IF(AVERAGE(H42,J42,L42)<6,(5),(ROUND(AVERAGE(H42,J42,L42),0))) -> 8 | R42: =IF(N42>20,"EXTRA","ORD") -> ORD
B43: 32 | C43: LEZAMA | D43: ALVAREZ | E43: SOFIA NIKTE | G43: 0 | H43: 6 | M43: =G43+I43+K43 -> 0 | N43: =(M43*100)/$P$8 -> 0 | O43: =H43+J43+L43 -> 6 | P43: =IF(AVERAGE(H43,J43,L43)<6,(5),(ROUND(AVERAGE(H43,J43,L43),0))) -> 6 | R43: =IF(N43>20,"EXTRA","ORD") -> ORD
B44: 33 | C44: LOZANO | D44: JUAREZ | E44: LUZ ARISDELSI | G44: 0 | H44: 8 | M44: =G44+I44+K44 -> 0 | N44: =(M44*100)/$P$8 -> 0 | O44: =H44+J44+L44 -> 8 | P44: =IF(AVERAGE(H44,J44,L44)<6,(5),(ROUND(AVERAGE(H44,J44,L44),0))) -> 8 | R44: =IF(N44>20,"EXTRA","ORD") -> ORD
A45: 34 | C45: MALDONADO | D45: CAMERONI | E45: DUSTIN ALEXANDER | G45: 2 | H45: 5 | M45: =G45+I45+K45 -> 2 | N45: =(M45*100)/$P$8 -> 40 | O45: =H45+J45+L45 -> 5 | P45: =IF(AVERAGE(H45,J45,L45)<6,(5),(ROUND(AVERAGE(H45,J45,L45),0))) -> 5 | R45: =IF(N45>20,"EXTRA","ORD") -> EXTRA
B46: 35 | C46: MENA | D46: RAMOS | E46: MELANY YULIANA | G46: 0 | H46: 9 | M46: =G46+I46+K46 -> 0 | N46: =(M46*100)/$P$8 -> 0 | O46: =H46+J46+L46 -> 9 | P46: =IF(AVERAGE(H46,J46,L46)<6,(5),(ROUND(AVERAGE(H46,J46,L46),0))) -> 9 | R46: =IF(N46>20,"EXTRA","ORD") -> ORD
A47: 36 | C47: MUÑOZ | D47: FLORES | E47: ALEJANDRO | G47: 0 | H47: 8 | M47: =G47+I47+K47 -> 0 | N47: =(M47*100)/$P$8 -> 0 | O47: =H47+J47+L47 -> 8 | P47: =IF(AVERAGE(H47,J47,L47)<6,(5),(ROUND(AVERAGE(H47,J47,L47),0))) -> 8 | R47: =IF(N47>20,"EXTRA","ORD") -> ORD
A48: 37 | C48: MUÑOZ | D48: MAGAÑA | E48: SANTIAGO | G48: 0 | H48: 10 | M48: =G48+I48+K48 -> 0 | N48: =(M48*100)/$P$8 -> 0 | O48: =H48+J48+L48 -> 10 | P48: =IF(AVERAGE(H48,J48,L48)<6,(5),(ROUND(AVERAGE(H48,J48,L48),0))) -> 10 | R48: =IF(N48>20,"EXTRA","ORD") -> ORD
B49: 38 | C49: MUÑOZ | D49: MAGAÑA | E49: XIMENA | G49: 0 | H49: 7 | M49: =G49+I49+K49 -> 0 | N49: =(M49*100)/$P$8 -> 0 | O49: =H49+J49+L49 -> 7 | P49: =IF(AVERAGE(H49,J49,L49)<6,(5),(ROUND(AVERAGE(H49,J49,L49),0))) -> 7 | R49: =IF(N49>20,"EXTRA","ORD") -> ORD
A50: 39 | C50: OLVERA | D50: CRUZ | E50: LUCIO ENRIQUE | G50: 0 | H50: 10 | M50: =G50+I50+K50 -> 0 | N50: =(M50*100)/$P$8 -> 0 | O50: =H50+J50+L50 -> 10 | P50: =IF(AVERAGE(H50,J50,L50)<6,(5),(ROUND(AVERAGE(H50,J50,L50),0))) -> 10 | R50: =IF(N50>20,"EXTRA","ORD") -> ORD
B51: 40 | C51: OSORIO | D51: SANCHEZ | E51: PAULA | G51: 0 | H51: 7 | M51: =G51+I51+K51 -> 0 | N51: =(M51*100)/$P$8 -> 0 | O51: =H51+J51+L51 -> 7 | P51: =IF(AVERAGE(H51,J51,L51)<6,(5),(ROUND(AVERAGE(H51,J51,L51),0))) -> 7 | R51: =IF(N51>20,"EXTRA","ORD") -> ORD
A52: 41 | C52: PACHECO | D52: GONZALEZ | E52: DYLAN ALEXANDER | G52: 0 | H52: 7 | M52: =G52+I52+K52 -> 0 | N52: =(M52*100)/$P$8 -> 0 | O52: =H52+J52+L52 -> 7 | P52: =IF(AVERAGE(H52,J52,L52)<6,(5),(ROUND(AVERAGE(H52,J52,L52),0))) -> 7 | R52: =IF(N52>20,"EXTRA","ORD") -> ORD
A53: 42 | C53: RADILLA | D53: HERNANDEZ | E53: SANTIAGO GAMALIEL | G53: 0 | H53: 8 | M53: =G53+I53+K53 -> 0 | N53: =(M53*100)/$P$8 -> 0 | O53: =H53+J53+L53 -> 8 | P53: =IF(AVERAGE(H53,J53,L53)<6,(5),(ROUND(AVERAGE(H53,J53,L53),0))) -> 8 | R53: =IF(N53>20,"EXTRA","ORD") -> ORD
A54: 43 | C54: RAMIREZ | D54: RODRIGUEZ | E54: BRUNO | G54: 0 | H54: 10 | M54: =G54+I54+K54 -> 0 | N54: =(M54*100)/$P$8 -> 0 | O54: =H54+J54+L54 -> 10 | P54: =IF(AVERAGE(H54,J54,L54)<6,(5),(ROUND(AVERAGE(H54,J54,L54),0))) -> 10 | R54: =IF(N54>20,"EXTRA","ORD") -> ORD
B55: 44 | C55: ROMERO | D55: DOMINGEZ | E55: SARA DANIELA | G55: 0 | H55: 10 | M55: =G55+I55+K55 -> 0 | N55: =(M55*100)/$P$8 -> 0 | O55: =H55+J55+L55 -> 10 | P55: =IF(AVERAGE(H55,J55,L55)<6,(5),(ROUND(AVERAGE(H55,J55,L55),0))) -> 10 | R55: =IF(N55>20,"EXTRA","ORD") -> ORD
A56: 45 | C56: RUBIO | D56: HERNANDEZ | E56: AZAEL ALEJANDRO | G56: 0 | H56: 7 | M56: =G56+I56+K56 -> 0 | N56: =(M56*100)/$P$8 -> 0 | O56: =H56+J56+L56 -> 7 | P56: =IF(AVERAGE(H56,J56,L56)<6,(5),(ROUND(AVERAGE(H56,J56,L56),0))) -> 7 | R56: =IF(N56>20,"EXTRA","ORD") -> ORD
A57: 46 | C57: RUIZ | D57: MENDOZA | E57: ANDREE JAEL | G57: 0 | H57: 5 | M57: =G57+I57+K57 -> 0 | N57: =(M57*100)/$P$8 -> 0 | O57: =H57+J57+L57 -> 5 | P57: =IF(AVERAGE(H57,J57,L57)<6,(5),(ROUND(AVERAGE(H57,J57,L57),0))) -> 5 | R57: =IF(N57>20,"EXTRA","ORD") -> ORD
B58: 47 | C58: SANCHEZ | D58: JIMENEZ | E58: LILI | G58: 0 | H58: 8 | M58: =G58+I58+K58 -> 0 | N58: =(M58*100)/$P$8 -> 0 | O58: =H58+J58+L58 -> 8 | P58: =IF(AVERAGE(H58,J58,L58)<6,(5),(ROUND(AVERAGE(H58,J58,L58),0))) -> 8 | R58: =IF(N58>20,"EXTRA","ORD") -> ORD
B59: 48 | C59: SANTILLAN | D59: HUERTA | E59: DULCE ELEONOR | G59: 0 | H59: 10 | M59: =G59+I59+K59 -> 0 | N59: =(M59*100)/$P$8 -> 0 | O59: =H59+J59+L59 -> 10 | P59: =IF(AVERAGE(H59,J59,L59)<6,(5),(ROUND(AVERAGE(H59,J59,L59),0))) -> 10 | R59: =IF(N59>20,"EXTRA","ORD") -> ORD
A60: 49 | C60: SUAZO | D60: RIOS | E60: SANTIAGO | G60: 0 | H60: 10 | M60: =G60+I60+K60 -> 0 | N60: =(M60*100)/$P$8 -> 0 | O60: =H60+J60+L60 -> 10 | P60: =IF(AVERAGE(H60,J60,L60)<6,(5),(ROUND(AVERAGE(H60,J60,L60),0))) -> 10 | R60: =IF(N60>20,"EXTRA","ORD") -> ORD
A61: 50 | C61: TOVAR | D61: CENTENO | E61: MARCOS ARIEL | G61: 0 | H61: 10 | M61: =G61+I61+K61 -> 0 | N61: =(M61*100)/$P$8 -> 0 | O61: =H61+J61+L61 -> 10 | P61: =IF(AVERAGE(H61,J61,L61)<6,(5),(ROUND(AVERAGE(H61,J61,L61),0))) -> 10 | R61: =IF(N61>20,"EXTRA","ORD") -> ORD
A62: 51 | C62: TREJO | D62: VELAZQUEZ | E62: SEBASTIAN | G62: 0 | H62: 9 | M62: =G62+I62+K62 -> 0 | N62: =(M62*100)/$P$8 -> 0 | O62: =H62+J62+L62 -> 9 | P62: =IF(AVERAGE(H62,J62,L62)<6,(5),(ROUND(AVERAGE(H62,J62,L62),0))) -> 9 | R62: =IF(N62>20,"EXTRA","ORD") -> ORD
A63: 52 | C63: VARGAS | D63: HERNANDEZ | E63: VICTOR ALFONSO | G63: 0 | H63: 10 | M63: =G63+I63+K63 -> 0 | N63: =(M63*100)/$P$8 -> 0 | O63: =H63+J63+L63 -> 10 | P63: =IF(AVERAGE(H63,J63,L63)<6,(5),(ROUND(AVERAGE(H63,J63,L63),0))) -> 10 | R63: =IF(N63>20,"EXTRA","ORD") -> ORD
B64: 53 | C64: VARGAS | D64: LUNA | E64: RENATA CAROLINA | G64: 0 | H64: 9 | M64: =G64+I64+K64 -> 0 | N64: =(M64*100)/$P$8 -> 0 | O64: =H64+J64+L64 -> 9 | P64: =IF(AVERAGE(H64,J64,L64)<6,(5),(ROUND(AVERAGE(H64,J64,L64),0))) -> 9 | R64: =IF(N64>20,"EXTRA","ORD") -> ORD
E65: Totales | G65: =SUM(G12:G64) -> 6 | H65: =AVERAGE(H12:H64) -> 7.8867925 | I65: =SUM(I12:I64) -> 0 | J65: =AVERAGE(J12:J64) -> #DIV/0! | K65: =SUM(K12:K64) -> 0 | L65: =AVERAGE(L12:L64) -> #DIV/0! | M65: =SUM(M12:M64) -> 6 | N65: PROMEDIO FINAL | P65: =AVERAGE(P6:P64) -> 7.7818182
A66: H | B66: M | E66: APROBADOS | H66: =COUNTIF(H12:H64,">5") -> 47 | J66: =COUNTIF(J12:J64,">5") -> 0 | L66: =COUNTIF(L12:L64,">5") -> 0 | N66: APROBADOS FINAL | P66: =COUNTIF(P12:P64,">5") -> 47
A67: =COUNT(A12:A64) -> 28 | B67: =COUNT(B12:B64) -> 25 | E67: REPROBADOS | H67: =COUNTIF(H12:H64,5) -> 6 | J67: =COUNTIF(J12:J64,5) -> 0 | L67: =COUNTIF(L12:L64,5) -> 0 | N67: EXTRAORDINARIOS | P67: =COUNTIF(P12:P64,5) -> 6
E68: % APROVECHAMIENTO | H68: =H66*100/H9 -> 88.679245 | J68: =J66*100/H9 -> 0 | L68: =L66*100/H9 -> 0 | N68: APROVECH FINAL | P68: =P66*100/H9 -> 88.679245
N69: % FALTAS | P69: =AVERAGE(N12:N64) -> 2.2641509
N70: % ASISTENCIA | P70: =100-P69 -> 97.735849

Sheet 1-1 temas selectos de igualdad 
O1: HORAS IMPARTIDAS
C2: ORIENTADOR | D2: JOSE EDGAR SALAZAR ZUÑIGA | H2: ESCUELA PREPARATORIA OFICIAL NÚM.67 | O2: Febrero | P2: 4
H3: “2026. Año del Humanismo Mexicano en el Estado de México ”. | O3: Marzo | P3: 3
H4: CICLO ESCOLAR: 2025 -2026 | O4: Abril | P4: 4
E5: TURNO : | G5: MATUTINO | J5: Grado | K5: 1° | L5: Grupo | M5: 1 | O5: Mayo | P5: 4
E6: PROFESOR(A): | K6: UAC | L6: TEMAS SELECTOS DE IGUALDAD Y DERECHOS HUMANOS II | O6: Junio | P6: 4
G7: HOMBRES | H7: =A67 -> 28 | O7: Julio | P7: 4
G8: MUJERES | H8: =B67 -> 25 | O8: TOTAL | P8: =SUM(P2:P7) -> 23
G9: TOTAL | H9: =H7+H8 -> 53
A10: N | B10: P | C10: NOMBRE DEL ALUMNO | G10: PRIMERA EVALUACIÓN | I10: SEGUNDA EVALUACIÓN | K10: TERCERA EVALUACIÓN | M10: EVALUACIÓN FINAL
A11: H | B11: M | G11: FALTAS | H11: CALIF. | I11: FALTAS | J11: CALIF. | K11: FALTAS | L11: CALIF. | M11: TOT. DE FALTAS | N11: % FALTAS | O11: TOTAL DE PUNTOS | P11: CALIF. FINAL | Q11: FIRMA DEL ALUMNO | R11: ESTATUS
B12: 1 | C12: ALVAREZ | D12: HERNANDEZ | E12: DAYANNA ZOE | G12: 0 | H12: 9 | M12: =G12+I12+K12 -> 0 | N12: =(M12*100)/$P$8 -> 0 | O12: =H12+J12+L12 -> 9 | P12: =IF(AVERAGE(H12,J12,L12)<6,(5),(ROUND(AVERAGE(H12,J12,L12),0))) -> 9 | R12: =IF(N12>20,"EXTRA","ORD") -> ORD
B13: 2 | C13: ANAYA | D13: LEAL | E13: ANA IXCHEL | G13: 2 | H13: 8 | M13: =G13+I13+K13 -> 2 | N13: =(M13*100)/$P$8 -> 8.6956522 | O13: =H13+J13+L13 -> 8 | P13: =IF(AVERAGE(H13,J13,L13)<6,(5),(ROUND(AVERAGE(H13,J13,L13),0))) -> 8 | R13: =IF(N13>20,"EXTRA","ORD") -> ORD
B14: 3 | C14: ARIAS | D14: APARICIO | E14: AILISH ELIZABETH | G14: 3 | H14: 7 | M14: =G14+I14+K14 -> 3 | N14: =(M14*100)/$P$8 -> 13.043478 | O14: =H14+J14+L14 -> 7 | P14: =IF(AVERAGE(H14,J14,L14)<6,(5),(ROUND(AVERAGE(H14,J14,L14),0))) -> 7 | R14: =IF(N14>20,"EXTRA","ORD") -> ORD
A15: 4 | C15: ARRAZOLA | D15: ROMERO | E15: DIEGO IVAN | G15: 1 | H15: 7 | M15: =G15+I15+K15 -> 1 | N15: =(M15*100)/$P$8 -> 4.3478261 | O15: =H15+J15+L15 -> 7 | P15: =IF(AVERAGE(H15,J15,L15)<6,(5),(ROUND(AVERAGE(H15,J15,L15),0))) -> 7 | R15: =IF(N15>20,"EXTRA","ORD") -> ORD
A16: 5 | C16: ARREDONDO | D16: LOREDO | E16: JOSHUA JAAFET | G16: 0 | H16: 8 | M16: =G16+I16+K16 -> 0 | N16: =(M16*100)/$P$8 -> 0 | O16: =H16+J16+L16 -> 8 | P16: =IF(AVERAGE(H16,J16,L16)<6,(5),(ROUND(AVERAGE(H16,J16,L16),0))) -> 8 | R16: =IF(N16>20,"EXTRA","ORD") -> ORD
B17: 6 | C17: AVILES | D17: ACOSTA | E17: ARELI | G17: 1 | H17: 7 | M17: =G17+I17+K17 -> 1 | N17: =(M17*100)/$P$8 -> 4.3478261 | O17: =H17+J17+L17 -> 7 | P17: =IF(AVERAGE(H17,J17,L17)<6,(5),(ROUND(AVERAGE(H17,J17,L17),0))) -> 7 | R17: =IF(N17>20,"EXTRA","ORD") -> ORD
A18: 7 | C18: CARBAJAL | D18: RODRIGUEZ | E18: GAEL | G18: 0 | H18: 7 | M18: =G18+I18+K18 -> 0 | N18: =(M18*100)/$P$8 -> 0 | O18: =H18+J18+L18 -> 7 | P18: =IF(AVERAGE(H18,J18,L18)<6,(5),(ROUND(AVERAGE(H18,J18,L18),0))) -> 7 | R18: =IF(N18>20,"EXTRA","ORD") -> ORD
A19: 8 | C19: CARDENAS | D19: MORENO | E19: CRISTOPHER TADEO | G19: 0 | H19: 5 | M19: =G19+I19+K19 -> 0 | N19: =(M19*100)/$P$8 -> 0 | O19: =H19+J19+L19 -> 5 | P19: =IF(AVERAGE(H19,J19,L19)<6,(5),(ROUND(AVERAGE(H19,J19,L19),0))) -> 5 | R19: =IF(N19>20,"EXTRA","ORD") -> ORD
B20: 9 | C20: CASTILLO | D20: HERNANDEZ | E20: XUNELLY | G20: 3 | H20: 6 | M20: =G20+I20+K20 -> 3 | N20: =(M20*100)/$P$8 -> 13.043478 | O20: =H20+J20+L20 -> 6 | P20: =IF(AVERAGE(H20,J20,L20)<6,(5),(ROUND(AVERAGE(H20,J20,L20),0))) -> 6 | R20: =IF(N20>20,"EXTRA","ORD") -> ORD
B21: 10 | C21: CEREZO | D21: MORALES | E21: LOURDES YURYCO | G21: 0 | H21: 6 | M21: =G21+I21+K21 -> 0 | N21: =(M21*100)/$P$8 -> 0 | O21: =H21+J21+L21 -> 6 | P21: =IF(AVERAGE(H21,J21,L21)<6,(5),(ROUND(AVERAGE(H21,J21,L21),0))) -> 6 | R21: =IF(N21>20,"EXTRA","ORD") -> ORD
A22: 11 | C22: CONTRERAS | D22: QUIÑONES | E22: OLIVER | G22: 1 | H22: 7 | M22: =G22+I22+K22 -> 1 | N22: =(M22*100)/$P$8 -> 4.3478261 | O22: =H22+J22+L22 -> 7 | P22: =IF(AVERAGE(H22,J22,L22)<6,(5),(ROUND(AVERAGE(H22,J22,L22),0))) -> 7 | R22: =IF(N22>20,"EXTRA","ORD") -> ORD
B23: 12 | C23: CRUZ | D23: CENTENO | E23: ALEXA ABIGAIL | G23: 0 | H23: 6 | M23: =G23+I23+K23 -> 0 | N23: =(M23*100)/$P$8 -> 0 | O23: =H23+J23+L23 -> 6 | P23: =IF(AVERAGE(H23,J23,L23)<6,(5),(ROUND(AVERAGE(H23,J23,L23),0))) -> 6 | R23: =IF(N23>20,"EXTRA","ORD") -> ORD
A24: 13 | C24: CRUZ | D24: PAZ | E24: CARLOS ALFONSO | G24: 0 | H24: 5 | M24: =G24+I24+K24 -> 0 | N24: =(M24*100)/$P$8 -> 0 | O24: =H24+J24+L24 -> 5 | P24: =IF(AVERAGE(H24,J24,L24)<6,(5),(ROUND(AVERAGE(H24,J24,L24),0))) -> 5 | R24: =IF(N24>20,"EXTRA","ORD") -> ORD
B25: 14 | C25: DIAZ | D25: MOLINA | E25: EMILIANA ALESSANDRA | G25: 1 | H25: 7 | M25: =G25+I25+K25 -> 1 | N25: =(M25*100)/$P$8 -> 4.3478261 | O25: =H25+J25+L25 -> 7 | P25: =IF(AVERAGE(H25,J25,L25)<6,(5),(ROUND(AVERAGE(H25,J25,L25),0))) -> 7 | R25: =IF(N25>20,"EXTRA","ORD") -> ORD
A26: 15 | C26: DUARTE | D26: ADJUNTAS | E26: RICARDO JESUS | G26: 0 | H26: 7 | M26: =G26+I26+K26 -> 0 | N26: =(M26*100)/$P$8 -> 0 | O26: =H26+J26+L26 -> 7 | P26: =IF(AVERAGE(H26,J26,L26)<6,(5),(ROUND(AVERAGE(H26,J26,L26),0))) -> 7 | R26: =IF(N26>20,"EXTRA","ORD") -> ORD
A27: 16 | C27: ESTRADA | D27: VENEGAS | E27: DAVID RICARDO | G27: 0 | H27: 7 | M27: =G27+I27+K27 -> 0 | N27: =(M27*100)/$P$8 -> 0 | O27: =H27+J27+L27 -> 7 | P27: =IF(AVERAGE(H27,J27,L27)<6,(5),(ROUND(AVERAGE(H27,J27,L27),0))) -> 7 | R27: =IF(N27>20,"EXTRA","ORD") -> ORD
B28: 17 | C28: FLORES | D28: VARGAS | E28: FERNANDA DESSIRE | G28: 2 | H28: 8 | M28: =G28+I28+K28 -> 2 | N28: =(M28*100)/$P$8 -> 8.6956522 | O28: =H28+J28+L28 -> 8 | P28: =IF(AVERAGE(H28,J28,L28)<6,(5),(ROUND(AVERAGE(H28,J28,L28),0))) -> 8 | R28: =IF(N28>20,"EXTRA","ORD") -> ORD
A29: 18 | C29: FUENTES | D29: HERNANDEZ | E29: DIEGO ISRAEL | G29: 0 | H29: 6 | M29: =G29+I29+K29 -> 0 | N29: =(M29*100)/$P$8 -> 0 | O29: =H29+J29+L29 -> 6 | P29: =IF(AVERAGE(H29,J29,L29)<6,(5),(ROUND(AVERAGE(H29,J29,L29),0))) -> 6 | R29: =IF(N29>20,"EXTRA","ORD") -> ORD
B30: 19 | C30: GALINDO | D30: CRUZ | E30: LUISA VALENTINA | G30: 1 | H30: 7 | M30: =G30+I30+K30 -> 1 | N30: =(M30*100)/$P$8 -> 4.3478261 | O30: =H30+J30+L30 -> 7 | P30: =IF(AVERAGE(H30,J30,L30)<6,(5),(ROUND(AVERAGE(H30,J30,L30),0))) -> 7 | R30: =IF(N30>20,"EXTRA","ORD") -> ORD
B31: 20 | C31: GARCIA | D31: ARELLANO | E31: YULIANA REBECA | G31: 0 | H31: 7 | M31: =G31+I31+K31 -> 0 | N31: =(M31*100)/$P$8 -> 0 | O31: =H31+J31+L31 -> 7 | P31: =IF(AVERAGE(H31,J31,L31)<6,(5),(ROUND(AVERAGE(H31,J31,L31),0))) -> 7 | R31: =IF(N31>20,"EXTRA","ORD") -> ORD
A32: 21 | C32: GARCIA | D32: PEÑA | E32: ANDREI | G32: 0 | H32: 6 | M32: =G32+I32+K32 -> 0 | N32: =(M32*100)/$P$8 -> 0 | O32: =H32+J32+L32 -> 6 | P32: =IF(AVERAGE(H32,J32,L32)<6,(5),(ROUND(AVERAGE(H32,J32,L32),0))) -> 6 | R32: =IF(N32>20,"EXTRA","ORD") -> ORD
A33: 22 | C33: GARCILAZO | D33: MARTINEZ | E33: ALFONSO | G33: 1 | H33: 6 | M33: =G33+I33+K33 -> 1 | N33: =(M33*100)/$P$8 -> 4.3478261 | O33: =H33+J33+L33 -> 6 | P33: =IF(AVERAGE(H33,J33,L33)<6,(5),(ROUND(AVERAGE(H33,J33,L33),0))) -> 6 | R33: =IF(N33>20,"EXTRA","ORD") -> ORD
A34: 23 | C34: GODOY | D34: MARQUEZ | E34: DUSTIN YALIL | G34: 0 | H34: 8 | M34: =G34+I34+K34 -> 0 | N34: =(M34*100)/$P$8 -> 0 | O34: =H34+J34+L34 -> 8 | P34: =IF(AVERAGE(H34,J34,L34)<6,(5),(ROUND(AVERAGE(H34,J34,L34),0))) -> 8 | R34: =IF(N34>20,"EXTRA","ORD") -> ORD
B35: 24 | C35: GONZALEZ | D35: RAMOS | E35: FATIMA NAOMY | G35: 0 | H35: 7 | M35: =G35+I35+K35 -> 0 | N35: =(M35*100)/$P$8 -> 0 | O35: =H35+J35+L35 -> 7 | P35: =IF(AVERAGE(H35,J35,L35)<6,(5),(ROUND(AVERAGE(H35,J35,L35),0))) -> 7 | R35: =IF(N35>20,"EXTRA","ORD") -> ORD
B36: 25 | C36: GUERRERO | D36: ORTIZ | E36: VALERIA ROMINA | G36: 0 | H36: 7 | M36: =G36+I36+K36 -> 0 | N36: =(M36*100)/$P$8 -> 0 | O36: =H36+J36+L36 -> 7 | P36: =IF(AVERAGE(H36,J36,L36)<6,(5),(ROUND(AVERAGE(H36,J36,L36),0))) -> 7 | R36: =IF(N36>20,"EXTRA","ORD") -> ORD
B37: 26 | C37: GUTIERREZ | D37: ANGELES | E37: SAMANTHA PAOLA | G37: 0 | H37: 7 | M37: =G37+I37+K37 -> 0 | N37: =(M37*100)/$P$8 -> 0 | O37: =H37+J37+L37 -> 7 | P37: =IF(AVERAGE(H37,J37,L37)<6,(5),(ROUND(AVERAGE(H37,J37,L37),0))) -> 7 | R37: =IF(N37>20,"EXTRA","ORD") -> ORD
A38: 27 | C38: HERNANDEZ | D38: VARGAS | E38: MOISES | G38: 0 | H38: 7 | M38: =G38+I38+K38 -> 0 | N38: =(M38*100)/$P$8 -> 0 | O38: =H38+J38+L38 -> 7 | P38: =IF(AVERAGE(H38,J38,L38)<6,(5),(ROUND(AVERAGE(H38,J38,L38),0))) -> 7 | R38: =IF(N38>20,"EXTRA","ORD") -> ORD
B39: 28 | C39: HERNANDEZ | D39: VIVEROS | E39: SAMANTHA SHARON | G39: 1 | H39: 7 | M39: =G39+I39+K39 -> 1 | N39: =(M39*100)/$P$8 -> 4.3478261 | O39: =H39+J39+L39 -> 7 | P39: =IF(AVERAGE(H39,J39,L39)<6,(5),(ROUND(AVERAGE(H39,J39,L39),0))) -> 7 | R39: =IF(N39>20,"EXTRA","ORD") -> ORD
B40: 29 | C40: ISLAS | D40: GARCIA | E40: MARIANA | G40: 3 | H40: 7 | M40: =G40+I40+K40 -> 3 | N40: =(M40*100)/$P$8 -> 13.043478 | O40: =H40+J40+L40 -> 7 | P40: =IF(AVERAGE(H40,J40,L40)<6,(5),(ROUND(AVERAGE(H40,J40,L40),0))) -> 7 | R40: =IF(N40>20,"EXTRA","ORD") -> ORD
A41: 30 | C41: ISLAS | D41: VELEZ | E41: SANTIAGO | G41: 3 | H41: 6 | M41: =G41+I41+K41 -> 3 | N41: =(M41*100)/$P$8 -> 13.043478 | O41: =H41+J41+L41 -> 6 | P41: =IF(AVERAGE(H41,J41,L41)<6,(5),(ROUND(AVERAGE(H41,J41,L41),0))) -> 6 | R41: =IF(N41>20,"EXTRA","ORD") -> ORD
A42: 31 | C42: LAGUNA | D42: ESTRADA | E42: MAEL MAXIMILIANO | G42: 0 | H42: 6 | M42: =G42+I42+K42 -> 0 | N42: =(M42*100)/$P$8 -> 0 | O42: =H42+J42+L42 -> 6 | P42: =IF(AVERAGE(H42,J42,L42)<6,(5),(ROUND(AVERAGE(H42,J42,L42),0))) -> 6 | R42: =IF(N42>20,"EXTRA","ORD") -> ORD
B43: 32 | C43: LEZAMA | D43: ALVAREZ | E43: SOFIA NIKTE | G43: 4 | H43: 6 | M43: =G43+I43+K43 -> 4 | N43: =(M43*100)/$P$8 -> 17.391304 | O43: =H43+J43+L43 -> 6 | P43: =IF(AVERAGE(H43,J43,L43)<6,(5),(ROUND(AVERAGE(H43,J43,L43),0))) -> 6 | R43: =IF(N43>20,"EXTRA","ORD") -> ORD
B44: 33 | C44: LOZANO | D44: JUAREZ | E44: LUZ ARISDELSI | G44: 0 | H44: 6 | M44: =G44+I44+K44 -> 0 | N44: =(M44*100)/$P$8 -> 0 | O44: =H44+J44+L44 -> 6 | P44: =IF(AVERAGE(H44,J44,L44)<6,(5),(ROUND(AVERAGE(H44,J44,L44),0))) -> 6 | R44: =IF(N44>20,"EXTRA","ORD") -> ORD
A45: 34 | C45: MALDONADO | D45: CAMERONI | E45: DUSTIN ALEXANDER | G45: 3 | H45: 6 | M45: =G45+I45+K45 -> 3 | N45: =(M45*100)/$P$8 -> 13.043478 | O45: =H45+J45+L45 -> 6 | P45: =IF(AVERAGE(H45,J45,L45)<6,(5),(ROUND(AVERAGE(H45,J45,L45),0))) -> 6 | R45: =IF(N45>20,"EXTRA","ORD") -> ORD
B46: 35 | C46: MENA | D46: RAMOS | E46: MELANY YULIANA | G46: 0 | H46: 6 | M46: =G46+I46+K46 -> 0 | N46: =(M46*100)/$P$8 -> 0 | O46: =H46+J46+L46 -> 6 | P46: =IF(AVERAGE(H46,J46,L46)<6,(5),(ROUND(AVERAGE(H46,J46,L46),0))) -> 6 | R46: =IF(N46>20,"EXTRA","ORD") -> ORD
A47: 36 | C47: MUÑOZ | D47: FLORES | E47: ALEJANDRO | G47: 1 | H47: 8 | M47: =G47+I47+K47 -> 1 | N47: =(M47*100)/$P$8 -> 4.3478261 | O47: =H47+J47+L47 -> 8 | P47: =IF(AVERAGE(H47,J47,L47)<6,(5),(ROUND(AVERAGE(H47,J47,L47),0))) -> 8 | R47: =IF(N47>20,"EXTRA","ORD") -> ORD
A48: 37 | C48: MUÑOZ | D48: MAGAÑA | E48: SANTIAGO | G48: 1 | H48: 8 | M48: =G48+I48+K48 -> 1 | N48: =(M48*100)/$P$8 -> 4.3478261 | O48: =H48+J48+L48 -> 8 | P48: =IF(AVERAGE(H48,J48,L48)<6,(5),(ROUND(AVERAGE(H48,J48,L48),0))) -> 8 | R48: =IF(N48>20,"EXTRA","ORD") -> ORD
B49: 38 | C49: MUÑOZ | D49: MAGAÑA | E49: XIMENA | G49: 1 | H49: 8 | M49: =G49+I49+K49 -> 1 | N49: =(M49*100)/$P$8 -> 4.3478261 | O49: =H49+J49+L49 -> 8 | P49: =IF(AVERAGE(H49,J49,L49)<6,(5),(ROUND(AVERAGE(H49,J49,L49),0))) -> 8 | R49: =IF(N49>20,"EXTRA","ORD") -> ORD
A50: 39 | C50: OLVERA | D50: CRUZ | E50: LUCIO ENRIQUE | G50: 0 | H50: 8 | M50: =G50+I50+K50 -> 0 | N50: =(M50*100)/$P$8 -> 0 | O50: =H50+J50+L50 -> 8 | P50: =IF(AVERAGE(H50,J50,L50)<6,(5),(ROUND(AVERAGE(H50,J50,L50),0))) -> 8 | R50: =IF(N50>20,"EXTRA","ORD") -> ORD
B51: 40 | C51: OSORIO | D51: SANCHEZ | E51: PAULA | G51: 3 | H51: 7 | M51: =G51+I51+K51 -> 3 | N51: =(M51*100)/$P$8 -> 13.043478 | O51: =H51+J51+L51 -> 7 | P51: =IF(AVERAGE(H51,J51,L51)<6,(5),(ROUND(AVERAGE(H51,J51,L51),0))) -> 7 | R51: =IF(N51>20,"EXTRA","ORD") -> ORD
A52: 41 | C52: PACHECO | D52: GONZALEZ | E52: DYLAN ALEXANDER | G52: 0 | H52: 8 | M52: =G52+I52+K52 -> 0 | N52: =(M52*100)/$P$8 -> 0 | O52: =H52+J52+L52 -> 8 | P52: =IF(AVERAGE(H52,J52,L52)<6,(5),(ROUND(AVERAGE(H52,J52,L52),0))) -> 8 | R52: =IF(N52>20,"EXTRA","ORD") -> ORD
A53: 42 | C53: RADILLA | D53: HERNANDEZ | E53: SANTIAGO GAMALIEL | G53: 3 | H53: 8 | M53: =G53+I53+K53 -> 3 | N53: =(M53*100)/$P$8 -> 13.043478 | O53: =H53+J53+L53 -> 8 | P53: =IF(AVERAGE(H53,J53,L53)<6,(5),(ROUND(AVERAGE(H53,J53,L53),0))) -> 8 | R53: =IF(N53>20,"EXTRA","ORD") -> ORD
A54: 43 | C54: RAMIREZ | D54: RODRIGUEZ | E54: BRUNO | G54: 2 | H54: 8 | M54: =G54+I54+K54 -> 2 | N54: =(M54*100)/$P$8 -> 8.6956522 | O54: =H54+J54+L54 -> 8 | P54: =IF(AVERAGE(H54,J54,L54)<6,(5),(ROUND(AVERAGE(H54,J54,L54),0))) -> 8 | R54: =IF(N54>20,"EXTRA","ORD") -> ORD
B55: 44 | C55: ROMERO | D55: DOMINGEZ | E55: SARA DANIELA | G55: 1 | H55: 8 | M55: =G55+I55+K55 -> 1 | N55: =(M55*100)/$P$8 -> 4.3478261 | O55: =H55+J55+L55 -> 8 | P55: =IF(AVERAGE(H55,J55,L55)<6,(5),(ROUND(AVERAGE(H55,J55,L55),0))) -> 8 | R55: =IF(N55>20,"EXTRA","ORD") -> ORD
A56: 45 | C56: RUBIO | D56: HERNANDEZ | E56: AZAEL ALEJANDRO | G56: 1 | H56: 8 | M56: =G56+I56+K56 -> 1 | N56: =(M56*100)/$P$8 -> 4.3478261 | O56: =H56+J56+L56 -> 8 | P56: =IF(AVERAGE(H56,J56,L56)<6,(5),(ROUND(AVERAGE(H56,J56,L56),0))) -> 8 | R56: =IF(N56>20,"EXTRA","ORD") -> ORD
A57: 46 | C57: RUIZ | D57: MENDOZA | E57: ANDREE JAEL | G57: 1 | H57: 8 | M57: =G57+I57+K57 -> 1 | N57: =(M57*100)/$P$8 -> 4.3478261 | O57: =H57+J57+L57 -> 8 | P57: =IF(AVERAGE(H57,J57,L57)<6,(5),(ROUND(AVERAGE(H57,J57,L57),0))) -> 8 | R57: =IF(N57>20,"EXTRA","ORD") -> ORD
B58: 47 | C58: SANCHEZ | D58: JIMENEZ | E58: LILI | G58: 1 | H58: 8 | M58: =G58+I58+K58 -> 1 | N58: =(M58*100)/$P$8 -> 4.3478261 | O58: =H58+J58+L58 -> 8 | P58: =IF(AVERAGE(H58,J58,L58)<6,(5),(ROUND(AVERAGE(H58,J58,L58),0))) -> 8 | R58: =IF(N58>20,"EXTRA","ORD") -> ORD
B59: 48 | C59: SANTILLAN | D59: HUERTA | E59: DULCE ELEONOR | G59: 0 | H59: 8 | M59: =G59+I59+K59 -> 0 | N59: =(M59*100)/$P$8 -> 0 | O59: =H59+J59+L59 -> 8 | P59: =IF(AVERAGE(H59,J59,L59)<6,(5),(ROUND(AVERAGE(H59,J59,L59),0))) -> 8 | R59: =IF(N59>20,"EXTRA","ORD") -> ORD
A60: 49 | C60: SUAZO | D60: RIOS | E60: SANTIAGO | G60: 0 | H60: 8 | M60: =G60+I60+K60 -> 0 | N60: =(M60*100)/$P$8 -> 0 | O60: =H60+J60+L60 -> 8 | P60: =IF(AVERAGE(H60,J60,L60)<6,(5),(ROUND(AVERAGE(H60,J60,L60),0))) -> 8 | R60: =IF(N60>20,"EXTRA","ORD") -> ORD
A61: 50 | C61: TOVAR | D61: CENTENO | E61: MARCOS ARIEL | G61: 0 | H61: 8 | M61: =G61+I61+K61 -> 0 | N61: =(M61*100)/$P$8 -> 0 | O61: =H61+J61+L61 -> 8 | P61: =IF(AVERAGE(H61,J61,L61)<6,(5),(ROUND(AVERAGE(H61,J61,L61),0))) -> 8 | R61: =IF(N61>20,"EXTRA","ORD") -> ORD
A62: 51 | C62: TREJO | D62: VELAZQUEZ | E62: SEBASTIAN | G62: 0 | H62: 8 | M62: =G62+I62+K62 -> 0 | N62: =(M62*100)/$P$8 -> 0 | O62: =H62+J62+L62 -> 8 | P62: =IF(AVERAGE(H62,J62,L62)<6,(5),(ROUND(AVERAGE(H62,J62,L62),0))) -> 8 | R62: =IF(N62>20,"EXTRA","ORD") -> ORD
A63: 52 | C63: VARGAS | D63: HERNANDEZ | E63: VICTOR ALFONSO | G63: 0 | H63: 8 | M63: =G63+I63+K63 -> 0 | N63: =(M63*100)/$P$8 -> 0 | O63: =H63+J63+L63 -> 8 | P63: =IF(AVERAGE(H63,J63,L63)<6,(5),(ROUND(AVERAGE(H63,J63,L63),0))) -> 8 | R63: =IF(N63>20,"EXTRA","ORD") -> ORD
B64: 53 | C64: VARGAS | D64: LUNA | E64: RENATA CAROLINA | G64: 1 | H64: 7 | M64: =G64+I64+K64 -> 1 | N64: =(M64*100)/$P$8 -> 4.3478261 | O64: =H64+J64+L64 -> 7 | P64: =IF(AVERAGE(H64,J64,L64)<6,(5),(ROUND(AVERAGE(H64,J64,L64),0))) -> 7 | R64: =IF(N64>20,"EXTRA","ORD") -> ORD
E65: Totales | G65: =SUM(G12:G64) -> 46 | H65: =AVERAGE(H12:H64) -> 7.1132075 | I65: =SUM(I12:I64) -> 0 | J65: =AVERAGE(J12:J64) -> #DIV/0! | K65: =SUM(K12:K64) -> 0 | L65: =AVERAGE(L12:L64) -> #DIV/0! | M65: =SUM(M12:M64) -> 46 | N65: PROMEDIO FINAL | P65: =AVERAGE(P6:P64) -> 7.2857143
A66: H | B66: M | E66: APROBADOS | H66: =COUNTIF(H12:H64,">5") -> 51 | J66: =COUNTIF(J12:J64,">5") -> 0 | L66: =COUNTIF(L12:L64,">5") -> 0 | N66: APROBADOS FINAL | P66: =COUNTIF(P12:P64,">5") -> 51
A67: =COUNT(A12:A64) -> 28 | B67: =COUNT(B12:B64) -> 25 | E67: REPROBADOS | H67: =COUNTIF(H12:H64,5) -> 2 | J67: =COUNTIF(J12:J64,5) -> 0 | L67: =COUNTIF(L12:L64,5) -> 0 | N67: EXTRAORDINARIOS | P67: =COUNTIF(P12:P64,5) -> 2
E68: % APROVECHAMIENTO | H68: =H66*100/H9 -> 96.226415 | J68: =J66*100/H9 -> 0 | L68: =L66*100/H9 -> 0 | N68: APROVECH FINAL | P68: =P66*100/H9 -> 96.226415
N69: % FALTAS | P69: =AVERAGE(N12:N64) -> 3.7735849
N70: % ASISTENCIA | P70: =100-P69 -> 96.226415

Sheet INDICADORES
B1: PARCIAL I | C1: NO. ALUMNOS | D1: ='1-1 lengua y comunicacion ii'!H9 -> 53 | N1: Parcial | O1: Materia | P1: Asistencia | Q1: Promedio | R1: Reprobación | S1: Número de reprobados | T1: Aprovechamiento | U1: Grado | V1: Grupo
B2: UAC | C2: PROMEDIO | D2: APROBADOS | E2: REPROBADOS | F2: APROVECHAMIENTO | G2: % REPROBACIÓN | H2: % ASISTENCIA | N2: 1 | O2: =B3 -> LENGUA Y COMUNICACIÓN II | P2: =H3 -> 94.685535 | Q2: =C3 -> 7.1132075 | R2: =G3 -> 3.7735849 | S2: =E3 -> 2 | T2: =F3 -> 96.226415 | U2: 1 | V2: 46023
B3: LENGUA Y COMUNICACIÓN II | C3: ='1-1 lengua y comunicacion ii'!H65 -> 7.1132075 | D3: ='1-1 lengua y comunicacion ii'!H66 -> 51 | E3: ='1-1 lengua y comunicacion ii'!H67 -> 2 | F3: ='1-1 lengua y comunicacion ii'!H68 -> 96.226415 | G3: =(E3*100)/$D$1 -> 3.7735849 | H3: ='1-1 lengua y comunicacion ii'!P70 -> 94.685535 | N3: 1 | O3: =B4 -> INGLÉS II | P3: =H4 -> 99.514825 | Q3: =C4 -> 8.6415094 | R3: =G4 -> 7.5471698 | S3: =E4 -> 4 | T3: =F4 -> 92.45283 | U3: 1 | V3: 46023
B4: INGLÉS II | C4: ='1-1 ingles II'!H65 -> 8.6415094 | D4: ='1-1 ingles II'!H66 -> 49 | E4: ='1-1 ingles II'!H67 -> 4 | F4: ='1-1 ingles II'!H68 -> 92.45283 | G4: =(E4*100)/$D$1 -> 7.5471698 | H4: ='1-1 ingles II'!P70 -> 99.514825 | N4: 1 | O4: =B5 -> PENSAMIENTO MATEMÁTICO II | P4: =H5 -> 99.811321 | Q4: =C5 -> 6.4528302 | R4: =G5 -> 39.622642 | S4: =E5 -> 21 | T4: =F5 -> 60.377358 | U4: 1 | V4: 46023
B5: PENSAMIENTO MATEMÁTICO II | C5: ='1-1 pensamiento matematico ii'!H65 -> 6.4528302 | D5: ='1-1 pensamiento matematico ii'!H66 -> 32 | E5: ='1-1 pensamiento matematico ii'!H67 -> 21 | F5: ='1-1 pensamiento matematico ii'!H68 -> 60.377358 | G5: =(E5*100)/$D$1 -> 39.622642 | H5: ='1-1 pensamiento matematico ii'!P70 -> 99.811321 | N5: 1 | O5: =B6 -> CULTURA DIGITAL II | P5: =H6 -> 99.245283 | Q5: =C6 -> 7.8867925 | R5: =G6 -> 11.320755 | S5: =E6 -> 6 | T5: =F6 -> 88.679245 | U5: 1 | V5: 46023
B6: CULTURA DIGITAL II | C6: ='1-1 cultura digital ii'!H65 -> 7.8867925 | D6: ='1-1 cultura digital ii'!H66 -> 47 | E6: ='1-1 cultura digital ii'!H67 -> 6 | F6: ='1-1 cultura digital ii'!H68 -> 88.679245 | G6: =(E6*100)/$D$1 -> 11.320755 | H6: ='1-1 cultura digital ii'!P70 -> 99.245283 | N6: 1 | O6: =B7 -> CIENCIAS NATURALES, EXPERIMENTALES Y TECNOLOGIA II | P6: =H7 -> 98.742138 | Q6: =C7 -> 7.8867925 | R6: =G7 -> 11.320755 | S6: =E7 -> 6 | T6: =F7 -> 88.679245 | U6: 1 | V6: 46023
B7: CIENCIAS NATURALES, EXPERIMENTALES Y TECNOLOGIA II | C7: ='1-1 ciencias naturales experime'!H65 -> 7.8867925 | D7: ='1-1 ciencias naturales experime'!H66 -> 47 | E7: ='1-1 ciencias naturales experime'!H67 -> 6 | F7: ='1-1 ciencias naturales experime'!H68 -> 88.679245 | G7: =(E7*100)/$D$1 -> 11.320755 | H7: ='1-1 ciencias naturales experime'!P70 -> 98.742138 | N7: 1 | O7: =B8 -> PENSAMIENTO FILOSÓFICO Y HUMANIDADES II | P7: =H8 -> 99.056604 | Q7: =C8 -> 7.8867925 | R7: =G8 -> 11.320755 | S7: =E8 -> 6 | T7: =F8 -> 88.679245 | U7: 1 | V7: 46023
B8: PENSAMIENTO FILOSÓFICO Y HUMANIDADES II | C8: ='1-1 pensamiento filosofico y hu'!H65 -> 7.8867925 | D8: ='1-1 pensamiento filosofico y hu'!H66 -> 47 | E8: ='1-1 pensamiento filosofico y hu'!H67 -> 6 | F8: ='1-1 pensamiento filosofico y hu'!H68 -> 88.679245 | G8: =(E8*100)/$D$1 -> 11.320755 | H8: ='1-1 pensamiento filosofico y hu'!P70 -> 99.056604 | N8: 1 | O8: =B9 -> CIENCIAS SOCIALES II | P8: =H9 -> 98.382749 | Q8: =C9 -> 7.8867925 | R8: =G9 -> 11.320755 | S8: =E9 -> 6 | T8: =F9 -> 88.679245 | U8: 1 | V8: 46023
B9: CIENCIAS SOCIALES II | C9: ='1-1 ciencias sociales ii'!H65 -> 7.8867925 | D9: ='1-1 ciencias sociales ii'!H66 -> 47 | E9: ='1-1 ciencias sociales ii'!H67 -> 6 | F9: ='1-1 ciencias sociales ii'!H68 -> 88.679245 | G9: =(E9*100)/$D$1 -> 11.320755 | H9: ='1-1 ciencias sociales ii'!P70 -> 98.382749 | N9: 1 | O9: =B10 -> TALLER DE CIENCIAS I | P9: =H10 -> 98.584906 | Q9: =C10 -> 7.8867925 | R9: =G10 -> 11.320755 | S9: =E10 -> 6 | T9: =F10 -> 88.679245 | U9: 1 | V9: 46023
B10: TALLER DE CIENCIAS I | C10: ='1-1 taller de ciencias i'!H65 -> 7.8867925 | D10: ='1-1 taller de ciencias i'!H66 -> 47 | E10: ='1-1 taller de ciencias i'!H67 -> 6 | F10: ='1-1 taller de ciencias i'!H68 -> 88.679245 | G10: =(E10*100)/$D$1 -> 11.320755 | H10: ='1-1 taller de ciencias i'!P70 -> 98.584906 | N10: 1 | O10: =B11 -> ACTIVIDADES FISICAS Y DEPORTIVAS II | P10: =H11 -> 98.742138 | Q10: =C11 -> 7.8867925 | R10: =G11 -> 11.320755 | S10: =E11 -> 6 | T10: =F11 -> 88.679245 | U10: 1 | V10: 46023
B11: ACTIVIDADES FISICAS Y DEPORTIVAS II | C11: ='1-1 actividades fisicas y depor'!H65 -> 7.8867925 | D11: ='1-1 actividades fisicas y depor'!H66 -> 47 | E11: ='1-1 actividades fisicas y depor'!H67 -> 6 | F11: ='1-1 actividades fisicas y depor'!H68 -> 88.679245 | G11: =(E11*100)/$D$1 -> 11.320755 | H11: ='1-1 actividades fisicas y depor'!P70 -> 98.742138 | N11: 1 | O11: =B12 -> EDUCACION PARA LA SALUD II | P11: =H12 -> 97.735849 | Q11: =C12 -> 7.8867925 | R11: =G12 -> 11.320755 | S11: =E12 -> 6 | T11: =F12 -> 88.679245 | U11: 1 | V11: 46023
B12: EDUCACION PARA LA SALUD II | C12: ='1-1 educacion para la salud ii'!H65 -> 7.8867925 | D12: ='1-1 educacion para la salud ii'!H66 -> 47 | E12: ='1-1 educacion para la salud ii'!H67 -> 6 | F12: ='1-1 educacion para la salud ii'!H68 -> 88.679245 | G12: =(E12*100)/$D$1 -> 11.320755 | H12: ='1-1 educacion para la salud ii'!P70 -> 97.735849 | N12: 1 | O12: =B13 -> TEMAS SELECTOS DE IGUALDAD Y DERECHOS HUMANOS II | P12: =H13 -> 96.226415 | Q12: =C13 -> 7.1132075 | R12: =G13 -> 3.7735849 | S12: =E13 -> 2 | T12: =F13 -> 96.226415 | U12: 1 | V12: 46023
B13: TEMAS SELECTOS DE IGUALDAD Y DERECHOS HUMANOS II | C13: ='1-1 temas selectos de igualdad '!H65 -> 7.1132075 | D13: ='1-1 temas selectos de igualdad '!H66 -> 51 | E13: ='1-1 temas selectos de igualdad '!H67 -> 2 | F13: ='1-1 temas selectos de igualdad '!H68 -> 96.226415 | G13: =(E13*100)/$D$1 -> 3.7735849 | H13: ='1-1 temas selectos de igualdad '!P70 -> 96.226415 | N13: 2 | O13: =B18 -> LENGUA Y COMUNICACIÓN II | P13: =H18 -> 94.685535 | Q13: =C18 -> 7.1132075 | R13: =G18 -> 3.7735849 | S13: =E18 -> 2 | T13: =F18 -> 96.226415 | U13: 1 | V13: 46023
C14: =AVERAGE(C3:C13) -> 7.6843911 | D14: =AVERAGE(D3:D13) -> 46.545455 | E14: =AVERAGE(E3:E13) -> 6.4545455 | F14: =AVERAGE(F3:F13) -> 87.821612 | G14: =AVERAGE(G3:G13) -> 12.178388 | H14: =AVERAGE(H2:H13) -> 98.247978 | N14: 2 | O14: =B19 -> INGLÉS II | P14: =H19 -> 99.514825 | Q14: =C19 -> #DIV/0! | R14: =G19 -> 0 | S14: =E19 -> 0 | T14: =F19 -> 0 | U14: 1 | V14: 46023
N15: 2 | O15: =B20 -> PENSAMIENTO MATEMÁTICO II | P15: =H20 -> 99.811321 | Q15: =C20 -> #DIV/0! | R15: =G20 -> 0 | S15: =E20 -> 0 | T15: =F20 -> 0 | U15: 1 | V15: 46023
B16: PARCIAL II | C16: NO. ALUMNOS | D16: ='1-1 lengua y comunicacion ii'!H9 -> 53 | N16: 2 | O16: =B21 -> CULTURA DIGITAL II | P16: =H21 -> 99.245283 | Q16: =C21 -> #DIV/0! | R16: =G21 -> 0 | S16: =E21 -> 0 | T16: =F21 -> 0 | U16: 1 | V16: 46023
B17: UAC | C17: PROMEDIO | D17: APROBADOS | E17: REPROBADOS | F17: APROVECHAMIENTO | G17: % REPROBACIÓN | H17: % ASISTENCIA | N17: 2 | O17: =B22 -> CIENCIAS NATURALES, EXPERIMENTALES Y TECNOLOGIA II | P17: =H22 -> 98.742138 | Q17: =C22 -> #DIV/0! | R17: =G22 -> 0 | S17: =E22 -> 0 | T17: =F22 -> 0 | U17: 1 | V17: 46023
B18: LENGUA Y COMUNICACIÓN II | C18: ='1-1 lengua y comunicacion ii'!J65 -> 7.1132075 | D18: ='1-1 lengua y comunicacion ii'!J66 -> 51 | E18: ='1-1 lengua y comunicacion ii'!J67 -> 2 | F18: ='1-1 lengua y comunicacion ii'!J68 -> 96.226415 | G18: =(E18*100)/$D$1 -> 3.7735849 | H18: ='1-1 lengua y comunicacion ii'!P70 -> 94.685535 | N18: 2 | O18: =B23 -> PENSAMIENTO FILOSÓFICO Y HUMANIDADES II | P18: =H23 -> 99.056604 | Q18: =C23 -> #DIV/0! | R18: =G23 -> 0 | S18: =E23 -> 0 | T18: =F23 -> 0 | U18: 1 | V18: 46023
B19: INGLÉS II | C19: ='1-1 ingles II'!J65 -> #DIV/0! | D19: ='1-1 ingles II'!J66 -> 0 | E19: ='1-1 ingles II'!J67 -> 0 | F19: ='1-1 ingles II'!J68 -> 0 | G19: =(E19*100)/$D$1 -> 0 | H19: ='1-1 ingles II'!P70 -> 99.514825 | N19: 2 | O19: =B24 -> CIENCIAS SOCIALES II | P19: =H24 -> 98.382749 | Q19: =C24 -> #DIV/0! | R19: =G24 -> 0 | S19: =E24 -> 0 | T19: =F24 -> 0 | U19: 1 | V19: 46023
B20: PENSAMIENTO MATEMÁTICO II | C20: ='1-1 pensamiento matematico ii'!J65 -> #DIV/0! | D20: ='1-1 pensamiento matematico ii'!J66 -> 0 | E20: ='1-1 pensamiento matematico ii'!J67 -> 0 | F20: ='1-1 pensamiento matematico ii'!J68 -> 0 | G20: =(E20*100)/$D$1 -> 0 | H20: ='1-1 pensamiento matematico ii'!P70 -> 99.811321 | N20: 2 | O20: =B25 -> TALLER DE CIENCIAS I | P20: =H25 -> 98.584906 | Q20: =C25 -> #DIV/0! | R20: =G25 -> 0 | S20: =E25 -> 0 | T20: =F25 -> 0 | U20: 1 | V20: 46023
B21: CULTURA DIGITAL II | C21: ='1-1 cultura digital ii'!J65 -> #DIV/0! | D21: ='1-1 cultura digital ii'!J66 -> 0 | E21: ='1-1 cultura digital ii'!J67 -> 0 | F21: ='1-1 cultura digital ii'!J68 -> 0 | G21: =(E21*100)/$D$1 -> 0 | H21: ='1-1 cultura digital ii'!P70 -> 99.245283 | N21: 2 | O21: =B26 -> ACTIVIDADES FISICAS Y DEPORTIVAS II | P21: =H26 -> 98.742138 | Q21: =C26 -> #DIV/0! | R21: =G26 -> 0 | S21: =E26 -> 0 | T21: =F26 -> 0 | U21: 1 | V21: 46023
B22: CIENCIAS NATURALES, EXPERIMENTALES Y TECNOLOGIA II | C22: ='1-1 ciencias naturales experime'!J65 -> #DIV/0! | D22: ='1-1 ciencias naturales experime'!J66 -> 0 | E22: ='1-1 ciencias naturales experime'!J67 -> 0 | F22: ='1-1 ciencias naturales experime'!J68 -> 0 | G22: =(E22*100)/$D$1 -> 0 | H22: ='1-1 ciencias naturales experime'!P70 -> 98.742138 | N22: 2 | O22: =B27 -> EDUCACION PARA LA SALUD II | P22: =H27 -> 97.735849 | Q22: =C27 -> #DIV/0! | R22: =G27 -> 0 | S22: =E27 -> 0 | T22: =F27 -> 0 | U22: 1 | V22: 46023
B23: PENSAMIENTO FILOSÓFICO Y HUMANIDADES II | C23: ='1-1 pensamiento filosofico y hu'!J65 -> #DIV/0! | D23: ='1-1 pensamiento filosofico y hu'!J66 -> 0 | E23: ='1-1 pensamiento filosofico y hu'!J67 -> 0 | F23: ='1-1 pensamiento filosofico y hu'!J68 -> 0 | G23: =(E23*100)/$D$1 -> 0 | H23: ='1-1 pensamiento filosofico y hu'!P70 -> 99.056604 | N23: 2 | O23: =B28 -> TEMAS SELECTOS DE IGUALDAD Y DERECHOS HUMANOS II | P23: =H28 -> 96.226415 | Q23: =C28 -> #DIV/0! | R23: =G28 -> 0 | S23: =E28 -> 0 | T23: =F28 -> 0 | U23: 1 | V23: 46023
B24: CIENCIAS SOCIALES II | C24: ='1-1 ciencias sociales ii'!J65 -> #DIV/0! | D24: ='1-1 ciencias sociales ii'!J66 -> 0 | E24: ='1-1 ciencias sociales ii'!J67 -> 0 | F24: ='1-1 ciencias sociales ii'!J68 -> 0 | G24: =(E24*100)/$D$1 -> 0 | H24: ='1-1 ciencias sociales ii'!P70 -> 98.382749 | N24: 3 | O24: =B34 -> LENGUA Y COMUNICACIÓN II | P24: =H34 -> 94.685535 | Q24: =C34 -> 7.1132075 | R24: =G34 -> 3.7735849 | S24: =E34 -> 2 | T24: =F34 -> 2 | U24: 1 | V24: 46023
B25: TALLER DE CIENCIAS I | C25: ='1-1 taller de ciencias i'!J65 -> #DIV/0! | D25: ='1-1 taller de ciencias i'!J66 -> 0 | E25: ='1-1 taller de ciencias i'!J67 -> 0 | F25: ='1-1 taller de ciencias i'!J68 -> 0 | G25: =(E25*100)/$D$1 -> 0 | H25: ='1-1 taller de ciencias i'!P70 -> 98.584906 | N25: 3 | O25: =B35 -> INGLÉS II | P25: =H35 -> 99.514825 | Q25: =C35 -> #DIV/0! | R25: =G35 -> 0 | S25: =E35 -> 0 | T25: =F35 -> 0 | U25: 1 | V25: 46054
B26: ACTIVIDADES FISICAS Y DEPORTIVAS II | C26: ='1-1 actividades fisicas y depor'!J65 -> #DIV/0! | D26: ='1-1 actividades fisicas y depor'!J66 -> 0 | E26: ='1-1 actividades fisicas y depor'!J67 -> 0 | F26: ='1-1 actividades fisicas y depor'!J68 -> 0 | G26: =(E26*100)/$D$1 -> 0 | H26: ='1-1 actividades fisicas y depor'!P70 -> 98.742138 | N26: 3 | O26: =B36 -> PENSAMIENTO MATEMÁTICO II | P26: =H36 -> 99.811321 | Q26: =C36 -> #DIV/0! | R26: =G36 -> 0 | S26: =E36 -> 0 | T26: =F36 -> 0 | U26: 1 | V26: 46023
B27: EDUCACION PARA LA SALUD II | C27: ='1-1 educacion para la salud ii'!J65 -> #DIV/0! | D27: ='1-1 educacion para la salud ii'!J66 -> 0 | E27: ='1-1 educacion para la salud ii'!J67 -> 0 | F27: ='1-1 educacion para la salud ii'!J68 -> 0 | G27: =(E27*100)/$D$1 -> 0 | H27: ='1-1 educacion para la salud ii'!P70 -> 97.735849 | N27: 3 | O27: =B37 -> CULTURA DIGITAL II | P27: =H37 -> 99.245283 | Q27: =C37 -> #DIV/0! | R27: =G37 -> 0 | S27: =E37 -> 0 | T27: =F37 -> 0 | U27: 1 | V27: 46023
B28: TEMAS SELECTOS DE IGUALDAD Y DERECHOS HUMANOS II | C28: ='1-1 temas selectos de igualdad '!J65 -> #DIV/0! | D28: ='1-1 temas selectos de igualdad '!J66 -> 0 | E28: ='1-1 temas selectos de igualdad '!J67 -> 0 | F28: ='1-1 temas selectos de igualdad '!J68 -> 0 | G28: =(E28*100)/$D$1 -> 0 | H28: ='1-1 temas selectos de igualdad '!P70 -> 96.226415 | N28: 3 | O28: =B38 -> CIENCIAS NATURALES, EXPERIMENTALES Y TECNOLOGIA II | P28: =H38 -> 98.742138 | Q28: =C38 -> #DIV/0! | R28: =G38 -> 0 | S28: =E38 -> 0 | T28: =F38 -> 0 | U28: 1 | V28: 46023
C29: =AVERAGE(C18:C28) -> #DIV/0! | D29: =AVERAGE(D18:D28) -> 4.6363636 | E29: =AVERAGE(E18:E28) -> 0.18181818 | F29: =AVERAGE(F18:F28) -> 8.7478559 | G29: =AVERAGE(G18:G28) -> 0.34305317 | H29: =AVERAGE(H17:H28) -> 98.247978 | N29: 3 | O29: =B39 -> PENSAMIENTO FILOSÓFICO Y HUMANIDADES II | P29: =H39 -> 99.056604 | Q29: =C39 -> #DIV/0! | R29: =G39 -> 0 | S29: =E39 -> 0 | T29: =F39 -> 0 | U29: 1 | V29: 46023
C30: =AVERAGE(C19:C29) -> #DIV/0! | D30: =AVERAGE(D19:D29) -> 0.4214876 | E30: =AVERAGE(E19:E29) -> 0.016528926 | N30: 3 | O30: =B40 -> CIENCIAS SOCIALES II | P30: =H40 -> 98.382749 | Q30: =C40 -> #DIV/0! | R30: =G40 -> 0 | S30: =E40 -> 0 | T30: =F40 -> 0 | U30: 1 | V30: 46023
N31: 3 | O31: =B41 -> TALLER DE CIENCIAS I | P31: =H41 -> 98.584906 | Q31: =C41 -> #DIV/0! | R31: =G41 -> 0 | S31: =E41 -> 0 | T31: =F41 -> 0 | U31: 1 | V31: 46023
B32: PARCIAL II | C32: NO. ALUMNOS | D32: ='1-1 lengua y comunicacion ii'!H9 -> 53 | N32: 3 | O32: =B42 -> ACTIVIDADES FISICAS Y DEPORTIVAS II | P32: =H42 -> 98.742138 | Q32: =C42 -> #DIV/0! | R32: =G42 -> 0 | S32: =E42 -> 0 | T32: =F42 -> 0 | U32: 1 | V32: 46023
B33: UAC | C33: PROMEDIO | D33: APROBADOS | E33: REPROBADOS | F33: APROVECHAMIENTO | G33: % REPROBACIÓN | H33: % ASISTENCIA | N33: 3 | O33: =B43 -> EDUCACION PARA LA SALUD II | P33: =H43 -> 97.735849 | Q33: =C43 -> #DIV/0! | R33: =G43 -> 0 | S33: =E43 -> 0 | T33: =F43 -> 0 | U33: 1 | V33: 46023
B34: LENGUA Y COMUNICACIÓN II | C34: ='1-1 lengua y comunicacion ii'!L65 -> 7.1132075 | D34: ='1-1 lengua y comunicacion ii'!L66 -> 51 | E34: ='1-1 lengua y comunicacion ii'!L67 -> 2 | F34: ='1-1 lengua y comunicacion ii'!L67 -> 2 | G34: =(E34*100)/$D$1 -> 3.7735849 | H34: ='1-1 lengua y comunicacion ii'!P70 -> 94.685535 | N34: 3 | O34: =B44 -> TEMAS SELECTOS DE IGUALDAD Y DERECHOS HUMANOS II | P34: =H44 -> 96.226415 | Q34: =C44 -> #DIV/0! | R34: =G44 -> 0 | S34: =E44 -> 0 | T34: =F44 -> 0 | U34: 1 | V34: 46023
B35: INGLÉS II | C35: ='1-1 ingles II'!L65 -> #DIV/0! | D35: ='1-1 ingles II'!L66 -> 0 | E35: ='1-1 ingles II'!L67 -> 0 | F35: ='1-1 ingles II'!L67 -> 0 | G35: =(E35*100)/$D$1 -> 0 | H35: ='1-1 ingles II'!P70 -> 99.514825
B36: PENSAMIENTO MATEMÁTICO II | C36: ='1-1 pensamiento matematico ii'!L65 -> #DIV/0! | D36: ='1-1 pensamiento matematico ii'!L66 -> 0 | E36: ='1-1 pensamiento matematico ii'!L67 -> 0 | F36: ='1-1 pensamiento matematico ii'!L67 -> 0 | G36: =(E36*100)/$D$1 -> 0 | H36: ='1-1 pensamiento matematico ii'!P70 -> 99.811321
B37: CULTURA DIGITAL II | C37: ='1-1 cultura digital ii'!L65 -> #DIV/0! | D37: ='1-1 cultura digital ii'!L66 -> 0 | E37: ='1-1 cultura digital ii'!L67 -> 0 | F37: ='1-1 cultura digital ii'!L67 -> 0 | G37: =(E37*100)/$D$1 -> 0 | H37: ='1-1 cultura digital ii'!P70 -> 99.245283
B38: CIENCIAS NATURALES, EXPERIMENTALES Y TECNOLOGIA II | C38: ='1-1 ciencias naturales experime'!L65 -> #DIV/0! | D38: ='1-1 ciencias naturales experime'!L66 -> 0 | E38: ='1-1 ciencias naturales experime'!L67 -> 0 | F38: ='1-1 ciencias naturales experime'!L67 -> 0 | G38: =(E38*100)/$D$1 -> 0 | H38: ='1-1 ciencias naturales experime'!P70 -> 98.742138
B39: PENSAMIENTO FILOSÓFICO Y HUMANIDADES II | C39: ='1-1 pensamiento filosofico y hu'!L65 -> #DIV/0! | D39: ='1-1 pensamiento filosofico y hu'!L66 -> 0 | E39: ='1-1 pensamiento filosofico y hu'!L67 -> 0 | F39: ='1-1 pensamiento filosofico y hu'!L67 -> 0 | G39: =(E39*100)/$D$1 -> 0 | H39: ='1-1 pensamiento filosofico y hu'!P70 -> 99.056604
B40: CIENCIAS SOCIALES II | C40: ='1-1 ciencias sociales ii'!L65 -> #DIV/0! | D40: ='1-1 ciencias sociales ii'!L66 -> 0 | E40: ='1-1 ciencias sociales ii'!L67 -> 0 | F40: ='1-1 ciencias sociales ii'!L67 -> 0 | G40: =(E40*100)/$D$1 -> 0 | H40: ='1-1 ciencias sociales ii'!P70 -> 98.382749
B41: TALLER DE CIENCIAS I | C41: ='1-1 taller de ciencias i'!L65 -> #DIV/0! | D41: ='1-1 taller de ciencias i'!L66 -> 0 | E41: ='1-1 taller de ciencias i'!L67 -> 0 | F41: ='1-1 taller de ciencias i'!L67 -> 0 | G41: =(E41*100)/$D$1 -> 0 | H41: ='1-1 taller de ciencias i'!P70 -> 98.584906
B42: ACTIVIDADES FISICAS Y DEPORTIVAS II | C42: ='1-1 actividades fisicas y depor'!L65 -> #DIV/0! | D42: ='1-1 actividades fisicas y depor'!L66 -> 0 | E42: ='1-1 actividades fisicas y depor'!L67 -> 0 | F42: ='1-1 actividades fisicas y depor'!L67 -> 0 | G42: =(E42*100)/$D$1 -> 0 | H42: ='1-1 actividades fisicas y depor'!P70 -> 98.742138
B43: EDUCACION PARA LA SALUD II | C43: ='1-1 educacion para la salud ii'!L65 -> #DIV/0! | D43: ='1-1 educacion para la salud ii'!L66 -> 0 | E43: ='1-1 educacion para la salud ii'!L67 -> 0 | F43: ='1-1 educacion para la salud ii'!L67 -> 0 | G43: =(E43*100)/$D$1 -> 0 | H43: ='1-1 educacion para la salud ii'!P70 -> 97.735849
B44: TEMAS SELECTOS DE IGUALDAD Y DERECHOS HUMANOS II | C44: ='1-1 temas selectos de igualdad '!L65 -> #DIV/0! | D44: ='1-1 temas selectos de igualdad '!L66 -> 0 | E44: ='1-1 temas selectos de igualdad '!L67 -> 0 | F44: ='1-1 temas selectos de igualdad '!L67 -> 0 | G44: =(E44*100)/$D$1 -> 0 | H44: ='1-1 temas selectos de igualdad '!P70 -> 96.226415
C45: =AVERAGE(C34:C44) -> #DIV/0! | D45: =AVERAGE(D34:D44) -> 4.6363636 | E45: =AVERAGE(E34:E44) -> 0.18181818 | F45: =AVERAGE(F34:F44) -> 0.18181818 | G45: =AVERAGE(G34:G44) -> 0.34305317 | H45: =AVERAGE(H34:H44) -> 98.247978
B49: INDICADORES FINALES | C49: NO. ALUMNOS | D49: ='1-1 lengua y comunicacion ii'!H9 -> 53
B50: UAC | C50: PROMEDIO | D50: APROBADOS | E50: REPROBADOS | F50: APROVECHAMIENTO | G50: % REPROBACIÓN | H50: % ASISTENCIA
B51: LENGUA Y COMUNICACIÓN II | C51: ='1-1 lengua y comunicacion ii'!P65 -> 8.1071429 | D51: ='1-1 lengua y comunicacion ii'!P66 -> 51 | E51: ='1-1 lengua y comunicacion ii'!P67 -> 2 | F51: ='1-1 lengua y comunicacion ii'!P68 -> 96.226415 | G51: =(E51*100)/$D$1 -> 3.7735849 | H51: ='1-1 lengua y comunicacion ii'!P70 -> 94.685535
B52: INGLÉS II | C52: ='1-1 ingles II'!P65 -> 10.357143 | D52: ='1-1 ingles II'!P66 -> 49 | E52: ='1-1 ingles II'!P67 -> 4 | F52: ='1-1 ingles II'!P68 -> 92.45283 | G52: =(E52*100)/$D$1 -> 7.5471698 | H52: ='1-1 ingles II'!P70 -> 99.514825
