Workbook
Name Excel_BuiltIn_Print_Area: '3-1 conciencia historica iii'!$A$6:$O$62
Name Excel_BuiltIn_Print_Area: '3-1 economia i'!$A$6:$O$62
Name Excel_BuiltIn_Print_Area: '3-1 temas selectos de igualdad '!$A$6:$O$62
Name Excel_BuiltIn_Print_Area: '3-1 diseño digital'!$A$6:$O$62
Name Excel_BuiltIn_Print_Area: '3-1 ciencias de la comunicacion'!$A$6:$O$60
Name Excel_BuiltIn_Print_Area: '3-1 organismos'!$A$6:$O$62
Name Excel_BuiltIn_Print_Area: '3-1 temas selectos de matematic'!$A$6:$O$62
Name Excel_BuiltIn_Print_Area: '3-1 temas selectos de ingles ii'!$A$6:$O$62
Name Excel_BuiltIn_Print_Area: '3-1 paginas web'!$A$6:$O$62
Name Excel_BuiltIn_Print_Area: '3-1 actividades artisticas y cu'!$A$6:$O$62
Name Excel_BuiltIn_Print_Area: '3-1 practica y colaboracion ciu'!$A$6:$O$62
Name Excel_BuiltIn_Print_Area: '3-1 temas selectos de filosofia'!$A$6:$O$62

Sheet 3-1 ciencias de la comunicacion
O1: HORAS IMPARTIDAS
C2: ORIENTADORA | D2: NEFATLÍ MARGARITA MORLÁN ORTÍZ | H2: ESCUELA PREPARATORIA OFICIAL NÚM.67 | O2: Febrero | P2: 12
H3: “2026. Año del Humanismo Mexicano en el Estado de México ”. | O3: Marzo | P3: 15
H4: CICLO ESCOLAR: 2025 -2026 | O4: Abril | P4: 5
E5: TURNO : | G5: MATUTINO | J5: Grado | K5: 3° | L5: Grupo | M5: 1 | O5: Mayo | P5: 11
E6: PROFESOR(A): | K6: UAC | L6: CIENCIAS DE LA COMUNICACIÓN I | O6: Junio | P6: 14
G7: HOMBRES | H7: =A59 -> 23 | O7: Julio | P7: 3
G8: MUJERES | H8: =B59 -> 22 | O8: TOTAL | P8: =SUM(P2:P7) -> 60
G9: TOTAL | H9: =H7+H8 -> 45
A10: N | B10: P | C10: NOMBRE DEL ALUMNO | G10: PRIMERA EVALUACIÓN | I10: SEGUNDA EVALUACIÓN | K10: TERCERA EVALUACIÓN | M10: EVALUACIÓN FINAL
A11: H | B11: M | G11: FALTAS | H11: CALIF. | I11: FALTAS | J11: CALIF. | K11: FALTAS | L11: CALIF. | M11: TOT. DE FALTAS | N11: % FALTAS | O11: TOTAL DE PUNTOS | P11: CALIF. FINAL | Q11: FIRMA DEL ALUMNO | R11: ESTATUS
A12: 1 | C12: ABARCA | D12: MELENDEZ | E12: ANDRES SAID | G12: 0 | H12: 7 | M12: =G12+I12+K12 -> 0 | N12: =(M12*100)/$P$8 -> 0 | O12: =H12+J12+L12 -> 7 | P12: =IF(AVERAGE(H12,J12,L12)<6,(5),(ROUND(AVERAGE(H12,J12,L12),0))) -> 7 | R12: =IF(N12>20,"EXTRA","ORD") -> ORD
B13: 2 | C13: ALCANTARA | D13: BELTRAN | E13: JESSICA | G13: 0 | H13: 10 | M13: =G13+I13+K13 -> 0 | N13: =(M13*100)/$P$8 -> 0 | O13: =H13+J13+L13 -> 10 | P13: =IF(AVERAGE(H13,J13,L13)<6,(5),(ROUND(AVERAGE(H13,J13,L13),0))) -> 10 | R13: =IF(N13>20,"EXTRA","ORD") -> ORD
A14: 3 | C14: ALVAREZ | D14: BERNALDO | E14: ANGEL ALBERTO | G14: 0 | H14: 10 | M14: =G14+I14+K14 -> 0 | N14: =(M14*100)/$P$8 -> 0 | O14: =H14+J14+L14 -> 10 | P14: =IF(AVERAGE(H14,J14,L14)<6,(5),(ROUND(AVERAGE(H14,J14,L14),0))) -> 10 | R14: =IF(N14>20,"EXTRA","ORD") -> ORD
B15: 4 | C15: ALVAREZ | D15: GONZALEZ | E15: ALLISON JADE | G15: 0 | H15: 6 | M15: =G15+I15+K15 -> 0 | N15: =(M15*100)/$P$8 -> 0 | O15: =H15+J15+L15 -> 6 | P15: =IF(AVERAGE(H15,J15,L15)<6,(5),(ROUND(AVERAGE(H15,J15,L15),0))) -> 6 | R15: =IF(N15>20,"EXTRA","ORD") -> ORD
A16: 5 | C16: ANZALDO | D16: MARTINEZ | E16: NAYONEL YAEL | G16: 0 | H16: 8 | M16: =G16+I16+K16 -> 0 | N16: =(M16*100)/$P$8 -> 0 | O16: =H16+J16+L16 -> 8 | P16: =IF(AVERAGE(H16,J16,L16)<6,(5),(ROUND(AVERAGE(H16,J16,L16),0))) -> 8 | R16: =IF(N16>20,"EXTRA","ORD") -> ORD
A17: 6 | C17: AVILA | D17: ESCAMILLA | E17: JUSTIN YAHEL | G17: 21 | H17: 8 | M17: =G17+I17+K17 -> 21 | N17: =(M17*100)/$P$8 -> 35 | O17: =H17+J17+L17 -> 8 | P17: =IF(AVERAGE(H17,J17,L17)<6,(5),(ROUND(AVERAGE(H17,J17,L17),0))) -> 8 | R17: =IF(N17>20,"EXTRA","ORD") -> EXTRA
A18: 7 | C18: AYALA | D18: LARA | E18: ISAAC | G18: 0 | H18: 8 | M18: =G18+I18+K18 -> 0 | N18: =(M18*100)/$P$8 -> 0 | O18: =H18+J18+L18 -> 8 | P18: =IF(AVERAGE(H18,J18,L18)<6,(5),(ROUND(AVERAGE(H18,J18,L18),0))) -> 8 | R18: =IF(N18>20,"EXTRA","ORD") -> ORD
B19: 8 | C19: BATRES | D19: CERDA | E19: MARIA DEL PILAR | G19: 0 | H19: 10 | M19: =G19+I19+K19 -> 0 | N19: =(M19*100)/$P$8 -> 0 | O19: =H19+J19+L19 -> 10 | P19: =IF(AVERAGE(H19,J19,L19)<6,(5),(ROUND(AVERAGE(H19,J19,L19),0))) -> 10 | R19: =IF(N19>20,"EXTRA","ORD") -> ORD
A20: 9 | C20: BONILLA | D20: TREJO | E20: FRANCISCO TONATIUH | G20: 0 | H20: 5 | M20: =G20+I20+K20 -> 0 | N20: =(M20*100)/$P$8 -> 0 | O20: =H20+J20+L20 -> 5 | P20: =IF(AVERAGE(H20,J20,L20)<6,(5),(ROUND(AVERAGE(H20,J20,L20),0))) -> 5 | R20: =IF(N20>20,"EXTRA","ORD") -> ORD
A21: 10 | C21: CABRERA | D21: MARTINEZ | E21: JESUS ADRIAN | G21: 0 | H21: 10 | M21: =G21+I21+K21 -> 0 | N21: =(M21*100)/$P$8 -> 0 | O21: =H21+J21+L21 -> 10 | P21: =IF(AVERAGE(H21,J21,L21)<6,(5),(ROUND(AVERAGE(H21,J21,L21),0))) -> 10 | R21: =IF(N21>20,"EXTRA","ORD") -> ORD
B22: 11 | C22: CARDONA | D22: ZARATE | E22: JULIA EMILY | G22: 0 | H22: 8 | M22: =G22+I22+K22 -> 0 | N22: =(M22*100)/$P$8 -> 0 | O22: =H22+J22+L22 -> 8 | P22: =IF(AVERAGE(H22,J22,L22)<6,(5),(ROUND(AVERAGE(H22,J22,L22),0))) -> 8 | R22: =IF(N22>20,"EXTRA","ORD") -> ORD
A23: 12 | C23: CASALES | D23: LORANCA | E23: EDSON | G23: 0 | H23: 6 | M23: =G23+I23+K23 -> 0 | N23: =(M23*100)/$P$8 -> 0 | O23: =H23+J23+L23 -> 6 | P23: =IF(AVERAGE(H23,J23,L23)<6,(5),(ROUND(AVERAGE(H23,J23,L23),0))) -> 6 | R23: =IF(N23>20,"EXTRA","ORD") -> ORD
A24: 13 | C24: CRUZ | D24: GARCÍA | E24: PEDRO YASHIR | G24: 0 | H24: 5 | M24: =G24+I24+K24 -> 0 | N24: =(M24*100)/$P$8 -> 0 | O24: =H24+J24+L24 -> 5 | P24: =IF(AVERAGE(H24,J24,L24)<6,(5),(ROUND(AVERAGE(H24,J24,L24),0))) -> 5 | R24: =IF(N24>20,"EXTRA","ORD") -> ORD
B25: 14 | C25: FUENTES | D25: VALADEZ | E25: ALEXIA DANNAE | G25: 0 | H25: 10 | M25: =G25+I25+K25 -> 0 | N25: =(M25*100)/$P$8 -> 0 | O25: =H25+J25+L25 -> 10 | P25: =IF(AVERAGE(H25,J25,L25)<6,(5),(ROUND(AVERAGE(H25,J25,L25),0))) -> 10 | R25: =IF(N25>20,"EXTRA","ORD") -> ORD
A26: 15 | C26: GARCIA | D26: RANGEL | E26: ADRIAN | G26: 0 | H26: 10 | M26: =G26+I26+K26 -> 0 | N26: =(M26*100)/$P$8 -> 0 | O26: =H26+J26+L26 -> 10 | P26: =IF(AVERAGE(H26,J26,L26)<6,(5),(ROUND(AVERAGE(H26,J26,L26),0))) -> 10 | R26: =IF(N26>20,"EXTRA","ORD") -> ORD
B27: 16 | C27: GOMEZ | D27: ARREDONDO | E27: AMERICA NAOMI | G27: 0 | H27: 5 | M27: =G27+I27+K27 -> 0 | N27: =(M27*100)/$P$8 -> 0 | O27: =H27+J27+L27 -> 5 | P27: =IF(AVERAGE(H27,J27,L27)<6,(5),(ROUND(AVERAGE(H27,J27,L27),0))) -> 5 | R27: =IF(N27>20,"EXTRA","ORD") -> ORD
B28: 17 | C28: GOMEZ | D28: VAZQUEZ | E28: BIBIANA | G28: 0 | H28: 7 | M28: =G28+I28+K28 -> 0 | N28: =(M28*100)/$P$8 -> 0 | O28: =H28+J28+L28 -> 7 | P28: =IF(AVERAGE(H28,J28,L28)<6,(5),(ROUND(AVERAGE(H28,J28,L28),0))) -> 7 | R28: =IF(N28>20,"EXTRA","ORD") -> ORD
B29: 18 | C29: GONZALEZ | D29: REYNA | E29: PAULA EDITH | G29: 0 | H29: 6 | M29: =G29+I29+K29 -> 0 | N29: =(M29*100)/$P$8 -> 0 | O29: =H29+J29+L29 -> 6 | P29: =IF(AVERAGE(H29,J29,L29)<6,(5),(ROUND(AVERAGE(H29,J29,L29),0))) -> 6 | R29: =IF(N29>20,"EXTRA","ORD") -> ORD
A30: 19 | C30: HERNANDEZ | D30: CHAVEZ | E30: DEREK | G30: 1 | H30: 6 | M30: =G30+I30+K30 -> 1 | N30: =(M30*100)/$P$8 -> 1.6666667 | O30: =H30+J30+L30 -> 6 | P30: =IF(AVERAGE(H30,J30,L30)<6,(5),(ROUND(AVERAGE(H30,J30,L30),0))) -> 6 | R30: =IF(N30>20,"EXTRA","ORD") -> ORD
B31: 20 | C31: HERNANDEZ | D31: LEDEZMA | E31: IRIARY GUADALUPE | G31: 0 | H31: 10 | M31: =G31+I31+K31 -> 0 | N31: =(M31*100)/$P$8 -> 0 | O31: =H31+J31+L31 -> 10 | P31: =IF(AVERAGE(H31,J31,L31)<6,(5),(ROUND(AVERAGE(H31,J31,L31),0))) -> 10 | R31: =IF(N31>20,"EXTRA","ORD") -> ORD
A32: 21 | C32: JARALEÑO | D32: BLANCO | E32: IRVING GAEL | G32: 0 | H32: 9 | M32: =G32+I32+K32 -> 0 | N32: =(M32*100)/$P$8 -> 0 | O32: =H32+J32+L32 -> 9 | P32: =IF(AVERAGE(H32,J32,L32)<6,(5),(ROUND(AVERAGE(H32,J32,L32),0))) -> 9 | R32: =IF(N32>20,"EXTRA","ORD") -> ORD
B33: 22 | C33: LIMA | D33: ACEVES | E33: DAFNE ERIN | G33: 0 | H33: 6 | M33: =G33+I33+K33 -> 0 | N33: =(M33*100)/$P$8 -> 0 | O33: =H33+J33+L33 -> 6 | P33: =IF(AVERAGE(H33,J33,L33)<6,(5),(ROUND(AVERAGE(H33,J33,L33),0))) -> 6 | R33: =IF(N33>20,"EXTRA","ORD") -> ORD
B34: 23 | C34: LOPEZ | D34: GODINEZ | E34: AZUL XIMENA | G34: 1 | H34: 5 | M34: =G34+I34+K34 -> 1 | N34: =(M34*100)/$P$8 -> 1.6666667 | O34: =H34+J34+L34 -> 5 | P34: =IF(AVERAGE(H34,J34,L34)<6,(5),(ROUND(AVERAGE(H34,J34,L34),0))) -> 5 | R34: =IF(N34>20,"EXTRA","ORD") -> ORD
A35: 24 | C35: LUGO | D35: GONZALEZ | E35: LUIS DARIO | G35: 2 | H35: 7 | M35: =G35+I35+K35 -> 2 | N35: =(M35*100)/$P$8 -> 3.3333333 | O35: =H35+J35+L35 -> 7 | P35: =IF(AVERAGE(H35,J35,L35)<6,(5),(ROUND(AVERAGE(H35,J35,L35),0))) -> 7 | R35: =IF(N35>20,"EXTRA","ORD") -> ORD
A36: 25 | C36: MARQUEZ | D36: YAÑEZ | E36: ISRAEL | G36: 0 | H36: 7 | M36: =G36+I36+K36 -> 0 | N36: =(M36*100)/$P$8 -> 0 | O36: =H36+J36+L36 -> 7 | P36: =IF(AVERAGE(H36,J36,L36)<6,(5),(ROUND(AVERAGE(H36,J36,L36),0))) -> 7 | R36: =IF(N36>20,"EXTRA","ORD") -> ORD
A37: 26 | C37: MARTINEZ | D37: MONTERO | E37: ANGEL YAIR | G37: 0 | H37: 7 | M37: =G37+I37+K37 -> 0 | N37: =(M37*100)/$P$8 -> 0 | O37: =H37+J37+L37 -> 7 | P37: =IF(AVERAGE(H37,J37,L37)<6,(5),(ROUND(AVERAGE(H37,J37,L37),0))) -> 7 | R37: =IF(N37>20,"EXTRA","ORD") -> ORD
A38: 27 | C38: MENDOZA | D38: CRUZ | E38: IAN YAMIL | G38: 0 | H38: 7 | M38: =G38+I38+K38 -> 0 | N38: =(M38*100)/$P$8 -> 0 | O38: =H38+J38+L38 -> 7 | P38: =IF(AVERAGE(H38,J38,L38)<6,(5),(ROUND(AVERAGE(H38,J38,L38),0))) -> 7 | R38: =IF(N38>20,"EXTRA","ORD") -> ORD
B39: 28 | C39: MONTOYA | D39: LOPEZ | E39: WENDY MARIEL | G39: 0 | H39: 8 | M39: =G39+I39+K39 -> 0 | N39: =(M39*100)/$P$8 -> 0 | O39: =H39+J39+L39 -> 8 | P39: =IF(AVERAGE(H39,J39,L39)<6,(5),(ROUND(AVERAGE(H39,J39,L39),0))) -> 8 | R39: =IF(N39>20,"EXTRA","ORD") -> ORD
B40: 29 | C40: MORA | D40: SORIANO | E40: GIANNINA | G40: 0 | H40: 8 | M40: =G40+I40+K40 -> 0 | N40: =(M40*100)/$P$8 -> 0 | O40: =H40+J40+L40 -> 8 | P40: =IF(AVERAGE(H40,J40,L40)<6,(5),(ROUND(AVERAGE(H40,J40,L40),0))) -> 8 | R40: =IF(N40>20,"EXTRA","ORD") -> ORD
B41: 30 | C41: PAZ | D41: GUTIERREZ | E41: NADIA PAMELA | G41: 0 | H41: 8 | M41: =G41+I41+K41 -> 0 | N41: =(M41*100)/$P$8 -> 0 | O41: =H41+J41+L41 -> 8 | P41: =IF(AVERAGE(H41,J41,L41)<6,(5),(ROUND(AVERAGE(H41,J41,L41),0))) -> 8 | R41: =IF(N41>20,"EXTRA","ORD") -> ORD
B42: 31 | C42: RAMIREZ | D42: MALDONADO | E42: DULCE MONTSERRAT | G42: 0 | H42: 8 | M42: =G42+I42+K42 -> 0 | N42: =(M42*100)/$P$8 -> 0 | O42: =H42+J42+L42 -> 8 | P42: =IF(AVERAGE(H42,J42,L42)<6,(5),(ROUND(AVERAGE(H42,J42,L42),0))) -> 8 | R42: =IF(N42>20,"EXTRA","ORD") -> ORD
A43: 32 | C43: RAMOS | D43: SANTANA | E43: OSCAR SAMUEL | G43: 0 | H43: 6 | M43: =G43+I43+K43 -> 0 | N43: =(M43*100)/$P$8 -> 0 | O43: =H43+J43+L43 -> 6 | P43: =IF(AVERAGE(H43,J43,L43)<6,(5),(ROUND(AVERAGE(H43,J43,L43),0))) -> 6 | R43: =IF(N43>20,"EXTRA","ORD") -> ORD
A44: 33 | C44: RESENDIZ | D44: GODINEZ | E44: GAEL EMILIANO | G44: 0 | H44: 8 | M44: =G44+I44+K44 -> 0 | N44: =(M44*100)/$P$8 -> 0 | O44: =H44+J44+L44 -> 8 | P44: =IF(AVERAGE(H44,J44,L44)<6,(5),(ROUND(AVERAGE(H44,J44,L44),0))) -> 8 | R44: =IF(N44>20,"EXTRA","ORD") -> ORD
B45: 34 | C45: REYES | D45: ALLENDE | E45: ANA LILIA | G45: 2 | H45: 5 | M45: =G45+I45+K45 -> 2 | N45: =(M45*100)/$P$8 -> 3.3333333 | O45: =H45+J45+L45 -> 5 | P45: =IF(AVERAGE(H45,J45,L45)<6,(5),(ROUND(AVERAGE(H45,J45,L45),0))) -> 5 | R45: =IF(N45>20,"EXTRA","ORD") -> ORD
B46: 35 | C46: REYES | D46: FUENTES | E46: ELIZABETH | G46: 0 | H46: 9 | M46: =G46+I46+K46 -> 0 | N46: =(M46*100)/$P$8 -> 0 | O46: =H46+J46+L46 -> 9 | P46: =IF(AVERAGE(H46,J46,L46)<6,(5),(ROUND(AVERAGE(H46,J46,L46),0))) -> 9 | R46: =IF(N46>20,"EXTRA","ORD") -> ORD
B47: 36 | C47: SANCHEZ | D47: MELENDEZ | E47: JACQUELINE | G47: 0 | H47: 8 | M47: =G47+I47+K47 -> 0 | N47: =(M47*100)/$P$8 -> 0 | O47: =H47+J47+L47 -> 8 | P47: =IF(AVERAGE(H47,J47,L47)<6,(5),(ROUND(AVERAGE(H47,J47,L47),0))) -> 8 | R47: =IF(N47>20,"EXTRA","ORD") -> ORD
A48: 37 | C48: SERRANO | D48: MAGALLON | E48: DIEGO | G48: 0 | H48: 10 | M48: =G48+I48+K48 -> 0 | N48: =(M48*100)/$P$8 -> 0 | O48: =H48+J48+L48 -> 10 | P48: =IF(AVERAGE(H48,J48,L48)<6,(5),(ROUND(AVERAGE(H48,J48,L48),0))) -> 10 | R48: =IF(N48>20,"EXTRA","ORD") -> ORD
A49: 38 | C49: SOSA | D49: ALCANTARA | E49: IAN MICHELLE | G49: 0 | H49: 7 | M49: =G49+I49+K49 -> 0 | N49: =(M49*100)/$P$8 -> 0 | O49: =H49+J49+L49 -> 7 | P49: =IF(AVERAGE(H49,J49,L49)<6,(5),(ROUND(AVERAGE(H49,J49,L49),0))) -> 7 | R49: =IF(N49>20,"EXTRA","ORD") -> ORD
A50: 39 | C50: SOTO | D50: CORTES | E50: ANGEL SEBASTIAN | G50: 0 | H50: 10 | M50: =G50+I50+K50 -> 0 | N50: =(M50*100)/$P$8 -> 0 | O50: =H50+J50+L50 -> 10 | P50: =IF(AVERAGE(H50,J50,L50)<6,(5),(ROUND(AVERAGE(H50,J50,L50),0))) -> 10 | R50: =IF(N50>20,"EXTRA","ORD") -> ORD
A51: 40 | C51: TLAPALAMATL | D51: GONZALEZ | E51: ANGEL ISRAEL | G51: 0 | H51: 7 | M51: =G51+I51+K51 -> 0 | N51: =(M51*100)/$P$8 -> 0 | O51: =H51+J51+L51 -> 7 | P51: =IF(AVERAGE(H51,J51,L51)<6,(5),(ROUND(AVERAGE(H51,J51,L51),0))) -> 7 | R51: =IF(N51>20,"EXTRA","ORD") -> ORD
B52: 41 | C52: TORRES | D52: LOPEZ | E52: ESMERALDA DANNAE | G52: 0 | H52: 7 | M52: =G52+I52+K52 -> 0 | N52: =(M52*100)/$P$8 -> 0 | O52: =H52+J52+L52 -> 7 | P52: =IF(AVERAGE(H52,J52,L52)<6,(5),(ROUND(AVERAGE(H52,J52,L52),0))) -> 7 | R52: =IF(N52>20,"EXTRA","ORD") -> ORD
A53: 42 | C53: VARGAS | D53: RODRIGUEZ | E53: PABLO | G53: 0 | H53: 8 | M53: =G53+I53+K53 -> 0 | N53: =(M53*100)/$P$8 -> 0 | O53: =H53+J53+L53 -> 8 | P53: =IF(AVERAGE(H53,J53,L53)<6,(5),(ROUND(AVERAGE(H53,J53,L53),0))) -> 8 | R53: =IF(N53>20,"EXTRA","ORD") -> ORD
B54: 43 | C54: VARGAS | D54: ROMERO | E54: MEDELIN YANDERI | G54: 0 | H54: 10 | M54: =G54+I54+K54 -> 0 | N54: =(M54*100)/$P$8 -> 0 | O54: =H54+J54+L54 -> 10 | P54: =IF(AVERAGE(H54,J54,L54)<6,(5),(ROUND(AVERAGE(H54,J54,L54),0))) -> 10 | R54: =IF(N54>20,"EXTRA","ORD") -> ORD
B55: 44 | C55: VEGA | D55: BARRON | E55: VALENTINA | G55: 0 | H55: 10 | M55: =G55+I55+K55 -> 0 | N55: =(M55*100)/$P$8 -> 0 | O55: =H55+J55+L55 -> 10 | P55: =IF(AVERAGE(H55,J55,L55)<6,(5),(ROUND(AVERAGE(H55,J55,L55),0))) -> 10 | R55: =IF(N55>20,"EXTRA","ORD") -> ORD
B56: 45 | C56: VELAZQUEZ | D56: MEJIA | E56: AYLIN DANIELA | G56: 0 | H56: 7 | M56: =G56+I56+K56 -> 0 | N56: =(M56*100)/$P$8 -> 0 | O56: =H56+J56+L56 -> 7 | P56: =IF(AVERAGE(H56,J56,L56)<6,(5),(ROUND(AVERAGE(H56,J56,L56),0))) -> 7 | R56: =IF(N56>20,"EXTRA","ORD") -> ORD
E57: Totales | G57: =SUM(G12:G56) -> 27 | H57: =AVERAGE(H12:H56) -> 7.7111111 | I57: =SUM(I12:I56) -> 0 | J57: =AVERAGE(J12:J56) -> #DIV/0! | K57: =SUM(K12:K56) -> 0 | L57: =AVERAGE(L12:L56) -> #DIV/0! | M57: =SUM(M12:M56) -> 27 | N57: PROMEDIO FINAL | P57: =AVERAGE(P6:P56) -> 8.8333333
A58: H | B58: M | E58: APROBADOS | H58: =COUNTIF(H12:H56,">5") -> 40 | J58: =COUNTIF(J12:J56,">5") -> 0 | L58: =COUNTIF(L12:L56,">5") -> 0 | N58: APROBADOS FINAL | P58: =COUNTIF(P12:P56,">5") -> 40
A59: =COUNT(A12:A56) -> 23 | B59: =COUNT(B12:B56) -> 22 | E59: REPROBADOS | H59: =COUNTIF(H12:H56,5) -> 5 | J59: =COUNTIF(J12:J56,5) -> 0 | L59: =COUNTIF(L12:L56,5) -> 0 | N59: EXTRAORDINARIOS | P59: =COUNTIF(P12:P56,5) -> 5
E60: % APROVECHAMIENTO | H60: =H58*100/H9 -> 88.888889 | J60: =J58*100/H9 -> 0 | L60: =L58*100/H9 -> 0 | N60: APROVECH FINAL | P60: =P58*100/H9 -> 88.888889
N61: % FALTAS | P61: =AVERAGE(N12:N56) -> 1
N62: % ASISTENCIA | P62: =100-P61 -> 99

Sheet 3-1 temas selectos de ingles ii
O1: HORAS IMPARTIDAS
C2: ORIENTADORA | D2: NEFATLÍ MARGARITA MORLÁN ORTÍZ | H2: ESCUELA PREPARATORIA OFICIAL NÚM.67 | O2: Febrero | P2: 12
H3: “2026. Año del Humanismo Mexicano en el Estado de México ”. | O3: Marzo | P3: 15
H4: CICLO ESCOLAR: 2025 -2026 | O4: Abril | P4: 5
E5: TURNO : | G5: MATUTINO | J5: Grado | K5: 3° | L5: Grupo | M5: 1 | O5: Mayo | P5: 11
E6: PROFESOR(A): | K6: UAC | L6: TEMAS SELECTOS DE INGLÉS II | O6: Junio | P6: 14
G7: HOMBRES | H7: =A59 -> 23 | O7: Julio | P7: 3
G8: MUJERES | H8: =B59 -> 22 | O8: TOTAL | P8: =SUM(P2:P7) -> 60
G9: TOTAL | H9: =H7+H8 -> 45
A10: N | B10: P | C10: NOMBRE DEL ALUMNO | G10: PRIMERA EVALUACIÓN | I10: SEGUNDA EVALUACIÓN | K10: TERCERA EVALUACIÓN | M10: EVALUACIÓN FINAL
A11: H | B11: M | G11: FALTAS | H11: CALIF. | I11: FALTAS | J11: CALIF. | K11: FALTAS | L11: CALIF. | M11: TOT. DE FALTAS | N11: % FALTAS | O11: TOTAL DE PUNTOS | P11: CALIF. FINAL | Q11: FIRMA DEL ALUMNO | R11: ESTATUS
A12: 1 | C12: ABARCA | D12: MELENDEZ | E12: ANDRES SAID | G12: 0 | H12: 7 | M12: =G12+I12+K12 -> 0 | N12: =(M12*100)/$P$8 -> 0 | O12: =H12+J12+L12 -> 7 | P12: =IF(AVERAGE(H12,J12,L12)<6,(5),(ROUND(AVERAGE(H12,J12,L12),0))) -> 7 | R12: =IF(N12>20,"EXTRA","ORD") -> ORD
B13: 2 | C13: ALCANTARA | D13: BELTRAN | E13: JESSICA | G13: 0 | H13: 10 | M13: =G13+I13+K13 -> 0 | N13: =(M13*100)/$P$8 -> 0 | O13: =H13+J13+L13 -> 10 | P13: =IF(AVERAGE(H13,J13,L13)<6,(5),(ROUND(AVERAGE(H13,J13,L13),0))) -> 10 | R13: =IF(N13>20,"EXTRA","ORD") -> ORD
A14: 3 | C14: ALVAREZ | D14: BERNALDO | E14: ANGEL ALBERTO | G14: 0 | H14: 10 | M14: =G14+I14+K14 -> 0 | N14: =(M14*100)/$P$8 -> 0 | O14: =H14+J14+L14 -> 10 | P14: =IF(AVERAGE(H14,J14,L14)<6,(5),(ROUND(AVERAGE(H14,J14,L14),0))) -> 10 | R14: =IF(N14>20,"EXTRA","ORD") -> ORD
B15: 4 | C15: ALVAREZ | D15: GONZALEZ | E15: ALLISON JADE | G15: 0 | H15: 6 | M15: =G15+I15+K15 -> 0 | N15: =(M15*100)/$P$8 -> 0 | O15: =H15+J15+L15 -> 6 | P15: =IF(AVERAGE(H15,J15,L15)<6,(5),(ROUND(AVERAGE(H15,J15,L15),0))) -> 6 | R15: =IF(N15>20,"EXTRA","ORD") -> ORD
A16: 5 | C16: ANZALDO | D16: MARTINEZ | E16: NAYONEL YAEL | G16: 0 | H16: 8 | M16: =G16+I16+K16 -> 0 | N16: =(M16*100)/$P$8 -> 0 | O16: =H16+J16+L16 -> 8 | P16: =IF(AVERAGE(H16,J16,L16)<6,(5),(ROUND(AVERAGE(H16,J16,L16),0))) -> 8 | R16: =IF(N16>20,"EXTRA","ORD") -> ORD
A17: 6 | C17: AVILA | D17: ESCAMILLA | E17: JUSTIN YAHEL | G17: 21 | H17: 8 | M17: =G17+I17+K17 -> 21 | N17: =(M17*100)/$P$8 -> 35 | O17: =H17+J17+L17 -> 8 | P17: =IF(AVERAGE(H17,J17,L17)<6,(5),(ROUND(AVERAGE(H17,J17,L17),0))) -> 8 | R17: =IF(N17>20,"EXTRA","ORD") -> EXTRA
A18: 7 | C18: AYALA | D18: LARA | E18: ISAAC | G18: 0 | H18: 8 | M18: =G18+I18+K18 -> 0 | N18: =(M18*100)/$P$8 -> 0 | O18: =H18+J18+L18 -> 8 | P18: =IF(AVERAGE(H18,J18,L18)<6,(5),(ROUND(AVERAGE(H18,J18,L18),0))) -> 8 | R18: =IF(N18>20,"EXTRA","ORD") -> ORD
B19: 8 | C19: BATRES | D19: CERDA | E19: MARIA DEL PILAR | G19: 0 | H19: 10 | M19: =G19+I19+K19 -> 0 | N19: =(M19*100)/$P$8 -> 0 | O19: =H19+J19+L19 -> 10 | P19: =IF(AVERAGE(H19,J19,L19)<6,(5),(ROUND(AVERAGE(H19,J19,L19),0))) -> 10 | R19: =IF(N19>20,"EXTRA","ORD") -> ORD
A20: 9 | C20: BONILLA | D20: TREJO | E20: FRANCISCO TONATIUH | G20: 0 | H20: 5 | M20: =G20+I20+K20 -> 0 | N20: =(M20*100)/$P$8 -> 0 | O20: =H20+J20+L20 -> 5 | P20: =IF(AVERAGE(H20,J20,L20)<6,(5),(ROUND(AVERAGE(H20,J20,L20),0))) -> 5 | R20: =IF(N20>20,"EXTRA","ORD") -> ORD
A21: 10 | C21: CABRERA | D21: MARTINEZ | E21: JESUS ADRIAN | G21: 0 | H21: 10 | M21: =G21+I21+K21 -> 0 | N21: =(M21*100)/$P$8 -> 0 | O21: =H21+J21+L21 -> 10 | P21: =IF(AVERAGE(H21,J21,L21)<6,(5),(ROUND(AVERAGE(H21,J21,L21),0))) -> 10 | R21: =IF(N21>20,"EXTRA","ORD") -> ORD
B22: 11 | C22: CARDONA | D22: ZARATE | E22: JULIA EMILY | G22: 0 | H22: 8 | M22: =G22+I22+K22 -> 0 | N22: =(M22*100)/$P$8 -> 0 | O22: =H22+J22+L22 -> 8 | P22: =IF(AVERAGE(H22,J22,L22)<6,(5),(ROUND(AVERAGE(H22,J22,L22),0))) -> 8 | R22: =IF(N22>20,"EXTRA","ORD") -> ORD
A23: 12 | C23: CASALES | D23: LORANCA | E23: EDSON | G23: 0 | H23: 6 | M23: =G23+I23+K23 -> 0 | N23: =(M23*100)/$P$8 -> 0 | O23: =H23+J23+L23 -> 6 | P23: =IF(AVERAGE(H23,J23,L23)<6,(5),(ROUND(AVERAGE(H23,J23,L23),0))) -> 6 | R23: =IF(N23>20,"EXTRA","ORD") -> ORD
A24: 13 | C24: CRUZ | D24: GARCÍA | E24: PEDRO YASHIR | G24: 0 | H24: 5 | M24: =G24+I24+K24 -> 0 | N24: =(M24*100)/$P$8 -> 0 | O24: =H24+J24+L24 -> 5 | P24: =IF(AVERAGE(H24,J24,L24)<6,(5),(ROUND(AVERAGE(H24,J24,L24),0))) -> 5 | R24: =IF(N24>20,"EXTRA","ORD") -> ORD
B25: 14 | C25: FUENTES | D25: VALADEZ | E25: ALEXIA DANNAE | G25: 0 | H25: 10 | M25: =G25+I25+K25 -> 0 | N25: =(M25*100)/$P$8 -> 0 | O25: =H25+J25+L25 -> 10 | P25: =IF(AVERAGE(H25,J25,L25)<6,(5),(ROUND(AVERAGE(H25,J25,L25),0))) -> 10 | R25: =IF(N25>20,"EXTRA","ORD") -> ORD
A26: 15 | C26: GARCIA | D26: RANGEL | E26: ADRIAN | G26: 0 | H26: 10 | M26: =G26+I26+K26 -> 0 | N26: =(M26*100)/$P$8 -> 0 | O26: =H26+J26+L26 -> 10 | P26: =IF(AVERAGE(H26,J26,L26)<6,(5),(ROUND(AVERAGE(H26,J26,L26),0))) -> 10 | R26: =IF(N26>20,"EXTRA","ORD") -> ORD
B27: 16 | C27: GOMEZ | D27: ARREDONDO | E27: AMERICA NAOMI | G27: 0 | H27: 5 | M27: =G27+I27+K27 -> 0 | N27: =(M27*100)/$P$8 -> 0 | O27: =H27+J27+L27 -> 5 | P27: =IF(AVERAGE(H27,J27,L27)<6,(5),(ROUND(AVERAGE(H27,J27,L27),0))) -> 5 | R27: =IF(N27>20,"EXTRA","ORD") -> ORD
B28: 17 | C28: GOMEZ | D28: VAZQUEZ | E28: BIBIANA | G28: 0 | H28: 7 | M28: =G28+I28+K28 -> 0 | N28: =(M28*100)/$P$8 -> 0 | O28: =H28+J28+L28 -> 7 | P28: =IF(AVERAGE(H28,J28,L28)<6,(5),(ROUND(AVERAGE(H28,J28,L28),0))) -> 7 | R28: =IF(N28>20,"EXTRA","ORD") -> ORD
B29: 18 | C29: GONZALEZ | D29: REYNA | E29: PAULA EDITH | G29: 0 | H29: 6 | M29: =G29+I29+K29 -> 0 | N29: =(M29*100)/$P$8 -> 0 | O29: =H29+J29+L29 -> 6 | P29: =IF(AVERAGE(H29,J29,L29)<6,(5),(ROUND(AVERAGE(H29,J29,L29),0))) -> 6 | R29: =IF(N29>20,"EXTRA","ORD") -> ORD
A30: 19 | C30: HERNANDEZ | D30: CHAVEZ | E30: DEREK | G30: 1 | H30: 6 | M30: =G30+I30+K30 -> 1 | N30: =(M30*100)/$P$8 -> 1.6666667 | O30: =H30+J30+L30 -> 6 | P30: =IF(AVERAGE(H30,J30,L30)<6,(5),(ROUND(AVERAGE(H30,J30,L30),0))) -> 6 | R30: =IF(N30>20,"EXTRA","ORD") -> ORD
B31: 20 | C31: HERNANDEZ | D31: LEDEZMA | E31: IRIARY GUADALUPE | G31: 0 | H31: 10 | M31: =G31+I31+K31 -> 0 | N31: =(M31*100)/$P$8 -> 0 | O31: =H31+J31+L31 -> 10 | P31: =IF(AVERAGE(H31,J31,L31)<6,(5),(ROUND(AVERAGE(H31,J31,L31),0))) -> 10 | R31: =IF(N31>20,"EXTRA","ORD") -> ORD
A32: 21 | C32: JARALEÑO | D32: BLANCO | E32: IRVING GAEL | G32: 0 | H32: 9 | M32: =G32+I32+K32 -> 0 | N32: =(M32*100)/$P$8 -> 0 | O32: =H32+J32+L32 -> 9 | P32: =IF(AVERAGE(H32,J32,L32)<6,(5),(ROUND(AVERAGE(H32,J32,L32),0))) -> 9 | R32: =IF(N32>20,"EXTRA","ORD") -> ORD
B33: 22 | C33: LIMA | D33: ACEVES | E33: DAFNE ERIN | G33: 0 | H33: 6 | M33: =G33+I33+K33 -> 0 | N33: =(M33*100)/$P$8 -> 0 | O33: =H33+J33+L33 -> 6 | P33: =IF(AVERAGE(H33,J33,L33)<6,(5),(ROUND(AVERAGE(H33,J33,L33),0))) -> 6 | R33: =IF(N33>20,"EXTRA","ORD") -> ORD
B34: 23 | C34: LOPEZ | D34: GODINEZ | E34: AZUL XIMENA | G34: 1 | H34: 5 | M34: =G34+I34+K34 -> 1 | N34: =(M34*100)/$P$8 -> 1.6666667 | O34: =H34+J34+L34 -> 5 | P34: =IF(AVERAGE(H34,J34,L34)<6,(5),(ROUND(AVERAGE(H34,J34,L34),0))) -> 5 | R34: =IF(N34>20,"EXTRA","ORD") -> ORD
A35: 24 | C35: LUGO | D35: GONZALEZ | E35: LUIS DARIO | G35: 2 | H35: 7 | M35: =G35+I35+K35 -> 2 | N35: =(M35*100)/$P$8 -> 3.3333333 | O35: =H35+J35+L35 -> 7 | P35: =IF(AVERAGE(H35,J35,L35)<6,(5),(ROUND(AVERAGE(H35,J35,L35),0))) -> 7 | R35: =IF(N35>20,"EXTRA","ORD") -> ORD
A36: 25 | C36: MARQUEZ | D36: YAÑEZ | E36: ISRAEL | G36: 0 | H36: 7 | M36: =G36+I36+K36 -> 0 | N36: =(M36*100)/$P$8 -> 0 | O36: =H36+J36+L36 -> 7 | P36: =IF(AVERAGE(H36,J36,L36)<6,(5),(ROUND(AVERAGE(H36,J36,L36),0))) -> 7 | R36: =IF(N36>20,"EXTRA","ORD") -> ORD
A37: 26 | C37: MARTINEZ | D37: MONTERO | E37: ANGEL YAIR | G37: 0 | H37: 7 | M37: =G37+I37+K37 -> 0 | N37: =(M37*100)/$P$8 -> 0 | O37: =H37+J37+L37 -> 7 | P37: =IF(AVERAGE(H37,J37,L37)<6,(5),(ROUND(AVERAGE(H37,J37,L37),0))) -> 7 | R37: =IF(N37>20,"EXTRA","ORD") -> ORD
A38: 27 | C38: MENDOZA | D38: CRUZ | E38: IAN YAMIL | G38: 0 | H38: 7 | M38: =G38+I38+K38 -> 0 | N38: =(M38*100)/$P$8 -> 0 | O38: =H38+J38+L38 -> 7 | P38: =IF(AVERAGE(H38,J38,L38)<6,(5),(ROUND(AVERAGE(H38,J38,L38),0))) -> 7 | R38: =IF(N38>20,"EXTRA","ORD") -> ORD
B39: 28 | C39: MONTOYA | D39: LOPEZ | E39: WENDY MARIEL | G39: 0 | H39: 8 | M39: =G39+I39+K39 -> 0 | N39: =(M39*100)/$P$8 -> 0 | O39: =H39+J39+L39 -> 8 | P39: =IF(AVERAGE(H39,J39,L39)<6,(5),(ROUND(AVERAGE(H39,J39,L39),0))) -> 8 | R39: =IF(N39>20,"EXTRA","ORD") -> ORD
B40: 29 | C40: MORA | D40: SORIANO | E40: GIANNINA | G40: 0 | H40: 8 | M40: =G40+I40+K40 -> 0 | N40: =(M40*100)/$P$8 -> 0 | O40: =H40+J40+L40 -> 8 | P40: =IF(AVERAGE(H40,J40,L40)<6,(5),(ROUND(AVERAGE(H40,J40,L40),0))) -> 8 | R40: =IF(N40>20,"EXTRA","ORD") -> ORD
B41: 30 | C41: PAZ | D41: GUTIERREZ | E41: NADIA PAMELA | G41: 0 | H41: 8 | M41: =G41+I41+K41 -> 0 | N41: =(M41*100)/$P$8 -> 0 | O41: =H41+J41+L41 -> 8 | P41: =IF(AVERAGE(H41,J41,L41)<6,(5),(ROUND(AVERAGE(H41,J41,L41),0))) -> 8 | R41: =IF(N41>20,"EXTRA","ORD") -> ORD
B42: 31 | C42: RAMIREZ | D42: MALDONADO | E42: DULCE MONTSERRAT | G42: 0 | H42: 8 | M42: =G42+I42+K42 -> 0 | N42: =(M42*100)/$P$8 -> 0 | O42: =H42+J42+L42 -> 8 | P42: =IF(AVERAGE(H42,J42,L42)<6,(5),(ROUND(AVERAGE(H42,J42,L42),0))) -> 8 | R42: =IF(N42>20,"EXTRA","ORD") -> ORD
A43: 32 | C43: RAMOS | D43: SANTANA | E43: OSCAR SAMUEL | G43: 0 | H43: 6 | M43: =G43+I43+K43 -> 0 | N43: =(M43*100)/$P$8 -> 0 | O43: =H43+J43+L43 -> 6 | P43: =IF(AVERAGE(H43,J43,L43)<6,(5),(ROUND(AVERAGE(H43,J43,L43),0))) -> 6 | R43: =IF(N43>20,"EXTRA","ORD") -> ORD
A44: 33 | C44: RESENDIZ | D44: GODINEZ | E44: GAEL EMILIANO | G44: 0 | H44: 8 | M44: =G44+I44+K44 -> 0 | N44: =(M44*100)/$P$8 -> 0 | O44: =H44+J44+L44 -> 8 | P44: =IF(AVERAGE(H44,J44,L44)<6,(5),(ROUND(AVERAGE(H44,J44,L44),0))) -> 8 | R44: =IF(N44>20,"EXTRA","ORD") -> ORD
B45: 34 | C45: REYES | D45: ALLENDE | E45: ANA LILIA | G45: 2 | H45: 5 | M45: =G45+I45+K45 -> 2 | N45: =(M45*100)/$P$8 -> 3.3333333 | O45: =H45+J45+L45 -> 5 | P45: =IF(AVERAGE(H45,J45,L45)<6,(5),(ROUND(AVERAGE(H45,J45,L45),0))) -> 5 | R45: =IF(N45>20,"EXTRA","ORD") -> ORD
B46: 35 | C46: REYES | D46: FUENTES | E46: ELIZABETH | G46: 0 | H46: 9 | M46: =G46+I46+K46 -> 0 | N46: =(M46*100)/$P$8 -> 0 | O46: =H46+J46+L46 -> 9 | P46: =IF(AVERAGE(H46,J46,L46)<6,(5),(ROUND(AVERAGE(H46,J46,L46),0))) -> 9 | R46: =IF(N46>20,"EXTRA","ORD") -> ORD
B47: 36 | C47: SANCHEZ | D47: MELENDEZ | E47: JACQUELINE | G47: 0 | H47: 8 | M47: =G47+I47+K47 -> 0 | N47: =(M47*100)/$P$8 -> 0 | O47: =H47+J47+L47 -> 8 | P47: =IF(AVERAGE(H47,J47,L47)<6,(5),(ROUND(AVERAGE(H47,J47,L47),0))) -> 8 | R47: =IF(N47>20,"EXTRA","ORD") -> ORD
A48: 37 | C48: SERRANO | D48: MAGALLON | E48: DIEGO | G48: 0 | H48: 10 | M48: =G48+I48+K48 -> 0 | N48: =(M48*100)/$P$8 -> 0 | O48: =H48+J48+L48 -> 10 | P48: =IF(AVERAGE(H48,J48,L48)<6,(5),(ROUND(AVERAGE(H48,J48,L48),0))) -> 10 | R48: =IF(N48>20,"EXTRA","ORD") -> ORD
A49: 38 | C49: SOSA | D49: ALCANTARA | E49: IAN MICHELLE | G49: 0 | H49: 7 | M49: =G49+I49+K49 -> 0 | N49: =(M49*100)/$P$8 -> 0 | O49: =H49+J49+L49 -> 7 | P49: =IF(AVERAGE(H49,J49,L49)<6,(5),(ROUND(AVERAGE(H49,J49,L49),0))) -> 7 | R49: =IF(N49>20,"EXTRA","ORD") -> ORD
A50: 39 | C50: SOTO | D50: CORTES | E50: ANGEL SEBASTIAN | G50: 0 | H50: 10 | M50: =G50+I50+K50 -> 0 | N50: =(M50*100)/$P$8 -> 0 | O50: =H50+J50+L50 -> 10 | P50: =IF(AVERAGE(H50,J50,L50)<6,(5),(ROUND(AVERAGE(H50,J50,L50),0))) -> 10 | R50: =IF(N50>20,"EXTRA","ORD") -> ORD
A51: 40 | C51: TLAPALAMATL | D51: GONZALEZ | E51: ANGEL ISRAEL | G51: 0 | H51: 7 | M51: =G51+I51+K51 -> 0 | N51: =(M51*100)/$P$8 -> 0 | O51: =H51+J51+L51 -> 7 | P51: =IF(AVERAGE(H51,J51,L51)<6,(5),(ROUND(AVERAGE(H51,J51,L51),0))) -> 7 | R51: =IF(N51>20,"EXTRA","ORD") -> ORD
B52: 41 | C52: TORRES | D52: LOPEZ | E52: ESMERALDA DANNAE | G52: 0 | H52: 7 | M52: =G52+I52+K52 -> 0 | N52: =(M52*100)/$P$8 -> 0 | O52: =H52+J52+L52 -> 7 | P52: =IF(AVERAGE(H52,J52,L52)<6,(5),(ROUND(AVERAGE(H52,J52,L52),0))) -> 7 | R52: =IF(N52>20,"EXTRA","ORD") -> ORD
A53: 42 | C53: VARGAS | D53: RODRIGUEZ | E53: PABLO | G53: 0 | H53: 8 | M53: =G53+I53+K53 -> 0 | N53: =(M53*100)/$P$8 -> 0 | O53: =H53+J53+L53 -> 8 | P53: =IF(AVERAGE(H53,J53,L53)<6,(5),(ROUND(AVERAGE(H53,J53,L53),0))) -> 8 | R53: =IF(N53>20,"EXTRA","ORD") -> ORD
B54: 43 | C54: VARGAS | D54: ROMERO | E54: MEDELIN YANDERI | G54: 0 | H54: 10 | M54: =G54+I54+K54 -> 0 | N54: =(M54*100)/$P$8 -> 0 | O54: =H54+J54+L54 -> 10 | P54: =IF(AVERAGE(H54,J54,L54)<6,(5),(ROUND(AVERAGE(H54,J54,L54),0))) -> 10 | R54: =IF(N54>20,"EXTRA","ORD") -> ORD
B55: 44 | C55: VEGA | D55: BARRON | E55: VALENTINA | G55: 0 | H55: 10 | M55: =G55+I55+K55 -> 0 | N55: =(M55*100)/$P$8 -> 0 | O55: =H55+J55+L55 -> 10 | P55: =IF(AVERAGE(H55,J55,L55)<6,(5),(ROUND(AVERAGE(H55,J55,L55),0))) -> 10 | R55: =IF(N55>20,"EXTRA","ORD") -> ORD
B56: 45 | C56: VELAZQUEZ | D56: MEJIA | E56: AYLIN DANIELA | G56: 0 | H56: 7 | M56: =G56+I56+K56 -> 0 | N56: =(M56*100)/$P$8 -> 0 | O56: =H56+J56+L56 -> 7 | P56: =IF(AVERAGE(H56,J56,L56)<6,(5),(ROUND(AVERAGE(H56,J56,L56),0))) -> 7 | R56: =IF(N56>20,"EXTRA","ORD") -> ORD
E57: Totales | G57: =SUM(G12:G56) -> 27 | H57: =AVERAGE(H12:H56) -> 7.7111111 | I57: =SUM(I12:I56) -> 0 | J57: =AVERAGE(J12:J56) -> #DIV/0! | K57: =SUM(K12:K56) -> 0 | L57: =AVERAGE(L12:L56) -> #DIV/0! | M57: =SUM(M12:M56) -> 27 | N57: PROMEDIO FINAL | P57: =AVERAGE(P6:P56) -> 8.8333333
A58: H | B58: M | E58: APROBADOS | H58: =COUNTIF(H12:H56,">5") -> 40 | J58: =COUNTIF(J12:J56,">5") -> 0 | L58: =COUNTIF(L12:L56,">5") -> 0 | N58: APROBADOS FINAL | P58: =COUNTIF(P12:P56,">5") -> 40
A59: =COUNT(A12:A56) -> 23 | B59: =COUNT(B12:B56) -> 22 | E59: REPROBADOS | H59: =COUNTIF(H12:H56,5) -> 5 | J59: =COUNTIF(J12:J56,5) -> 0 | L59: =COUNTIF(L12:L56,5) -> 0 | N59: EXTRAORDINARIOS | P59: =COUNTIF(P12:P56,5) -> 5
E60: % APROVECHAMIENTO | H60: =H58*100/H9 -> 88.888889 | J60: =J58*100/H9 -> 0 | L60: =L58*100/H9 -> 0 | N60: APROVECH FINAL | P60: =P58*100/H9 -> 88.888889
N61: % FALTAS | P61: =AVERAGE(N12:N56) -> 1
N62: % ASISTENCIA | P62: =100-P61 -> 99

Sheet 3-1 temas selectos de matematic
O1: HORAS IMPARTIDAS
C2: ORIENTADORA | D2: NEFATLÍ MARGARITA MORLÁN ORTÍZ | H2: ESCUELA PREPARATORIA OFICIAL NÚM.67 | O2: Febrero | P2: 12
H3: “2026. Año del Humanismo Mexicano en el Estado de México ”. | O3: Marzo | P3: 15
H4: CICLO ESCOLAR: 2025 -2026 | O4: Abril | P4: 5
E5: TURNO : | G5: MATUTINO | J5: Grado | K5: 3° | L5: Grupo | M5: 1 | O5: Mayo | P5: 11
E6: PROFESOR(A): | K6: UAC | L6: TEMAS SELECTOS DE MATEMÁTICAS II | O6: Junio | P6: 14
G7: HOMBRES | H7: =A59 -> 23 | O7: Julio | P7: 3
G8: MUJERES | H8: =B59 -> 22 | O8: TOTAL | P8: =SUM(P2:P7) -> 60
G9: TOTAL | H9: =H7+H8 -> 45
A10: N | B10: P | C10: NOMBRE DEL ALUMNO | G10: PRIMERA EVALUACIÓN | I10: SEGUNDA EVALUACIÓN | K10: TERCERA EVALUACIÓN | M10: EVALUACIÓN FINAL
A11: H | B11: M | G11: FALTAS | H11: CALIF. | I11: FALTAS | J11: CALIF. | K11: FALTAS | L11: CALIF. | M11: TOT. DE FALTAS | N11: % FALTAS | O11: TOTAL DE PUNTOS | P11: CALIF. FINAL | Q11: FIRMA DEL ALUMNO | R11: ESTATUS
A12: 1 | C12: ABARCA | D12: MELENDEZ | E12: ANDRES SAID | G12: 0 | H12: 7 | M12: =G12+I12+K12 -> 0 | N12: =(M12*100)/$P$8 -> 0 | O12: =H12+J12+L12 -> 7 | P12: =IF(AVERAGE(H12,J12,L12)<6,(5),(ROUND(AVERAGE(H12,J12,L12),0))) -> 7 | R12: =IF(N12>20,"EXTRA","ORD") -> ORD
B13: 2 | C13: ALCANTARA | D13: BELTRAN | E13: JESSICA | G13: 0 | H13: 10 | M13: =G13+I13+K13 -> 0 | N13: =(M13*100)/$P$8 -> 0 | O13: =H13+J13+L13 -> 10 | P13: =IF(AVERAGE(H13,J13,L13)<6,(5),(ROUND(AVERAGE(H13,J13,L13),0))) -> 10 | R13: =IF(N13>20,"EXTRA","ORD") -> ORD
A14: 3 | C14: ALVAREZ | D14: BERNALDO | E14: ANGEL ALBERTO | G14: 0 | H14: 10 | M14: =G14+I14+K14 -> 0 | N14: =(M14*100)/$P$8 -> 0 | O14: =H14+J14+L14 -> 10 | P14: =IF(AVERAGE(H14,J14,L14)<6,(5),(ROUND(AVERAGE(H14,J14,L14),0))) -> 10 | R14: =IF(N14>20,"EXTRA","ORD") -> ORD
B15: 4 | C15: ALVAREZ | D15: GONZALEZ | E15: ALLISON JADE | G15: 0 | H15: 6 | M15: =G15+I15+K15 -> 0 | N15: =(M15*100)/$P$8 -> 0 | O15: =H15+J15+L15 -> 6 | P15: =IF(AVERAGE(H15,J15,L15)<6,(5),(ROUND(AVERAGE(H15,J15,L15),0))) -> 6 | R15: =IF(N15>20,"EXTRA","ORD") -> ORD
A16: 5 | C16: ANZALDO | D16: MARTINEZ | E16: NAYONEL YAEL | G16: 0 | H16: 8 | M16: =G16+I16+K16 -> 0 | N16: =(M16*100)/$P$8 -> 0 | O16: =H16+J16+L16 -> 8 | P16: =IF(AVERAGE(H16,J16,L16)<6,(5),(ROUND(AVERAGE(H16,J16,L16),0))) -> 8 | R16: =IF(N16>20,"EXTRA","ORD") -> ORD
A17: 6 | C17: AVILA | D17: ESCAMILLA | E17: JUSTIN YAHEL | G17: 21 | H17: 8 | M17: =G17+I17+K17 -> 21 | N17: =(M17*100)/$P$8 -> 35 | O17: =H17+J17+L17 -> 8 | P17: =IF(AVERAGE(H17,J17,L17)<6,(5),(ROUND(AVERAGE(H17,J17,L17),0))) -> 8 | R17: =IF(N17>20,"EXTRA","ORD") -> EXTRA
A18: 7 | C18: AYALA | D18: LARA | E18: ISAAC | G18: 0 | H18: 8 | M18: =G18+I18+K18 -> 0 | N18: =(M18*100)/$P$8 -> 0 | O18: =H18+J18+L18 -> 8 | P18: =IF(AVERAGE(H18,J18,L18)<6,(5),(ROUND(AVERAGE(H18,J18,L18),0))) -> 8 | R18: =IF(N18>20,"EXTRA","ORD") -> ORD
B19: 8 | C19: BATRES | D19: CERDA | E19: MARIA DEL PILAR | G19: 0 | H19: 10 | M19: =G19+I19+K19 -> 0 | N19: =(M19*100)/$P$8 -> 0 | O19: =H19+J19+L19 -> 10 | P19: =IF(AVERAGE(H19,J19,L19)<6,(5),(ROUND(AVERAGE(H19,J19,L19),0))) -> 10 | R19: =IF(N19>20,"EXTRA","ORD") -> ORD
A20: 9 | C20: BONILLA | D20: TREJO | E20: FRANCISCO TONATIUH | G20: 0 | H20: 5 | M20: =G20+I20+K20 -> 0 | N20: =(M20*100)/$P$8 -> 0 | O20: =H20+J20+L20 -> 5 | P20: =IF(AVERAGE(H20,J20,L20)<6,(5),(ROUND(AVERAGE(H20,J20,L20),0))) -> 5 | R20: =IF(N20>20,"EXTRA","ORD") -> ORD
A21: 10 | C21: CABRERA | D21: MARTINEZ | E21: JESUS ADRIAN | G21: 0 | H21: 10 | M21: =G21+I21+K21 -> 0 | N21: =(M21*100)/$P$8 -> 0 | O21: =H21+J21+L21 -> 10 | P21: =IF(AVERAGE(H21,J21,L21)<6,(5),(ROUND(AVERAGE(H21,J21,L21),0))) -> 10 | R21: =IF(N21>20,"EXTRA","ORD") -> ORD
B22: 11 | C22: CARDONA | D22: ZARATE | E22: JULIA EMILY | G22: 0 | H22: 8 | M22: =G22+I22+K22 -> 0 | N22: =(M22*100)/$P$8 -> 0 | O22: =H22+J22+L22 -> 8 | P22: =IF(AVERAGE(H22,J22,L22)<6,(5),(ROUND(AVERAGE(H22,J22,L22),0))) -> 8 | R22: =IF(N22>20,"EXTRA","ORD") -> ORD
A23: 12 | C23: CASALES | D23: LORANCA | E23: EDSON | G23: 0 | H23: 6 | M23: =G23+I23+K23 -> 0 | N23: =(M23*100)/$P$8 -> 0 | O23: =H23+J23+L23 -> 6 | P23: =IF(AVERAGE(H23,J23,L23)<6,(5),(ROUND(AVERAGE(H23,J23,L23),0))) -> 6 | R23: =IF(N23>20,"EXTRA","ORD") -> ORD
A24: 13 | C24: CRUZ | D24: GARCÍA | E24: PEDRO YASHIR | G24: 0 | H24: 5 | M24: =G24+I24+K24 -> 0 | N24: =(M24*100)/$P$8 -> 0 | O24: =H24+J24+L24 -> 5 | P24: =IF(AVERAGE(H24,J24,L24)<6,(5),(ROUND(AVERAGE(H24,J24,L24),0))) -> 5 | R24: =IF(N24>20,"EXTRA","ORD") -> ORD
B25: 14 | C25: FUENTES | D25: VALADEZ | E25: ALEXIA DANNAE | G25: 0 | H25: 10 | M25: =G25+I25+K25 -> 0 | N25: =(M25*100)/$P$8 -> 0 | O25: =H25+J25+L25 -> 10 | P25: =IF(AVERAGE(H25,J25,L25)<6,(5),(ROUND(AVERAGE(H25,J25,L25),0))) -> 10 | R25: =IF(N25>20,"EXTRA","ORD") -> ORD
A26: 15 | C26: GARCIA | D26: RANGEL | E26: ADRIAN | G26: 0 | H26: 10 | M26: =G26+I26+K26 -> 0 | N26: =(M26*100)/$P$8 -> 0 | O26: =H26+J26+L26 -> 10 | P26: =IF(AVERAGE(H26,J26,L26)<6,(5),(ROUND(AVERAGE(H26,J26,L26),0))) -> 10 | R26: =IF(N26>20,"EXTRA","ORD") -> ORD
B27: 16 | C27: GOMEZ | D27: ARREDONDO | E27: AMERICA NAOMI | G27: 0 | H27: 5 | M27: =G27+I27+K27 -> 0 | N27: =(M27*100)/$P$8 -> 0 | O27: =H27+J27+L27 -> 5 | P27: =IF(AVERAGE(H27,J27,L27)<6,(5),(ROUND(AVERAGE(H27,J27,L27),0))) -> 5 | R27: =IF(N27>20,"EXTRA","ORD") -> ORD
B28: 17 | C28: GOMEZ | D28: VAZQUEZ | E28: BIBIANA | G28: 0 | H28: 7 | M28: =G28+I28+K28 -> 0 | N28: =(M28*100)/$P$8 -> 0 | O28: =H28+J28+L28 -> 7 | P28: =IF(AVERAGE(H28,J28,L28)<6,(5),(ROUND(AVERAGE(H28,J28,L28),0))) -> 7 | R28: =IF(N28>20,"EXTRA","ORD") -> ORD
B29: 18 | C29: GONZALEZ | D29: REYNA | E29: PAULA EDITH | G29: 0 | H29: 6 | M29: =G29+I29+K29 -> 0 | N29: =(M29*100)/$P$8 -> 0 | O29: =H29+J29+L29 -> 6 | P29: =IF(AVERAGE(H29,J29,L29)<6,(5),(ROUND(AVERAGE(H29,J29,L29),0))) -> 6 | R29: =IF(N29>20,"EXTRA","ORD") -> ORD
A30: 19 | C30: HERNANDEZ | D30: CHAVEZ | E30: DEREK | G30: 1 | H30: 6 | M30: =G30+I30+K30 -> 1 | N30: =(M30*100)/$P$8 -> 1.6666667 | O30: =H30+J30+L30 -> 6 | P30: =IF(AVERAGE(H30,J30,L30)<6,(5),(ROUND(AVERAGE(H30,J30,L30),0))) -> 6 | R30: =IF(N30>20,"EXTRA","ORD") -> ORD
B31: 20 | C31: HERNANDEZ | D31: LEDEZMA | E31: IRIARY GUADALUPE | G31: 0 | H31: 10 | M31: =G31+I31+K31 -> 0 | N31: =(M31*100)/$P$8 -> 0 | O31: =H31+J31+L31 -> 10 | P31: =IF(AVERAGE(H31,J31,L31)<6,(5),(ROUND(AVERAGE(H31,J31,L31),0))) -> 10 | R31: =IF(N31>20,"EXTRA","ORD") -> ORD
A32: 21 | C32: JARALEÑO | D32: BLANCO | E32: IRVING GAEL | G32: 0 | H32: 9 | M32: =G32+I32+K32 -> 0 | N32: =(M32*100)/$P$8 -> 0 | O32: =H32+J32+L32 -> 9 | P32: =IF(AVERAGE(H32,J32,L32)<6,(5),(ROUND(AVERAGE(H32,J32,L32),0))) -> 9 | R32: =IF(N32>20,"EXTRA","ORD") -> ORD
B33: 22 | C33: LIMA | D33: ACEVES | E33: DAFNE ERIN | G33: 0 | H33: 6 | M33: =G33+I33+K33 -> 0 | N33: =(M33*100)/$P$8 -> 0 | O33: =H33+J33+L33 -> 6 | P33: =IF(AVERAGE(H33,J33,L33)<6,(5),(ROUND(AVERAGE(H33,J33,L33),0))) -> 6 | R33: =IF(N33>20,"EXTRA","ORD") -> ORD
B34: 23 | C34: LOPEZ | D34: GODINEZ | E34: AZUL XIMENA | G34: 1 | H34: 5 | M34: =G34+I34+K34 -> 1 | N34: =(M34*100)/$P$8 -> 1.6666667 | O34: =H34+J34+L34 -> 5 | P34: =IF(AVERAGE(H34,J34,L34)<6,(5),(ROUND(AVERAGE(H34,J34,L34),0))) -> 5 | R34: =IF(N34>20,"EXTRA","ORD") -> ORD
A35: 24 | C35: LUGO | D35: GONZALEZ | E35: LUIS DARIO | G35: 2 | H35: 7 | M35: =G35+I35+K35 -> 2 | N35: =(M35*100)/$P$8 -> 3.3333333 | O35: =H35+J35+L35 -> 7 | P35: =IF(AVERAGE(H35,J35,L35)<6,(5),(ROUND(AVERAGE(H35,J35,L35),0))) -> 7 | R35: =IF(N35>20,"EXTRA","ORD") -> ORD
A36: 25 | C36: MARQUEZ | D36: YAÑEZ | E36: ISRAEL | G36: 0 | H36: 7 | M36: =G36+I36+K36 -> 0 | N36: =(M36*100)/$P$8 -> 0 | O36: =H36+J36+L36 -> 7 | P36: =IF(AVERAGE(H36,J36,L36)<6,(5),(ROUND(AVERAGE(H36,J36,L36),0))) -> 7 | R36: =IF(N36>20,"EXTRA","ORD") -> ORD
A37: 26 | C37: MARTINEZ | D37: MONTERO | E37: ANGEL YAIR | G37: 0 | H37: 7 | M37: =G37+I37+K37 -> 0 | N37: =(M37*100)/$P$8 -> 0 | O37: =H37+J37+L37 -> 7 | P37: =IF(AVERAGE(H37,J37,L37)<6,(5),(ROUND(AVERAGE(H37,J37,L37),0))) -> 7 | R37: =IF(N37>20,"EXTRA","ORD") -> ORD
A38: 27 | C38: MENDOZA | D38: CRUZ | E38: IAN YAMIL | G38: 0 | H38: 7 | M38: =G38+I38+K38 -> 0 | N38: =(M38*100)/$P$8 -> 0 | O38: =H38+J38+L38 -> 7 | P38: =IF(AVERAGE(H38,J38,L38)<6,(5),(ROUND(AVERAGE(H38,J38,L38),0))) -> 7 | R38: =IF(N38>20,"EXTRA","ORD") -> ORD
B39: 28 | C39: MONTOYA | D39: LOPEZ | E39: WENDY MARIEL | G39: 0 | H39: 8 | M39: =G39+I39+K39 -> 0 | N39: =(M39*100)/$P$8 -> 0 | O39: =H39+J39+L39 -> 8 | P39: =IF(AVERAGE(H39,J39,L39)<6,(5),(ROUND(AVERAGE(H39,J39,L39),0))) -> 8 | R39: =IF(N39>20,"EXTRA","ORD") -> ORD
B40: 29 | C40: MORA | D40: SORIANO | E40: GIANNINA | G40: 0 | H40: 8 | M40: =G40+I40+K40 -> 0 | N40: =(M40*100)/$P$8 -> 0 | O40: =H40+J40+L40 -> 8 | P40: =IF(AVERAGE(H40,J40,L40)<6,(5),(ROUND(AVERAGE(H40,J40,L40),0))) -> 8 | R40: =IF(N40>20,"EXTRA","ORD") -> ORD
B41: 30 | C41: PAZ | D41: GUTIERREZ | E41: NADIA PAMELA | G41: 0 | H41: 8 | M41: =G41+I41+K41 -> 0 | N41: =(M41*100)/$P$8 -> 0 | O41: =H41+J41+L41 -> 8 | P41: =IF(AVERAGE(H41,J41,L41)<6,(5),(ROUND(AVERAGE(H41,J41,L41),0))) -> 8 | R41: =IF(N41>20,"EXTRA","ORD") -> ORD
B42: 31 | C42: RAMIREZ | D42: MALDONADO | E42: DULCE MONTSERRAT | G42: 0 | H42: 8 | M42: =G42+I42+K42 -> 0 | N42: =(M42*100)/$P$8 -> 0 | O42: =H42+J42+L42 -> 8 | P42: =IF(AVERAGE(H42,J42,L42)<6,(5),(ROUND(AVERAGE(H42,J42,L42),0))) -> 8 | R42: =IF(N42>20,"EXTRA","ORD") -> ORD
A43: 32 | C43: RAMOS | D43: SANTANA | E43: OSCAR SAMUEL | G43: 0 | H43: 6 | M43: =G43+I43+K43 -> 0 | N43: =(M43*100)/$P$8 -> 0 | O43: =H43+J43+L43 -> 6 | P43: =IF(AVERAGE(H43,J43,L43)<6,(5),(ROUND(AVERAGE(H43,J43,L43),0))) -> 6 | R43: =IF(N43>20,"EXTRA","ORD") -> ORD
A44: 33 | C44: RESENDIZ | D44: GODINEZ | E44: GAEL EMILIANO | G44: 0 | H44: 8 | M44: =G44+I44+K44 -> 0 | N44: =(M44*100)/$P$8 -> 0 | O44: =H44+J44+L44 -> 8 | P44: =IF(AVERAGE(H44,J44,L44)<6,(5),(ROUND(AVERAGE(H44,J44,L44),0))) -> 8 | R44: =IF(N44>20,"EXTRA","ORD") -> ORD
B45: 34 | C45: REYES | D45: ALLENDE | E45: ANA LILIA | G45: 2 | H45: 5 | M45: =G45+I45+K45 -> 2 | N45: =(M45*100)/$P$8 -> 3.3333333 | O45: =H45+J45+L45 -> 5 | P45: =IF(AVERAGE(H45,J45,L45)<6,(5),(ROUND(AVERAGE(H45,J45,L45),0))) -> 5 | R45: =IF(N45>20,"EXTRA","ORD") -> ORD
B46: 35 | C46: REYES | D46: FUENTES | E46: ELIZABETH | G46: 0 | H46: 9 | M46: =G46+I46+K46 -> 0 | N46: =(M46*100)/$P$8 -> 0 | O46: =H46+J46+L46 -> 9 | P46: =IF(AVERAGE(H46,J46,L46)<6,(5),(ROUND(AVERAGE(H46,J46,L46),0))) -> 9 | R46: =IF(N46>20,"EXTRA","ORD") -> ORD
B47: 36 | C47: SANCHEZ | D47: MELENDEZ | E47: JACQUELINE | G47: 0 | H47: 8 | M47: =G47+I47+K47 -> 0 | N47: =(M47*100)/$P$8 -> 0 | O47: =H47+J47+L47 -> 8 | P47: =IF(AVERAGE(H47,J47,L47)<6,(5),(ROUND(AVERAGE(H47,J47,L47),0))) -> 8 | R47: =IF(N47>20,"EXTRA","ORD") -> ORD
A48: 37 | C48: SERRANO | D48: MAGALLON | E48: DIEGO | G48: 0 | H48: 10 | M48: =G48+I48+K48 -> 0 | N48: =(M48*100)/$P$8 -> 0 | O48: =H48+J48+L48 -> 10 | P48: =IF(AVERAGE(H48,J48,L48)<6,(5),(ROUND(AVERAGE(H48,J48,L48),0))) -> 10 | R48: =IF(N48>20,"EXTRA","ORD") -> ORD
A49: 38 | C49: SOSA | D49: ALCANTARA | E49: IAN MICHELLE | G49: 0 | H49: 7 | M49: =G49+I49+K49 -> 0 | N49: =(M49*100)/$P$8 -> 0 | O49: =H49+J49+L49 -> 7 | P49: =IF(AVERAGE(H49,J49,L49)<6,(5),(ROUND(AVERAGE(H49,J49,L49),0))) -> 7 | R49: =IF(N49>20,"EXTRA","ORD") -> ORD
A50: 39 | C50: SOTO | D50: CORTES | E50: ANGEL SEBASTIAN | G50: 0 | H50: 10 | M50: =G50+I50+K50 -> 0 | N50: =(M50*100)/$P$8 -> 0 | O50: =H50+J50+L50 -> 10 | P50: =IF(AVERAGE(H50,J50,L50)<6,(5),(ROUND(AVERAGE(H50,J50,L50),0))) -> 10 | R50: =IF(N50>20,"EXTRA","ORD") -> ORD
A51: 40 | C51: TLAPALAMATL | D51: GONZALEZ | E51: ANGEL ISRAEL | G51: 0 | H51: 7 | M51: =G51+I51+K51 -> 0 | N51: =(M51*100)/$P$8 -> 0 | O51: =H51+J51+L51 -> 7 | P51: =IF(AVERAGE(H51,J51,L51)<6,(5),(ROUND(AVERAGE(H51,J51,L51),0))) -> 7 | R51: =IF(N51>20,"EXTRA","ORD") -> ORD
B52: 41 | C52: TORRES | D52: LOPEZ | E52: ESMERALDA DANNAE | G52: 0 | H52: 7 | M52: =G52+I52+K52 -> 0 | N52: =(M52*100)/$P$8 -> 0 | O52: =H52+J52+L52 -> 7 | P52: =IF(AVERAGE(H52,J52,L52)<6,(5),(ROUND(AVERAGE(H52,J52,L52),0))) -> 7 | R52: =IF(N52>20,"EXTRA","ORD") -> ORD
A53: 42 | C53: VARGAS | D53: RODRIGUEZ | E53: PABLO | G53: 0 | H53: 8 | M53: =G53+I53+K53 -> 0 | N53: =(M53*100)/$P$8 -> 0 | O53: =H53+J53+L53 -> 8 | P53: =IF(AVERAGE(H53,J53,L53)<6,(5),(ROUND(AVERAGE(H53,J53,L53),0))) -> 8 | R53: =IF(N53>20,"EXTRA","ORD") -> ORD
B54: 43 | C54: VARGAS | D54: ROMERO | E54: MEDELIN YANDERI | G54: 0 | H54: 10 | M54: =G54+I54+K54 -> 0 | N54: =(M54*100)/$P$8 -> 0 | O54: =H54+J54+L54 -> 10 | P54: =IF(AVERAGE(H54,J54,L54)<6,(5),(ROUND(AVERAGE(H54,J54,L54),0))) -> 10 | R54: =IF(N54>20,"EXTRA","ORD") -> ORD
B55: 44 | C55: VEGA | D55: BARRON | E55: VALENTINA | G55: 0 | H55: 10 | M55: =G55+I55+K55 -> 0 | N55: =(M55*100)/$P$8 -> 0 | O55: =H55+J55+L55 -> 10 | P55: =IF(AVERAGE(H55,J55,L55)<6,(5),(ROUND(AVERAGE(H55,J55,L55),0))) -> 10 | R55: =IF(N55>20,"EXTRA","ORD") -> ORD
B56: 45 | C56: VELAZQUEZ | D56: MEJIA | E56: AYLIN DANIELA | G56: 0 | H56: 7 | M56: =G56+I56+K56 -> 0 | N56: =(M56*100)/$P$8 -> 0 | O56: =H56+J56+L56 -> 7 | P56: =IF(AVERAGE(H56,J56,L56)<6,(5),(ROUND(AVERAGE(H56,J56,L56),0))) -> 7 | R56: =IF(N56>20,"EXTRA","ORD") -> ORD
E57: Totales | G57: =SUM(G12:G56) -> 27 | H57: =AVERAGE(H12:H56) -> 7.7111111 | I57: =SUM(I12:I56) -> 0 | J57: =AVERAGE(J12:J56) -> #DIV/0! | K57: =SUM(K12:K56) -> 0 | L57: =AVERAGE(L12:L56) -> #DIV/0! | M57: =SUM(M12:M56) -> 27 | N57: PROMEDIO FINAL | P57: =AVERAGE(P6:P56) -> 8.8333333
A58: H | B58: M | E58: APROBADOS | H58: =COUNTIF(H12:H56,">5") -> 40 | J58: =COUNTIF(J12:J56,">5") -> 0 | L58: =COUNTIF(L12:L56,">5") -> 0 | N58: APROBADOS FINAL | P58: =COUNTIF(P12:P56,">5") -> 40
A59: =COUNT(A12:A56) -> 23 | B59: =COUNT(B12:B56) -> 22 | E59: REPROBADOS | H59: =COUNTIF(H12:H56,5) -> 5 | J59: =COUNTIF(J12:J56,5) -> 0 | L59: =COUNTIF(L12:L56,5) -> 0 | N59: EXTRAORDINARIOS | P59: =COUNTIF(P12:P56,5) -> 5
E60: % APROVECHAMIENTO | H60: =H58*100/H9 -> 88.888889 | J60: =J58*100/H9 -> 0 | L60: =L58*100/H9 -> 0 | N60: APROVECH FINAL | P60: =P58*100/H9 -> 88.888889
N61: % FALTAS | P61: =AVERAGE(N12:N56) -> 1
N62: % ASISTENCIA | P62: =100-P61 -> 99

Sheet 3-1 conciencia historica iii
O1: HORAS IMPARTIDAS
C2: ORIENTADORA | D2: NEFATLÍ MARGARITA MORLÁN ORTÍZ | H2: ESCUELA PREPARATORIA OFICIAL NÚM.67 | O2: Febrero
H3: “2026. Año del Humanismo Mexicano en el Estado de México ”. | O3: Marzo
H4: CICLO ESCOLAR: 2025 -2026 | O4: Abril
E5: TURNO : | G5: MATUTINO | J5: Grado | K5: 3° | L5: Grupo | M5: 1 | O5: Mayo | P5: 15
E6: PROFESOR(A): | K6: UAC | L6: CONCIENCIA HISTÓRICA III | O6: Junio
G7: HOMBRES | H7: =A59 -> 23 | O7: Julio | P7: 3
G8: MUJERES | H8: =B59 -> 22 | O8: TOTAL | P8: =SUM(P2:P7) -> 18
G9: TOTAL | H9: =H7+H8 -> 45
A10: N | B10: P | C10: NOMBRE DEL ALUMNO | G10: PRIMERA EVALUACIÓN | I10: SEGUNDA EVALUACIÓN | K10: TERCERA EVALUACIÓN | M10: EVALUACIÓN FINAL
A11: H | B11: M | G11: FALTAS | H11: CALIF. | I11: FALTAS | J11: CALIF. | K11: FALTAS | L11: CALIF. | M11: TOT. DE FALTAS | N11: % FALTAS | O11: TOTAL DE PUNTOS | P11: CALIF. FINAL | Q11: FIRMA DEL ALUMNO | R11: ESTATUS
A12: 1 | C12: ABARCA | D12: MELENDEZ | E12: ANDRES SAID | G12: 0 | H12: 7 | M12: =G12+I12+K12 -> 0 | N12: =(M12*100)/$P$8 -> 0 | O12: =H12+J12+L12 -> 7 | P12: =IF(AVERAGE(H12,J12,L12)<6,(5),(ROUND(AVERAGE(H12,J12,L12),0))) -> 7 | R12: =IF(N12>20,"EXTRA","ORD") -> ORD
B13: 2 | C13: ALCANTARA | D13: BELTRAN | E13: JESSICA | G13: 0 | H13: 10 | M13: =G13+I13+K13 -> 0 | N13: =(M13*100)/$P$8 -> 0 | O13: =H13+J13+L13 -> 10 | P13: =IF(AVERAGE(H13,J13,L13)<6,(5),(ROUND(AVERAGE(H13,J13,L13),0))) -> 10 | R13: =IF(N13>20,"EXTRA","ORD") -> ORD
A14: 3 | C14: ALVAREZ | D14: BERNALDO | E14: ANGEL ALBERTO | G14: 0 | H14: 10 | M14: =G14+I14+K14 -> 0 | N14: =(M14*100)/$P$8 -> 0 | O14: =H14+J14+L14 -> 10 | P14: =IF(AVERAGE(H14,J14,L14)<6,(5),(ROUND(AVERAGE(H14,J14,L14),0))) -> 10 | R14: =IF(N14>20,"EXTRA","ORD") -> ORD
B15: 4 | C15: ALVAREZ | D15: GONZALEZ | E15: ALLISON JADE | G15: 0 | H15: 6 | M15: =G15+I15+K15 -> 0 | N15: =(M15*100)/$P$8 -> 0 | O15: =H15+J15+L15 -> 6 | P15: =IF(AVERAGE(H15,J15,L15)<6,(5),(ROUND(AVERAGE(H15,J15,L15),0))) -> 6 | R15: =IF(N15>20,"EXTRA","ORD") -> ORD
A16: 5 | C16: ANZALDO | D16: MARTINEZ | E16: NAYONEL YAEL | G16: 0 | H16: 8 | M16: =G16+I16+K16 -> 0 | N16: =(M16*100)/$P$8 -> 0 | O16: =H16+J16+L16 -> 8 | P16: =IF(AVERAGE(H16,J16,L16)<6,(5),(ROUND(AVERAGE(H16,J16,L16),0))) -> 8 | R16: =IF(N16>20,"EXTRA","ORD") -> ORD
A17: 6 | C17: AVILA | D17: ESCAMILLA | E17: JUSTIN YAHEL | G17: 21 | H17: 8 | M17: =G17+I17+K17 -> 21 | N17: =(M17*100)/$P$8 -> 116.66667 | O17: =H17+J17+L17 -> 8 | P17: =IF(AVERAGE(H17,J17,L17)<6,(5),(ROUND(AVERAGE(H17,J17,L17),0))) -> 8 | R17: =IF(N17>20,"EXTRA","ORD") -> EXTRA
A18: 7 | C18: AYALA | D18: LARA | E18: ISAAC | G18: 0 | H18: 8 | M18: =G18+I18+K18 -> 0 | N18: =(M18*100)/$P$8 -> 0 | O18: =H18+J18+L18 -> 8 | P18: =IF(AVERAGE(H18,J18,L18)<6,(5),(ROUND(AVERAGE(H18,J18,L18),0))) -> 8 | R18: =IF(N18>20,"EXTRA","ORD") -> ORD
B19: 8 | C19: BATRES | D19: CERDA | E19: MARIA DEL PILAR | G19: 0 | H19: 10 | M19: =G19+I19+K19 -> 0 | N19: =(M19*100)/$P$8 -> 0 | O19: =H19+J19+L19 -> 10 | P19: =IF(AVERAGE(H19,J19,L19)<6,(5),(ROUND(AVERAGE(H19,J19,L19),0))) -> 10 | R19: =IF(N19>20,"EXTRA","ORD") -> ORD
A20: 9 | C20: BONILLA | D20: TREJO | E20: FRANCISCO TONATIUH | G20: 0 | H20: 5 | M20: =G20+I20+K20 -> 0 | N20: =(M20*100)/$P$8 -> 0 | O20: =H20+J20+L20 -> 5 | P20: =IF(AVERAGE(H20,J20,L20)<6,(5),(ROUND(AVERAGE(H20,J20,L20),0))) -> 5 | R20: =IF(N20>20,"EXTRA","ORD") -> ORD
A21: 10 | C21: CABRERA | D21: MARTINEZ | E21: JESUS ADRIAN | G21: 0 | H21: 10 | M21: =G21+I21+K21 -> 0 | N21: =(M21*100)/$P$8 -> 0 | O21: =H21+J21+L21 -> 10 | P21: =IF(AVERAGE(H21,J21,L21)<6,(5),(ROUND(AVERAGE(H21,J21,L21),0))) -> 10 | R21: =IF(N21>20,"EXTRA","ORD") -> ORD
B22: 11 | C22: CARDONA | D22: ZARATE | E22: JULIA EMILY | G22: 0 | H22: 8 | M22: =G22+I22+K22 -> 0 | N22: =(M22*100)/$P$8 -> 0 | O22: =H22+J22+L22 -> 8 | P22: =IF(AVERAGE(H22,J22,L22)<6,(5),(ROUND(AVERAGE(H22,J22,L22),0))) -> 8 | R22: =IF(N22>20,"EXTRA","ORD") -> ORD
A23: 12 | C23: CASALES | D23: LORANCA | E23: EDSON | G23: 0 | H23: 6 | M23: =G23+I23+K23 -> 0 | N23: =(M23*100)/$P$8 -> 0 | O23: =H23+J23+L23 -> 6 | P23: =IF(AVERAGE(H23,J23,L23)<6,(5),(ROUND(AVERAGE(H23,J23,L23),0))) -> 6 | R23: =IF(N23>20,"EXTRA","ORD") -> ORD
A24: 13 | C24: CRUZ | D24: GARCÍA | E24: PEDRO YASHIR | G24: 0 | H24: 5 | M24: =G24+I24+K24 -> 0 | N24: =(M24*100)/$P$8 -> 0 | O24: =H24+J24+L24 -> 5 | P24: =IF(AVERAGE(H24,J24,L24)<6,(5),(ROUND(AVERAGE(H24,J24,L24),0))) -> 5 | R24: =IF(N24>20,"EXTRA","ORD") -> ORD
B25: 14 | C25: FUENTES | D25: VALADEZ | E25: ALEXIA DANNAE | G25: 0 | H25: 10 | M25: =G25+I25+K25 -> 0 | N25: =(M25*100)/$P$8 -> 0 | O25: =H25+J25+L25 -> 10 | P25: =IF(AVERAGE(H25,J25,L25)<6,(5),(ROUND(AVERAGE(H25,J25,L25),0))) -> 10 | R25: =IF(N25>20,"EXTRA","ORD") -> ORD
A26: 15 | C26: GARCIA | D26: RANGEL | E26: ADRIAN | G26: 0 | H26: 10 | M26: =G26+I26+K26 -> 0 | N26: =(M26*100)/$P$8 -> 0 | O26: =H26+J26+L26 -> 10 | P26: =IF(AVERAGE(H26,J26,L26)<6,(5),(ROUND(AVERAGE(H26,J26,L26),0))) -> 10 | R26: =IF(N26>20,"EXTRA","ORD") -> ORD
B27: 16 | C27: GOMEZ | D27: ARREDONDO | E27: AMERICA NAOMI | G27: 0 | H27: 5 | M27: =G27+I27+K27 -> 0 | N27: =(M27*100)/$P$8 -> 0 | O27: =H27+J27+L27 -> 5 | P27: =IF(AVERAGE(H27,J27,L27)<6,(5),(ROUND(AVERAGE(H27,J27,L27),0))) -> 5 | R27: =IF(N27>20,"EXTRA","ORD") -> ORD
B28: 17 | C28: GOMEZ | D28: VAZQUEZ | E28: BIBIANA | G28: 0 | H28: 7 | M28: =G28+I28+K28 -> 0 | N28: =(M28*100)/$P$8 -> 0 | O28: =H28+J28+L28 -> 7 | P28: =IF(AVERAGE(H28,J28,L28)<6,(5),(ROUND(AVERAGE(H28,J28,L28),0))) -> 7 | R28: =IF(N28>20,"EXTRA","ORD") -> ORD
B29: 18 | C29: GONZALEZ | D29: REYNA | E29: PAULA EDITH | G29: 0 | H29: 6 | M29: =G29+I29+K29 -> 0 | N29: =(M29*100)/$P$8 -> 0 | O29: =H29+J29+L29 -> 6 | P29: =IF(AVERAGE(H29,J29,L29)<6,(5),(ROUND(AVERAGE(H29,J29,L29),0))) -> 6 | R29: =IF(N29>20,"EXTRA","ORD") -> ORD
A30: 19 | C30: HERNANDEZ | D30: CHAVEZ | E30: DEREK | G30: 1 | H30: 6 | M30: =G30+I30+K30 -> 1 | N30: =(M30*100)/$P$8 -> 5.5555556 | O30: =H30+J30+L30 -> 6 | P30: =IF(AVERAGE(H30,J30,L30)<6,(5),(ROUND(AVERAGE(H30,J30,L30),0))) -> 6 | R30: =IF(N30>20,"EXTRA","ORD") -> ORD
B31: 20 | C31: HERNANDEZ | D31: LEDEZMA | E31: IRIARY GUADALUPE | G31: 0 | H31: 10 | M31: =G31+I31+K31 -> 0 | N31: =(M31*100)/$P$8 -> 0 | O31: =H31+J31+L31 -> 10 | P31: =IF(AVERAGE(H31,J31,L31)<6,(5),(ROUND(AVERAGE(H31,J31,L31),0))) -> 10 | R31: =IF(N31>20,"EXTRA","ORD") -> ORD
A32: 21 | C32: JARALEÑO | D32: BLANCO | E32: IRVING GAEL | G32: 0 | H32: 9 | M32: =G32+I32+K32 -> 0 | N32: =(M32*100)/$P$8 -> 0 | O32: =H32+J32+L32 -> 9 | P32: =IF(AVERAGE(H32,J32,L32)<6,(5),(ROUND(AVERAGE(H32,J32,L32),0))) -> 9 | R32: =IF(N32>20,"EXTRA","ORD") -> ORD
B33: 22 | C33: LIMA | D33: ACEVES | E33: DAFNE ERIN | G33: 0 | H33: 6 | M33: =G33+I33+K33 -> 0 | N33: =(M33*100)/$P$8 -> 0 | O33: =H33+J33+L33 -> 6 | P33: =IF(AVERAGE(H33,J33,L33)<6,(5),(ROUND(AVERAGE(H33,J33,L33),0))) -> 6 | R33: =IF(N33>20,"EXTRA","ORD") -> ORD
B34: 23 | C34: LOPEZ | D34: GODINEZ | E34: AZUL XIMENA | G34: 1 | H34: 5 | M34: =G34+I34+K34 -> 1 | N34: =(M34*100)/$P$8 -> 5.5555556 | O34: =H34+J34+L34 -> 5 | P34: =IF(AVERAGE(H34,J34,L34)<6,(5),(ROUND(AVERAGE(H34,J34,L34),0))) -> 5 | R34: =IF(N34>20,"EXTRA","ORD") -> ORD
A35: 24 | C35: LUGO | D35: GONZALEZ | E35: LUIS DARIO | G35: 2 | H35: 7 | M35: =G35+I35+K35 -> 2 | N35: =(M35*100)/$P$8 -> 11.111111 | O35: =H35+J35+L35 -> 7 | P35: =IF(AVERAGE(H35,J35,L35)<6,(5),(ROUND(AVERAGE(H35,J35,L35),0))) -> 7 | R35: =IF(N35>20,"EXTRA","ORD") -> ORD
A36: 25 | C36: MARQUEZ | D36: YAÑEZ | E36: ISRAEL | G36: 0 | H36: 7 | M36: =G36+I36+K36 -> 0 | N36: =(M36*100)/$P$8 -> 0 | O36: =H36+J36+L36 -> 7 | P36: =IF(AVERAGE(H36,J36,L36)<6,(5),(ROUND(AVERAGE(H36,J36,L36),0))) -> 7 | R36: =IF(N36>20,"EXTRA","ORD") -> ORD
A37: 26 | C37: MARTINEZ | D37: MONTERO | E37: ANGEL YAIR | G37: 0 | H37: 7 | M37: =G37+I37+K37 -> 0 | N37: =(M37*100)/$P$8 -> 0 | O37: =H37+J37+L37 -> 7 | P37: =IF(AVERAGE(H37,J37,L37)<6,(5),(ROUND(AVERAGE(H37,J37,L37),0))) -> 7 | R37: =IF(N37>20,"EXTRA","ORD") -> ORD
A38: 27 | C38: MENDOZA | D38: CRUZ | E38: IAN YAMIL | G38: 0 | H38: 7 | M38: =G38+I38+K38 -> 0 | N38: =(M38*100)/$P$8 -> 0 | O38: =H38+J38+L38 -> 7 | P38: =IF(AVERAGE(H38,J38,L38)<6,(5),(ROUND(AVERAGE(H38,J38,L38),0))) -> 7 | R38: =IF(N38>20,"EXTRA","ORD") -> ORD
B39: 28 | C39: MONTOYA | D39: LOPEZ | E39: WENDY MARIEL | G39: 0 | H39: 8 | M39: =G39+I39+K39 -> 0 | N39: =(M39*100)/$P$8 -> 0 | O39: =H39+J39+L39 -> 8 | P39: =IF(AVERAGE(H39,J39,L39)<6,(5),(ROUND(AVERAGE(H39,J39,L39),0))) -> 8 | R39: =IF(N39>20,"EXTRA","ORD") -> ORD
B40: 29 | C40: MORA | D40: SORIANO | E40: GIANNINA | G40: 0 | H40: 8 | M40: =G40+I40+K40 -> 0 | N40: =(M40*100)/$P$8 -> 0 | O40: =H40+J40+L40 -> 8 | P40: =IF(AVERAGE(H40,J40,L40)<6,(5),(ROUND(AVERAGE(H40,J40,L40),0))) -> 8 | R40: =IF(N40>20,"EXTRA","ORD") -> ORD
B41: 30 | C41: PAZ | D41: GUTIERREZ | E41: NADIA PAMELA | G41: 0 | H41: 8 | M41: =G41+I41+K41 -> 0 | N41: =(M41*100)/$P$8 -> 0 | O41: =H41+J41+L41 -> 8 | P41: =IF(AVERAGE(H41,J41,L41)<6,(5),(ROUND(AVERAGE(H41,J41,L41),0))) -> 8 | R41: =IF(N41>20,"EXTRA","ORD") -> ORD
B42: 31 | C42: RAMIREZ | D42: MALDONADO | E42: DULCE MONTSERRAT | G42: 0 | H42: 8 | M42: =G42+I42+K42 -> 0 | N42: =(M42*100)/$P$8 -> 0 | O42: =H42+J42+L42 -> 8 | P42: =IF(AVERAGE(H42,J42,L42)<6,(5),(ROUND(AVERAGE(H42,J42,L42),0))) -> 8 | R42: =IF(N42>20,"EXTRA","ORD") -> ORD
A43: 32 | C43: RAMOS | D43: SANTANA | E43: OSCAR SAMUEL | G43: 0 | H43: 6 | M43: =G43+I43+K43 -> 0 | N43: =(M43*100)/$P$8 -> 0 | O43: =H43+J43+L43 -> 6 | P43: =IF(AVERAGE(H43,J43,L43)<6,(5),(ROUND(AVERAGE(H43,J43,L43),0))) -> 6 | R43: =IF(N43>20,"EXTRA","ORD") -> ORD
A44: 33 | C44: RESENDIZ | D44: GODINEZ | E44: GAEL EMILIANO | G44: 0 | H44: 8 | M44: =G44+I44+K44 -> 0 | N44: =(M44*100)/$P$8 -> 0 | O44: =H44+J44+L44 -> 8 | P44: =IF(AVERAGE(H44,J44,L44)<6,(5),(ROUND(AVERAGE(H44,J44,L44),0))) -> 8 | R44: =IF(N44>20,"EXTRA","ORD") -> ORD
B45: 34 | C45: REYES | D45: ALLENDE | E45: ANA LILIA | G45: 2 | H45: 5 | M45: =G45+I45+K45 -> 2 | N45: =(M45*100)/$P$8 -> 11.111111 | O45: =H45+J45+L45 -> 5 | P45: =IF(AVERAGE(H45,J45,L45)<6,(5),(ROUND(AVERAGE(H45,J45,L45),0))) -> 5 | R45: =IF(N45>20,"EXTRA","ORD") -> ORD
B46: 35 | C46: REYES | D46: FUENTES | E46: ELIZABETH | G46: 0 | H46: 9 | M46: =G46+I46+K46 -> 0 | N46: =(M46*100)/$P$8 -> 0 | O46: =H46+J46+L46 -> 9 | P46: =IF(AVERAGE(H46,J46,L46)<6,(5),(ROUND(AVERAGE(H46,J46,L46),0))) -> 9 | R46: =IF(N46>20,"EXTRA","ORD") -> ORD
B47: 36 | C47: SANCHEZ | D47: MELENDEZ | E47: JACQUELINE | G47: 0 | H47: 8 | M47: =G47+I47+K47 -> 0 | N47: =(M47*100)/$P$8 -> 0 | O47: =H47+J47+L47 -> 8 | P47: =IF(AVERAGE(H47,J47,L47)<6,(5),(ROUND(AVERAGE(H47,J47,L47),0))) -> 8 | R47: =IF(N47>20,"EXTRA","ORD") -> ORD
A48: 37 | C48: SERRANO | D48: MAGALLON | E48: DIEGO | G48: 0 | H48: 10 | M48: =G48+I48+K48 -> 0 | N48: =(M48*100)/$P$8 -> 0 | O48: =H48+J48+L48 -> 10 | P48: =IF(AVERAGE(H48,J48,L48)<6,(5),(ROUND(AVERAGE(H48,J48,L48),0))) -> 10 | R48: =IF(N48>20,"EXTRA","ORD") -> ORD
A49: 38 | C49: SOSA | D49: ALCANTARA | E49: IAN MICHELLE | G49: 0 | H49: 7 | M49: =G49+I49+K49 -> 0 | N49: =(M49*100)/$P$8 -> 0 | O49: =H49+J49+L49 -> 7 | P49: =IF(AVERAGE(H49,J49,L49)<6,(5),(ROUND(AVERAGE(H49,J49,L49),0))) -> 7 | R49: =IF(N49>20,"EXTRA","ORD") -> ORD
A50: 39 | C50: SOTO | D50: CORTES | E50: ANGEL SEBASTIAN | G50: 0 | H50: 10 | M50: =G50+I50+K50 -> 0 | N50: =(M50*100)/$P$8 -> 0 | O50: =H50+J50+L50 -> 10 | P50: =IF(AVERAGE(H50,J50,L50)<6,(5),(ROUND(AVERAGE(H50,J50,L50),0))) -> 10 | R50: =IF(N50>20,"EXTRA","ORD") -> ORD
A51: 40 | C51: TLAPALAMATL | D51: GONZALEZ | E51: ANGEL ISRAEL | G51: 0 | H51: 7 | M51: =G51+I51+K51 -> 0 | N51: =(M51*100)/$P$8 -> 0 | O51: =H51+J51+L51 -> 7 | P51: =IF(AVERAGE(H51,J51,L51)<6,(5),(ROUND(AVERAGE(H51,J51,L51),0))) -> 7 | R51: =IF(N51>20,"EXTRA","ORD") -> ORD
B52: 41 | C52: TORRES | D52: LOPEZ | E52: ESMERALDA DANNAE | G52: 0 | H52: 7 | M52: =G52+I52+K52 -> 0 | N52: =(M52*100)/$P$8 -> 0 | O52: =H52+J52+L52 -> 7 | P52: =IF(AVERAGE(H52,J52,L52)<6,(5),(ROUND(AVERAGE(H52,J52,L52),0))) -> 7 | R52: =IF(N52>20,"EXTRA","ORD") -> ORD
A53: 42 | C53: VARGAS | D53: RODRIGUEZ | E53: PABLO | G53: 0 | H53: 8 | M53: =G53+I53+K53 -> 0 | N53: =(M53*100)/$P$8 -> 0 | O53: =H53+J53+L53 -> 8 | P53: =IF(AVERAGE(H53,J53,L53)<6,(5),(ROUND(AVERAGE(H53,J53,L53),0))) -> 8 | R53: =IF(N53>20,"EXTRA","ORD") -> ORD
B54: 43 | C54: VARGAS | D54: ROMERO | E54: MEDELIN YANDERI | G54: 0 | H54: 10 | M54: =G54+I54+K54 -> 0 | N54: =(M54*100)/$P$8 -> 0 | O54: =H54+J54+L54 -> 10 | P54: =IF(AVERAGE(H54,J54,L54)<6,(5),(ROUND(AVERAGE(H54,J54,L54),0))) -> 10 | R54: =IF(N54>20,"EXTRA","ORD") -> ORD
B55: 44 | C55: VEGA | D55: BARRON | E55: VALENTINA | G55: 0 | H55: 10 | M55: =G55+I55+K55 -> 0 | N55: =(M55*100)/$P$8 -> 0 | O55: =H55+J55+L55 -> 10 | P55: =IF(AVERAGE(H55,J55,L55)<6,(5),(ROUND(AVERAGE(H55,J55,L55),0))) -> 10 | R55: =IF(N55>20,"EXTRA","ORD") -> ORD
B56: 45 | C56: VELAZQUEZ | D56: MEJIA | E56: AYLIN DANIELA | G56: 0 | H56: 7 | M56: =G56+I56+K56 -> 0 | N56: =(M56*100)/$P$8 -> 0 | O56: =H56+J56+L56 -> 7 | P56: =IF(AVERAGE(H56,J56,L56)<6,(5),(ROUND(AVERAGE(H56,J56,L56),0))) -> 7 | R56: =IF(N56>20,"EXTRA","ORD") -> ORD
E57: Totales | G57: =SUM(G12:G56) -> 27 | H57: =AVERAGE(H12:H56) -> 7.7111111 | I57: =SUM(I12:I56) -> 0 | J57: =AVERAGE(J12:J56) -> #DIV/0! | K57: =SUM(K12:K56) -> 0 | L57: =AVERAGE(L12:L56) -> #DIV/0! | M57: =SUM(M12:M56) -> 27 | N57: PROMEDIO FINAL | P57: =AVERAGE(P6:P56) -> 7.8297872
A58: H | B58: M | E58: APROBADOS | H58: =COUNTIF(H12:H56,">5") -> 40 | J58: =COUNTIF(J12:J56,">5") -> 0 | L58: =COUNTIF(L12:L56,">5") -> 0 | N58: APROBADOS FINAL | P58: =COUNTIF(P12:P56,">5") -> 40
A59: =COUNT(A12:A56) -> 23 | B59: =COUNT(B12:B56) -> 22 | E59: REPROBADOS | H59: =COUNTIF(H12:H56,5) -> 5 | J59: =COUNTIF(J12:J56,5) -> 0 | L59: =COUNTIF(L12:L56,5) -> 0 | N59: EXTRAORDINARIOS | P59: =COUNTIF(P12:P56,5) -> 5
E60: % APROVECHAMIENTO | H60: =H58*100/H9 -> 88.888889 | J60: =J58*100/H9 -> 0 | L60: =L58*100/H9 -> 0 | N60: APROVECH FINAL | P60: =P58*100/H9 -> 88.888889
N61: % FALTAS | P61: =AVERAGE(N12:N56) -> 3.3333333
N62: % ASISTENCIA | P62: =100-P61 -> 96.666667

Sheet 3-1 organismos
O1: HORAS IMPARTIDAS
C2: ORIENTADORA | D2: NEFATLÍ MARGARITA MORLÁN ORTÍZ | H2: ESCUELA PREPARATORIA OFICIAL NÚM.67 | O2: Febrero
H3: “2026. Año del Humanismo Mexicano en el Estado de México ”. | O3: Marzo
H4: CICLO ESCOLAR: 2025 -2026 | O4: Abril
E5: TURNO : | G5: MATUTINO | J5: Grado | K5: 3° | L5: Grupo | M5: 1 | O5: Mayo | P5: 9
E6: PROFESOR(A): | K6: UAC | L6: ORGANISMOS | O6: Junio
G7: HOMBRES | H7: =A59 -> 23 | O7: Julio | P7: 3
G8: MUJERES | H8: =B59 -> 22 | O8: TOTAL | P8: =SUM(P2:P7) -> 12
G9: TOTAL | H9: =H7+H8 -> 45
A10: N | B10: P | C10: NOMBRE DEL ALUMNO | G10: PRIMERA EVALUACIÓN | I10: SEGUNDA EVALUACIÓN | K10: TERCERA EVALUACIÓN | M10: EVALUACIÓN FINAL
A11: H | B11: M | G11: FALTAS | H11: CALIF. | I11: FALTAS | J11: CALIF. | K11: FALTAS | L11: CALIF. | M11: TOT. DE FALTAS | N11: % FALTAS | O11: TOTAL DE PUNTOS | P11: CALIF. FINAL | Q11: FIRMA DEL ALUMNO | R11: ESTATUS
A12: 1 | C12: ABARCA | D12: MELENDEZ | E12: ANDRES SAID | G12: 0 | H12: 7 | M12: =G12+I12+K12 -> 0 | N12: =(M12*100)/$P$8 -> 0 | O12: =H12+J12+L12 -> 7 | P12: =IF(AVERAGE(H12,J12,L12)<6,(5),(ROUND(AVERAGE(H12,J12,L12),0))) -> 7 | R12: =IF(N12>20,"EXTRA","ORD") -> ORD
B13: 2 | C13: ALCANTARA | D13: BELTRAN | E13: JESSICA | G13: 0 | H13: 10 | M13: =G13+I13+K13 -> 0 | N13: =(M13*100)/$P$8 -> 0 | O13: =H13+J13+L13 -> 10 | P13: =IF(AVERAGE(H13,J13,L13)<6,(5),(ROUND(AVERAGE(H13,J13,L13),0))) -> 10 | R13: =IF(N13>20,"EXTRA","ORD") -> ORD
A14: 3 | C14: ALVAREZ | D14: BERNALDO | E14: ANGEL ALBERTO | G14: 0 | H14: 10 | M14: =G14+I14+K14 -> 0 | N14: =(M14*100)/$P$8 -> 0 | O14: =H14+J14+L14 -> 10 | P14: =IF(AVERAGE(H14,J14,L14)<6,(5),(ROUND(AVERAGE(H14,J14,L14),0))) -> 10 | R14: =IF(N14>20,"EXTRA","ORD") -> ORD
B15: 4 | C15: ALVAREZ | D15: GONZALEZ | E15: ALLISON JADE | G15: 0 | H15: 6 | M15: =G15+I15+K15 -> 0 | N15: =(M15*100)/$P$8 -> 0 | O15: =H15+J15+L15 -> 6 | P15: =IF(AVERAGE(H15,J15,L15)<6,(5),(ROUND(AVERAGE(H15,J15,L15),0))) -> 6 | R15: =IF(N15>20,"EXTRA","ORD") -> ORD
A16: 5 | C16: ANZALDO | D16: MARTINEZ | E16: NAYONEL YAEL | G16: 0 | H16: 8 | M16: =G16+I16+K16 -> 0 | N16: =(M16*100)/$P$8 -> 0 | O16: =H16+J16+L16 -> 8 | P16: =IF(AVERAGE(H16,J16,L16)<6,(5),(ROUND(AVERAGE(H16,J16,L16),0))) -> 8 | R16: =IF(N16>20,"EXTRA","ORD") -> ORD
A17: 6 | C17: AVILA | D17: ESCAMILLA | E17: JUSTIN YAHEL | G17: 21 | H17: 8 | M17: =G17+I17+K17 -> 21 | N17: =(M17*100)/$P$8 -> 175 | O17: =H17+J17+L17 -> 8 | P17: =IF(AVERAGE(H17,J17,L17)<6,(5),(ROUND(AVERAGE(H17,J17,L17),0))) -> 8 | R17: =IF(N17>20,"EXTRA","ORD") -> EXTRA
A18: 7 | C18: AYALA | D18: LARA | E18: ISAAC | G18: 0 | H18: 8 | M18: =G18+I18+K18 -> 0 | N18: =(M18*100)/$P$8 -> 0 | O18: =H18+J18+L18 -> 8 | P18: =IF(AVERAGE(H18,J18,L18)<6,(5),(ROUND(AVERAGE(H18,J18,L18),0))) -> 8 | R18: =IF(N18>20,"EXTRA","ORD") -> ORD
B19: 8 | C19: BATRES | D19: CERDA | E19: MARIA DEL PILAR | G19: 0 | H19: 10 | M19: =G19+I19+K19 -> 0 | N19: =(M19*100)/$P$8 -> 0 | O19: =H19+J19+L19 -> 10 | P19: =IF(AVERAGE(H19,J19,L19)<6,(5),(ROUND(AVERAGE(H19,J19,L19),0))) -> 10 | R19: =IF(N19>20,"EXTRA","ORD") -> ORD
A20: 9 | C20: BONILLA | D20: TREJO | E20: FRANCISCO TONATIUH | G20: 0 | H20: 5 | M20: =G20+I20+K20 -> 0 | N20: =(M20*100)/$P$8 -> 0 | O20: =H20+J20+L20 -> 5 | P20: =IF(AVERAGE(H20,J20,L20)<6,(5),(ROUND(AVERAGE(H20,J20,L20),0))) -> 5 | R20: =IF(N20>20,"EXTRA","ORD") -> ORD
A21: 10 | C21: CABRERA | D21: MARTINEZ | E21: JESUS ADRIAN | G21: 0 | H21: 10 | M21: =G21+I21+K21 -> 0 | N21: =(M21*100)/$P$8 -> 0 | O21: =H21+J21+L21 -> 10 | P21: =IF(AVERAGE(H21,J21,L21)<6,(5),(ROUND(AVERAGE(H21,J21,L21),0))) -> 10 | R21: =IF(N21>20,"EXTRA","ORD") -> ORD
B22: 11 | C22: CARDONA | D22: ZARATE | E22: JULIA EMILY | G22: 0 | H22: 8 | M22: =G22+I22+K22 -> 0 | N22: =(M22*100)/$P$8 -> 0 | O22: =H22+J22+L22 -> 8 | P22: =IF(AVERAGE(H22,J22,L22)<6,(5),(ROUND(AVERAGE(H22,J22,L22),0))) -> 8 | R22: =IF(N22>20,"EXTRA","ORD") -> ORD
A23: 12 | C23: CASALES | D23: LORANCA | E23: EDSON | G23: 0 | H23: 6 | M23: =G23+I23+K23 -> 0 | N23: =(M23*100)/$P$8 -> 0 | O23: =H23+J23+L23 -> 6 | P23: =IF(AVERAGE(H23,J23,L23)<6,(5),(ROUND(AVERAGE(H23,J23,L23),0))) -> 6 | R23: =IF(N23>20,"EXTRA","ORD") -> ORD
A24: 13 | C24: CRUZ | D24: GARCÍA | E24: PEDRO YASHIR | G24: 0 | H24: 5 | M24: =G24+I24+K24 -> 0 | N24: =(M24*100)/$P$8 -> 0 | O24: =H24+J24+L24 -> 5 | P24: =IF(AVERAGE(H24,J24,L24)<6,(5),(ROUND(AVERAGE(H24,J24,L24),0))) -> 5 | R24: =IF(N24>20,"EXTRA","ORD") -> ORD
B25: 14 | C25: FUENTES | D25: VALADEZ | E25: ALEXIA DANNAE | G25: 0 | H25: 10 | M25: =G25+I25+K25 -> 0 | N25: =(M25*100)/$P$8 -> 0 | O25: =H25+J25+L25 -> 10 | P25: =IF(AVERAGE(H25,J25,L25)<6,(5),(ROUND(AVERAGE(H25,J25,L25),0))) -> 10 | R25: =IF(N25>20,"EXTRA","ORD") -> ORD
A26: 15 | C26: GARCIA | D26: RANGEL | E26: ADRIAN | G26: 0 | H26: 10 | M26: =G26+I26+K26 -> 0 | N26: =(M26*100)/$P$8 -> 0 | O26: =H26+J26+L26 -> 10 | P26: =IF(AVERAGE(H26,J26,L26)<6,(5),(ROUND(AVERAGE(H26,J26,L26),0))) -> 10 | R26: =IF(N26>20,"EXTRA","ORD") -> ORD
B27: 16 | C27: GOMEZ | D27: ARREDONDO | E27: AMERICA NAOMI | G27: 0 | H27: 5 | M27: =G27+I27+K27 -> 0 | N27: =(M27*100)/$P$8 -> 0 | O27: =H27+J27+L27 -> 5 | P27: =IF(AVERAGE(H27,J27,L27)<6,(5),(ROUND(AVERAGE(H27,J27,L27),0))) -> 5 | R27: =IF(N27>20,"EXTRA","ORD") -> ORD
B28: 17 | C28: GOMEZ | D28: VAZQUEZ | E28: BIBIANA | G28: 0 | H28: 7 | M28: =G28+I28+K28 -> 0 | N28: =(M28*100)/$P$8 -> 0 | O28: =H28+J28+L28 -> 7 | P28: =IF(AVERAGE(H28,J28,L28)<6,(5),(ROUND(AVERAGE(H28,J28,L28),0))) -> 7 | R28: =IF(N28>20,"EXTRA","ORD") -> ORD
B29: 18 | C29: GONZALEZ | D29: REYNA | E29: PAULA EDITH | G29: 0 | H29: 6 | M29: =G29+I29+K29 -> 0 | N29: =(M29*100)/$P$8 -> 0 | O29: =H29+J29+L29 -> 6 | P29: =IF(AVERAGE(H29,J29,L29)<6,(5),(ROUND(AVERAGE(H29,J29,L29),0))) -> 6 | R29: =IF(N29>20,"EXTRA","ORD") -> ORD
A30: 19 | C30: HERNANDEZ | D30: CHAVEZ | E30: DEREK | G30: 1 | H30: 6 | M30: =G30+I30+K30 -> 1 | N30: =(M30*100)/$P$8 -> 8.3333333 | O30: =H30+J30+L30 -> 6 | P30: =IF(AVERAGE(H30,J30,L30)<6,(5),(ROUND(AVERAGE(H30,J30,L30),0))) -> 6 | R30: =IF(N30>20,"EXTRA","ORD") -> ORD
B31: 20 | C31: HERNANDEZ | D31: LEDEZMA | E31: IRIARY GUADALUPE | G31: 0 | H31: 10 | M31: =G31+I31+K31 -> 0 | N31: =(M31*100)/$P$8 -> 0 | O31: =H31+J31+L31 -> 10 | P31: =IF(AVERAGE(H31,J31,L31)<6,(5),(ROUND(AVERAGE(H31,J31,L31),0))) -> 10 | R31: =IF(N31>20,"EXTRA","ORD") -> ORD
A32: 21 | C32: JARALEÑO | D32: BLANCO | E32: IRVING GAEL | G32: 0 | H32: 9 | M32: =G32+I32+K32 -> 0 | N32: =(M32*100)/$P$8 -> 0 | O32: =H32+J32+L32 -> 9 | P32: =IF(AVERAGE(H32,J32,L32)<6,(5),(ROUND(AVERAGE(H32,J32,L32),0))) -> 9 | R32: =IF(N32>20,"EXTRA","ORD") -> ORD
B33: 22 | C33: LIMA | D33: ACEVES | E33: DAFNE ERIN | G33: 0 | H33: 6 | M33: =G33+I33+K33 -> 0 | N33: =(M33*100)/$P$8 -> 0 | O33: =H33+J33+L33 -> 6 | P33: =IF(AVERAGE(H33,J33,L33)<6,(5),(ROUND(AVERAGE(H33,J33,L33),0))) -> 6 | R33: =IF(N33>20,"EXTRA","ORD") -> ORD
B34: 23 | C34: LOPEZ | D34: GODINEZ | E34: AZUL XIMENA | G34: 1 | H34: 5 | M34: =G34+I34+K34 -> 1 | N34: =(M34*100)/$P$8 -> 8.3333333 | O34: =H34+J34+L34 -> 5 | P34: =IF(AVERAGE(H34,J34,L34)<6,(5),(ROUND(AVERAGE(H34,J34,L34),0))) -> 5 | R34: =IF(N34>20,"EXTRA","ORD") -> ORD
A35: 24 | C35: LUGO | D35: GONZALEZ | E35: LUIS DARIO | G35: 2 | H35: 7 | M35: =G35+I35+K35 -> 2 | N35: =(M35*100)/$P$8 -> 16.666667 | O35: =H35+J35+L35 -> 7 | P35: =IF(AVERAGE(H35,J35,L35)<6,(5),(ROUND(AVERAGE(H35,J35,L35),0))) -> 7 | R35: =IF(N35>20,"EXTRA","ORD") -> ORD
A36: 25 | C36: MARQUEZ | D36: YAÑEZ | E36: ISRAEL | G36: 0 | H36: 7 | M36: =G36+I36+K36 -> 0 | N36: =(M36*100)/$P$8 -> 0 | O36: =H36+J36+L36 -> 7 | P36: =IF(AVERAGE(H36,J36,L36)<6,(5),(ROUND(AVERAGE(H36,J36,L36),0))) -> 7 | R36: =IF(N36>20,"EXTRA","ORD") -> ORD
A37: 26 | C37: MARTINEZ | D37: MONTERO | E37: ANGEL YAIR | G37: 0 | H37: 7 | M37: =G37+I37+K37 -> 0 | N37: =(M37*100)/$P$8 -> 0 | O37: =H37+J37+L37 -> 7 | P37: =IF(AVERAGE(H37,J37,L37)<6,(5),(ROUND(AVERAGE(H37,J37,L37),0))) -> 7 | R37: =IF(N37>20,"EXTRA","ORD") -> ORD
A38: 27 | C38: MENDOZA | D38: CRUZ | E38: IAN YAMIL | G38: 0 | H38: 7 | M38: =G38+I38+K38 -> 0 | N38: =(M38*100)/$P$8 -> 0 | O38: =H38+J38+L38 -> 7 | P38: =IF(AVERAGE(H38,J38,L38)<6,(5),(ROUND(AVERAGE(H38,J38,L38),0))) -> 7 | R38: =IF(N38>20,"EXTRA","ORD") -> ORD
B39: 28 | C39: MONTOYA | D39: LOPEZ | E39: WENDY MARIEL | G39: 0 | H39: 8 | M39: =G39+I39+K39 -> 0 | N39: =(M39*100)/$P$8 -> 0 | O39: =H39+J39+L39 -> 8 | P39: =IF(AVERAGE(H39,J39,L39)<6,(5),(ROUND(AVERAGE(H39,J39,L39),0))) -> 8 | R39: =IF(N39>20,"EXTRA","ORD") -> ORD
B40: 29 | C40: MORA | D40: SORIANO | E40: GIANNINA | G40: 0 | H40: 8 | M40: =G40+I40+K40 -> 0 | N40: =(M40*100)/$P$8 -> 0 | O40: =H40+J40+L40 -> 8 | P40: =IF(AVERAGE(H40,J40,L40)<6,(5),(ROUND(AVERAGE(H40,J40,L40),0))) -> 8 | R40: =IF(N40>20,"EXTRA","ORD") -> ORD
B41: 30 | C41: PAZ | D41: GUTIERREZ | E41: NADIA PAMELA | G41: 0 | H41: 8 | M41: =G41+I41+K41 -> 0 | N41: =(M41*100)/$P$8 -> 0 | O41: =H41+J41+L41 -> 8 | P41: =IF(AVERAGE(H41,J41,L41)<6,(5),(ROUND(AVERAGE(H41,J41,L41),0))) -> 8 | R41: =IF(N41>20,"EXTRA","ORD") -> ORD
B42: 31 | C42: RAMIREZ | D42: MALDONADO | E42: DULCE MONTSERRAT | G42: 0 | H42: 8 | M42: =G42+I42+K42 -> 0 | N42: =(M42*100)/$P$8 -> 0 | O42: =H42+J42+L42 -> 8 | P42: =IF(AVERAGE(H42,J42,L42)<6,(5),(ROUND(AVERAGE(H42,J42,L42),0))) -> 8 | R42: =IF(N42>20,"EXTRA","ORD") -> ORD
A43: 32 | C43: RAMOS | D43: SANTANA | E43: OSCAR SAMUEL | G43: 0 | H43: 6 | M43: =G43+I43+K43 -> 0 | N43: =(M43*100)/$P$8 -> 0 | O43: =H43+J43+L43 -> 6 | P43: =IF(AVERAGE(H43,J43,L43)<6,(5),(ROUND(AVERAGE(H43,J43,L43),0))) -> 6 | R43: =IF(N43>20,"EXTRA","ORD") -> ORD
A44: 33 | C44: RESENDIZ | D44: GODINEZ | E44: GAEL EMILIANO | G44: 0 | H44: 8 | M44: =G44+I44+K44 -> 0 | N44: =(M44*100)/$P$8 -> 0 | O44: =H44+J44+L44 -> 8 | P44: =IF(AVERAGE(H44,J44,L44)<6,(5),(ROUND(AVERAGE(H44,J44,L44),0))) -> 8 | R44: =IF(N44>20,"EXTRA","ORD") -> ORD
B45: 34 | C45: REYES | D45: ALLENDE | E45: ANA LILIA | G45: 2 | H45: 5 | M45: =G45+I45+K45 -> 2 | N45: =(M45*100)/$P$8 -> 16.666667 | O45: =H45+J45+L45 -> 5 | P45: =IF(AVERAGE(H45,J45,L45)<6,(5),(ROUND(AVERAGE(H45,J45,L45),0))) -> 5 | R45: =IF(N45>20,"EXTRA","ORD") -> ORD
B46: 35 | C46: REYES | D46: FUENTES | E46: ELIZABETH | G46: 0 | H46: 9 | M46: =G46+I46+K46 -> 0 | N46: =(M46*100)/$P$8 -> 0 | O46: =H46+J46+L46 -> 9 | P46: =IF(AVERAGE(H46,J46,L46)<6,(5),(ROUND(AVERAGE(H46,J46,L46),0))) -> 9 | R46: =IF(N46>20,"EXTRA","ORD") -> ORD
B47: 36 | C47: SANCHEZ | D47: MELENDEZ | E47: JACQUELINE | G47: 0 | H47: 8 | M47: =G47+I47+K47 -> 0 | N47: =(M47*100)/$P$8 -> 0 | O47: =H47+J47+L47 -> 8 | P47: =IF(AVERAGE(H47,J47,L47)<6,(5),(ROUND(AVERAGE(H47,J47,L47),0))) -> 8 | R47: =IF(N47>20,"EXTRA","ORD") -> ORD
A48: 37 | C48: SERRANO | D48: MAGALLON | E48: DIEGO | G48: 0 | H48: 10 | M48: =G48+I48+K48 -> 0 | N48: =(M48*100)/$P$8 -> 0 | O48: =H48+J48+L48 -> 10 | P48: =IF(AVERAGE(H48,J48,L48)<6,(5),(ROUND(AVERAGE(H48,J48,L48),0))) -> 10 | R48: =IF(N48>20,"EXTRA","ORD") -> ORD
A49: 38 | C49: SOSA | D49: ALCANTARA | E49: IAN MICHELLE | G49: 0 | H49: 7 | M49: =G49+I49+K49 -> 0 | N49: =(M49*100)/$P$8 -> 0 | O49: =H49+J49+L49 -> 7 | P49: =IF(AVERAGE(H49,J49,L49)<6,(5),(ROUND(AVERAGE(H49,J49,L49),0))) -> 7 | R49: =IF(N49>20,"EXTRA","ORD") -> ORD
A50: 39 | C50: SOTO | D50: CORTES | E50: ANGEL SEBASTIAN | G50: 0 | H50: 10 | M50: =G50+I50+K50 -> 0 | N50: =(M50*100)/$P$8 -> 0 | O50: =H50+J50+L50 -> 10 | P50: =IF(AVERAGE(H50,J50,L50)<6,(5),(ROUND(AVERAGE(H50,J50,L50),0))) -> 10 | R50: =IF(N50>20,"EXTRA","ORD") -> ORD
A51: 40 | C51: TLAPALAMATL | D51: GONZALEZ | E51: ANGEL ISRAEL | G51: 0 | H51: 7 | M51: =G51+I51+K51 -> 0 | N51: =(M51*100)/$P$8 -> 0 | O51: =H51+J51+L51 -> 7 | P51: =IF(AVERAGE(H51,J51,L51)<6,(5),(ROUND(AVERAGE(H51,J51,L51),0))) -> 7 | R51: =IF(N51>20,"EXTRA","ORD") -> ORD
B52: 41 | C52: TORRES | D52: LOPEZ | E52: ESMERALDA DANNAE | G52: 0 | H52: 7 | M52: =G52+I52+K52 -> 0 | N52: =(M52*100)/$P$8 -> 0 | O52: =H52+J52+L52 -> 7 | P52: =IF(AVERAGE(H52,J52,L52)<6,(5),(ROUND(AVERAGE(H52,J52,L52),0))) -> 7 | R52: =IF(N52>20,"EXTRA","ORD") -> ORD
A53: 42 | C53: VARGAS | D53: RODRIGUEZ | E53: PABLO | G53: 0 | H53: 8 | M53: =G53+I53+K53 -> 0 | N53: =(M53*100)/$P$8 -> 0 | O53: =H53+J53+L53 -> 8 | P53: =IF(AVERAGE(H53,J53,L53)<6,(5),(ROUND(AVERAGE(H53,J53,L53),0))) -> 8 | R53: =IF(N53>20,"EXTRA","ORD") -> ORD
B54: 43 | C54: VARGAS | D54: ROMERO | E54: MEDELIN YANDERI | G54: 0 | H54: 10 | M54: =G54+I54+K54 -> 0 | N54: =(M54*100)/$P$8 -> 0 | O54: =H54+J54+L54 -> 10 | P54: =IF(AVERAGE(H54,J54,L54)<6,(5),(ROUND(AVERAGE(H54,J54,L54),0))) -> 10 | R54: =IF(N54>20,"EXTRA","ORD") -> ORD
B55: 44 | C55: VEGA | D55: BARRON | E55: VALENTINA | G55: 0 | H55: 10 | M55: =G55+I55+K55 -> 0 | N55: =(M55*100)/$P$8 -> 0 | O55: =H55+J55+L55 -> 10 | P55: =IF(AVERAGE(H55,J55,L55)<6,(5),(ROUND(AVERAGE(H55,J55,L55),0))) -> 10 | R55: =IF(N55>20,"EXTRA","ORD") -> ORD
B56: 45 | C56: VELAZQUEZ | D56: MEJIA | E56: AYLIN DANIELA | G56: 0 | H56: 7 | M56: =G56+I56+K56 -> 0 | N56: =(M56*100)/$P$8 -> 0 | O56: =H56+J56+L56 -> 7 | P56: =IF(AVERAGE(H56,J56,L56)<6,(5),(ROUND(AVERAGE(H56,J56,L56),0))) -> 7 | R56: =IF(N56>20,"EXTRA","ORD") -> ORD
E57: Totales | G57: =SUM(G12:G56) -> 27 | H57: =AVERAGE(H12:H56) -> 7.7111111 | I57: =SUM(I12:I56) -> 0 | J57: =AVERAGE(J12:J56) -> #DIV/0! | K57: =SUM(K12:K56) -> 0 | L57: =AVERAGE(L12:L56) -> #DIV/0! | M57: =SUM(M12:M56) -> 27 | N57: PROMEDIO FINAL | P57: =AVERAGE(P6:P56) -> 7.7021277
A58: H | B58: M | E58: APROBADOS | H58: =COUNTIF(H12:H56,">5") -> 40 | J58: =COUNTIF(J12:J56,">5") -> 0 | L58: =COUNTIF(L12:L56,">5") -> 0 | N58: APROBADOS FINAL | P58: =COUNTIF(P12:P56,">5") -> 40
A59: =COUNT(A12:A56) -> 23 | B59: =COUNT(B12:B56) -> 22 | E59: REPROBADOS | H59: =COUNTIF(H12:H56,5) -> 5 | J59: =COUNTIF(J12:J56,5) -> 0 | L59: =COUNTIF(L12:L56,5) -> 0 | N59: EXTRAORDINARIOS | P59: =COUNTIF(P12:P56,5) -> 5
E60: % APROVECHAMIENTO | H60: =H58*100/H9 -> 88.888889 | J60: =J58*100/H9 -> 0 | L60: =L58*100/H9 -> 0 | N60: APROVECH FINAL | P60: =P58*100/H9 -> 88.888889
N61: % FALTAS | P61: =AVERAGE(N12:N56) -> 5
N62: % ASISTENCIA | P62: =100-P61 -> 95

Sheet 3-1 temas selectos de filosofia
O1: HORAS IMPARTIDAS
C2: ORIENTADORA | D2: NEFATLÍ MARGARITA MORLÁN ORTÍZ | H2: ESCUELA PREPARATORIA OFICIAL NÚM.67 | O2: Febrero
H3: “2026. Año del Humanismo Mexicano en el Estado de México ”. | O3: Marzo | P3: 12
H4: CICLO ESCOLAR: 2025 -2026 | O4: Abril
E5: TURNO : | G5: MATUTINO | J5: Grado | K5: 3° | L5: Grupo | M5: 1 | O5: Mayo
E6: PROFESOR(A): | K6: UAC | L6: TEMAS SELECTOS DE FILOSOFÍA | O6: Junio
G7: HOMBRES | H7: =A59 -> 23 | O7: Julio | P7: 3
G8: MUJERES | H8: =B59 -> 22 | O8: TOTAL | P8: =SUM(P2:P7) -> 15
G9: TOTAL | H9: =H7+H8 -> 45
A10: N | B10: P | C10: NOMBRE DEL ALUMNO | G10: PRIMERA EVALUACIÓN | I10: SEGUNDA EVALUACIÓN | K10: TERCERA EVALUACIÓN | M10: EVALUACIÓN FINAL
A11: H | B11: M | G11: FALTAS | H11: CALIF. | I11: FALTAS | J11: CALIF. | K11: FALTAS | L11: CALIF. | M11: TOT. DE FALTAS | N11: % FALTAS | O11: TOTAL DE PUNTOS | P11: CALIF. FINAL | Q11: FIRMA DEL ALUMNO | R11: ESTATUS
A12: 1 | C12: ABARCA | D12: MELENDEZ | E12: ANDRES SAID | G12: 0 | H12: 7 | M12: =G12+I12+K12 -> 0 | N12: =(M12*100)/$P$8 -> 0 | O12: =H12+J12+L12 -> 7 | P12: =IF(AVERAGE(H12,J12,L12)<6,(5),(ROUND(AVERAGE(H12,J12,L12),0))) -> 7 | R12: =IF(N12>20,"EXTRA","ORD") -> ORD
B13: 2 | C13: ALCANTARA | D13: BELTRAN | E13: JESSICA | G13: 0 | H13: 10 | M13: =G13+I13+K13 -> 0 | N13: =(M13*100)/$P$8 -> 0 | O13: =H13+J13+L13 -> 10 | P13: =IF(AVERAGE(H13,J13,L13)<6,(5),(ROUND(AVERAGE(H13,J13,L13),0))) -> 10 | R13: =IF(N13>20,"EXTRA","ORD") -> ORD
A14: 3 | C14: ALVAREZ | D14: BERNALDO | E14: ANGEL ALBERTO | G14: 0 | H14: 10 | M14: =G14+I14+K14 -> 0 | N14: =(M14*100)/$P$8 -> 0 | O14: =H14+J14+L14 -> 10 | P14: =IF(AVERAGE(H14,J14,L14)<6,(5),(ROUND(AVERAGE(H14,J14,L14),0))) -> 10 | R14: =IF(N14>20,"EXTRA","ORD") -> ORD
B15: 4 | C15: ALVAREZ | D15: GONZALEZ | E15: ALLISON JADE | G15: 0 | H15: 6 | M15: =G15+I15+K15 -> 0 | N15: =(M15*100)/$P$8 -> 0 | O15: =H15+J15+L15 -> 6 | P15: =IF(AVERAGE(H15,J15,L15)<6,(5),(ROUND(AVERAGE(H15,J15,L15),0))) -> 6 | R15: =IF(N15>20,"EXTRA","ORD") -> ORD
A16: 5 | C16: ANZALDO | D16: MARTINEZ | E16: NAYONEL YAEL | G16: 0 | H16: 8 | M16: =G16+I16+K16 -> 0 | N16: =(M16*100)/$P$8 -> 0 | O16: =H16+J16+L16 -> 8 | P16: =IF(AVERAGE(H16,J16,L16)<6,(5),(ROUND(AVERAGE(H16,J16,L16),0))) -> 8 | R16: =IF(N16>20,"EXTRA","ORD") -> ORD
A17: 6 | C17: AVILA | D17: ESCAMILLA | E17: JUSTIN YAHEL | G17: 21 | H17: 8 | M17: =G17+I17+K17 -> 21 | N17: =(M17*100)/$P$8 -> 140 | O17: =H17+J17+L17 -> 8 | P17: =IF(AVERAGE(H17,J17,L17)<6,(5),(ROUND(AVERAGE(H17,J17,L17),0))) -> 8 | R17: =IF(N17>20,"EXTRA","ORD") -> EXTRA
A18: 7 | C18: AYALA | D18: LARA | E18: ISAAC | G18: 0 | H18: 8 | M18: =G18+I18+K18 -> 0 | N18: =(M18*100)/$P$8 -> 0 | O18: =H18+J18+L18 -> 8 | P18: =IF(AVERAGE(H18,J18,L18)<6,(5),(ROUND(AVERAGE(H18,J18,L18),0))) -> 8 | R18: =IF(N18>20,"EXTRA","ORD") -> ORD
B19: 8 | C19: BATRES | D19: CERDA | E19: MARIA DEL PILAR | G19: 0 | H19: 10 | M19: =G19+I19+K19 -> 0 | N19: =(M19*100)/$P$8 -> 0 | O19: =H19+J19+L19 -> 10 | P19: =IF(AVERAGE(H19,J19,L19)<6,(5),(ROUND(AVERAGE(H19,J19,L19),0))) -> 10 | R19: =IF(N19>20,"EXTRA","ORD") -> ORD
A20: 9 | C20: BONILLA | D20: TREJO | E20: FRANCISCO TONATIUH | G20: 0 | H20: 5 | M20: =G20+I20+K20 -> 0 | N20: =(M20*100)/$P$8 -> 0 | O20: =H20+J20+L20 -> 5 | P20: =IF(AVERAGE(H20,J20,L20)<6,(5),(ROUND(AVERAGE(H20,J20,L20),0))) -> 5 | R20: =IF(N20>20,"EXTRA","ORD") -> ORD
A21: 10 | C21: CABRERA | D21: MARTINEZ | E21: JESUS ADRIAN | G21: 0 | H21: 10 | M21: =G21+I21+K21 -> 0 | N21: =(M21*100)/$P$8 -> 0 | O21: =H21+J21+L21 -> 10 | P21: =IF(AVERAGE(H21,J21,L21)<6,(5),(ROUND(AVERAGE(H21,J21,L21),0))) -> 10 | R21: =IF(N21>20,"EXTRA","ORD") -> ORD
B22: 11 | C22: CARDONA | D22: ZARATE | E22: JULIA EMILY | G22: 0 | H22: 8 | M22: =G22+I22+K22 -> 0 | N22: =(M22*100)/$P$8 -> 0 | O22: =H22+J22+L22 -> 8 | P22: =IF(AVERAGE(H22,J22,L22)<6,(5),(ROUND(AVERAGE(H22,J22,L22),0))) -> 8 | R22: =IF(N22>20,"EXTRA","ORD") -> ORD
A23: 12 | C23: CASALES | D23: LORANCA | E23: EDSON | G23: 0 | H23: 6 | M23: =G23+I23+K23 -> 0 | N23: =(M23*100)/$P$8 -> 0 | O23: =H23+J23+L23 -> 6 | P23: =IF(AVERAGE(H23,J23,L23)<6,(5),(ROUND(AVERAGE(H23,J23,L23),0))) -> 6 | R23: =IF(N23>20,"EXTRA","ORD") -> ORD
A24: 13 | C24: CRUZ | D24: GARCÍA | E24: PEDRO YASHIR | G24: 0 | H24: 5 | M24: =G24+I24+K24 -> 0 | N24: =(M24*100)/$P$8 -> 0 | O24: =H24+J24+L24 -> 5 | P24: =IF(AVERAGE(H24,J24,L24)<6,(5),(ROUND(AVERAGE(H24,J24,L24),0))) -> 5 | R24: =IF(N24>20,"EXTRA","ORD") -> ORD
B25: 14 | C25: FUENTES | D25: VALADEZ | E25: ALEXIA DANNAE | G25: 0 | H25: 10 | M25: =G25+I25+K25 -> 0 | N25: =(M25*100)/$P$8 -> 0 | O25: =H25+J25+L25 -> 10 | P25: =IF(AVERAGE(H25,J25,L25)<6,(5),(ROUND(AVERAGE(H25,J25,L25),0))) -> 10 | R25: =IF(N25>20,"EXTRA","ORD") -> ORD
A26: 15 | C26: GARCIA | D26: RANGEL | E26: ADRIAN | G26: 0 | H26: 10 | M26: =G26+I26+K26 -> 0 | N26: =(M26*100)/$P$8 -> 0 | O26: =H26+J26+L26 -> 10 | P26: =IF(AVERAGE(H26,J26,L26)<6,(5),(ROUND(AVERAGE(H26,J26,L26),0))) -> 10 | R26: =IF(N26>20,"EXTRA","ORD") -> ORD
B27: 16 | C27: GOMEZ | D27: ARREDONDO | E27: AMERICA NAOMI | G27: 0 | H27: 5 | M27: =G27+I27+K27 -> 0 | N27: =(M27*100)/$P$8 -> 0 | O27: =H27+J27+L27 -> 5 | P27: =IF(AVERAGE(H27,J27,L27)<6,(5),(ROUND(AVERAGE(H27,J27,L27),0))) -> 5 | R27: =IF(N27>20,"EXTRA","ORD") -> ORD
B28: 17 | C28: GOMEZ | D28: VAZQUEZ | E28: BIBIANA | G28: 0 | H28: 7 | M28: =G28+I28+K28 -> 0 | N28: =(M28*100)/$P$8 -> 0 | O28: =H28+J28+L28 -> 7 | P28: =IF(AVERAGE(H28,J28,L28)<6,(5),(ROUND(AVERAGE(H28,J28,L28),0))) -> 7 | R28: =IF(N28>20,"EXTRA","ORD") -> ORD
B29: 18 | C29: GONZALEZ | D29: REYNA | E29: PAULA EDITH | G29: 0 | H29: 6 | M29: =G29+I29+K29 -> 0 | N29: =(M29*100)/$P$8 -> 0 | O29: =H29+J29+L29 -> 6 | P29: =IF(AVERAGE(H29,J29,L29)<6,(5),(ROUND(AVERAGE(H29,J29,L29),0))) -> 6 | R29: =IF(N29>20,"EXTRA","ORD") -> ORD
A30: 19 | C30: HERNANDEZ | D30: CHAVEZ | E30: DEREK | G30: 1 | H30: 6 | M30: =G30+I30+K30 -> 1 | N30: =(M30*100)/$P$8 -> 6.6666667 | O30: =H30+J30+L30 -> 6 | P30: =IF(AVERAGE(H30,J30,L30)<6,(5),(ROUND(AVERAGE(H30,J30,L30),0))) -> 6 | R30: =IF(N30>20,"EXTRA","ORD") -> ORD
B31: 20 | C31: HERNANDEZ | D31: LEDEZMA | E31: IRIARY GUADALUPE | G31: 0 | H31: 10 | M31: =G31+I31+K31 -> 0 | N31: =(M31*100)/$P$8 -> 0 | O31: =H31+J31+L31 -> 10 | P31: =IF(AVERAGE(H31,J31,L31)<6,(5),(ROUND(AVERAGE(H31,J31,L31),0))) -> 10 | R31: =IF(N31>20,"EXTRA","ORD") -> ORD
A32: 21 | C32: JARALEÑO | D32: BLANCO | E32: IRVING GAEL | G32: 0 | H32: 9 | M32: =G32+I32+K32 -> 0 | N32: =(M32*100)/$P$8 -> 0 | O32: =H32+J32+L32 -> 9 | P32: =IF(AVERAGE(H32,J32,L32)<6,(5),(ROUND(AVERAGE(H32,J32,L32),0))) -> 9 | R32: =IF(N32>20,"EXTRA","ORD") -> ORD
B33: 22 | C33: LIMA | D33: ACEVES | E33: DAFNE ERIN | G33: 0 | H33: 6 | M33: =G33+I33+K33 -> 0 | N33: =(M33*100)/$P$8 -> 0 | O33: =H33+J33+L33 -> 6 | P33: =IF(AVERAGE(H33,J33,L33)<6,(5),(ROUND(AVERAGE(H33,J33,L33),0))) -> 6 | R33: =IF(N33>20,"EXTRA","ORD") -> ORD
B34: 23 | C34: LOPEZ | D34: GODINEZ | E34: AZUL XIMENA | G34: 1 | H34: 5 | M34: =G34+I34+K34 -> 1 | N34: =(M34*100)/$P$8 -> 6.6666667 | O34: =H34+J34+L34 -> 5 | P34: =IF(AVERAGE(H34,J34,L34)<6,(5),(ROUND(AVERAGE(H34,J34,L34),0))) -> 5 | R34: =IF(N34>20,"EXTRA","ORD") -> ORD
A35: 24 | C35: LUGO | D35: GONZALEZ | E35: LUIS DARIO | G35: 2 | H35: 7 | M35: =G35+I35+K35 -> 2 | N35: =(M35*100)/$P$8 -> 13.333333 | O35: =H35+J35+L35 -> 7 | P35: =IF(AVERAGE(H35,J35,L35)<6,(5),(ROUND(AVERAGE(H35,J35,L35),0))) -> 7 | R35: =IF(N35>20,"EXTRA","ORD") -> ORD
A36: 25 | C36: MARQUEZ | D36: YAÑEZ | E36: ISRAEL | G36: 0 | H36: 7 | M36: =G36+I36+K36 -> 0 | N36: =(M36*100)/$P$8 -> 0 | O36: =H36+J36+L36 -> 7 | P36: =IF(AVERAGE(H36,J36,L36)<6,(5),(ROUND(AVERAGE(H36,J36,L36),0))) -> 7 | R36: =IF(N36>20,"EXTRA","ORD") -> ORD
A37: 26 | C37: MARTINEZ | D37: MONTERO | E37: ANGEL YAIR | G37: 0 | H37: 7 | M37: =G37+I37+K37 -> 0 | N37: =(M37*100)/$P$8 -> 0 | O37: =H37+J37+L37 -> 7 | P37: =IF(AVERAGE(H37,J37,L37)<6,(5),(ROUND(AVERAGE(H37,J37,L37),0))) -> 7 | R37: =IF(N37>20,"EXTRA","ORD") -> ORD
A38: 27 | C38: MENDOZA | D38: CRUZ | E38: IAN YAMIL | G38: 0 | H38: 7 | M38: =G38+I38+K38 -> 0 | N38: =(M38*100)/$P$8 -> 0 | O38: =H38+J38+L38 -> 7 | P38: =IF(AVERAGE(H38,J38,L38)<6,(5),(ROUND(AVERAGE(H38,J38,L38),0))) -> 7 | R38: =IF(N38>20,"EXTRA","ORD") -> ORD
B39: 28 | C39: MONTOYA | D39: LOPEZ | E39: WENDY MARIEL | G39: 0 | H39: 8 | M39: =G39+I39+K39 -> 0 | N39: =(M39*100)/$P$8 -> 0 | O39: =H39+J39+L39 -> 8 | P39: =IF(AVERAGE(H39,J39,L39)<6,(5),(ROUND(AVERAGE(H39,J39,L39),0))) -> 8 | R39: =IF(N39>20,"EXTRA","ORD") -> ORD
B40: 29 | C40: MORA | D40: SORIANO | E40: GIANNINA | G40: 0 | H40: 8 | M40: =G40+I40+K40 -> 0 | N40: =(M40*100)/$P$8 -> 0 | O40: =H40+J40+L40 -> 8 | P40: =IF(AVERAGE(H40,J40,L40)<6,(5),(ROUND(AVERAGE(H40,J40,L40),0))) -> 8 | R40: =IF(N40>20,"EXTRA","ORD") -> ORD
B41: 30 | C41: PAZ | D41: GUTIERREZ | E41: NADIA PAMELA | G41: 0 | H41: 8 | M41: =G41+I41+K41 -> 0 | N41: =(M41*100)/$P$8 -> 0 | O41: =H41+J41+L41 -> 8 | P41: =IF(AVERAGE(H41,J41,L41)<6,(5),(ROUND(AVERAGE(H41,J41,L41),0))) -> 8 | R41: =IF(N41>20,"EXTRA","ORD") -> ORD
B42: 31 | C42: RAMIREZ | D42: MALDONADO | E42: DULCE MONTSERRAT | G42: 0 | H42: 8 | M42: =G42+I42+K42 -> 0 | N42: =(M42*100)/$P$8 -> 0 | O42: =H42+J42+L42 -> 8 | P42: =IF(AVERAGE(H42,J42,L42)<6,(5),(ROUND(AVERAGE(H42,J42,L42),0))) -> 8 | R42: =IF(N42>20,"EXTRA","ORD") -> ORD
A43: 32 | C43: RAMOS | D43: SANTANA | E43: OSCAR SAMUEL | G43: 0 | H43: 6 | M43: =G43+I43+K43 -> 0 | N43: =(M43*100)/$P$8 -> 0 | O43: =H43+J43+L43 -> 6 | P43: =IF(AVERAGE(H43,J43,L43)<6,(5),(ROUND(AVERAGE(H43,J43,L43),0))) -> 6 | R43: =IF(N43>20,"EXTRA","ORD") -> ORD
A44: 33 | C44: RESENDIZ | D44: GODINEZ | E44: GAEL EMILIANO | G44: 0 | H44: 8 | M44: =G44+I44+K44 -> 0 | N44: =(M44*100)/$P$8 -> 0 | O44: =H44+J44+L44 -> 8 | P44: =IF(AVERAGE(H44,J44,L44)<6,(5),(ROUND(AVERAGE(H44,J44,L44),0))) -> 8 | R44: =IF(N44>20,"EXTRA","ORD") -> ORD
B45: 34 | C45: REYES | D45: ALLENDE | E45: ANA LILIA | G45: 2 | H45: 5 | M45: =G45+I45+K45 -> 2 | N45: =(M45*100)/$P$8 -> 13.333333 | O45: =H45+J45+L45 -> 5 | P45: =IF(AVERAGE(H45,J45,L45)<6,(5),(ROUND(AVERAGE(H45,J45,L45),0))) -> 5 | R45: =IF(N45>20,"EXTRA","ORD") -> ORD
B46: 35 | C46: REYES | D46: FUENTES | E46: ELIZABETH | G46: 0 | H46: 9 | M46: =G46+I46+K46 -> 0 | N46: =(M46*100)/$P$8 -> 0 | O46: =H46+J46+L46 -> 9 | P46: =IF(AVERAGE(H46,J46,L46)<6,(5),(ROUND(AVERAGE(H46,J46,L46),0))) -> 9 | R46: =IF(N46>20,"EXTRA","ORD") -> ORD
B47: 36 | C47: SANCHEZ | D47: MELENDEZ | E47: JACQUELINE | G47: 0 | H47: 8 | M47: =G47+I47+K47 -> 0 | N47: =(M47*100)/$P$8 -> 0 | O47: =H47+J47+L47 -> 8 | P47: =IF(AVERAGE(H47,J47,L47)<6,(5),(ROUND(AVERAGE(H47,J47,L47),0))) -> 8 | R47: =IF(N47>20,"EXTRA","ORD") -> ORD
A48: 37 | C48: SERRANO | D48: MAGALLON | E48: DIEGO | G48: 0 | H48: 10 | M48: =G48+I48+K48 -> 0 | N48: =(M48*100)/$P$8 -> 0 | O48: =H48+J48+L48 -> 10 | P48: =IF(AVERAGE(H48,J48,L48)<6,(5),(ROUND(AVERAGE(H48,J48,L48),0))) -> 10 | R48: =IF(N48>20,"EXTRA","ORD") -> ORD
A49: 38 | C49: SOSA | D49: ALCANTARA | E49: IAN MICHELLE | G49: 0 | H49: 7 | M49: =G49+I49+K49 -> 0 | N49: =(M49*100)/$P$8 -> 0 | O49: =H49+J49+L49 -> 7 | P49: =IF(AVERAGE(H49,J49,L49)<6,(5),(ROUND(AVERAGE(H49,J49,L49),0))) -> 7 | R49: =IF(N49>20,"EXTRA","ORD") -> ORD
A50: 39 | C50: SOTO | D50: CORTES | E50: ANGEL SEBASTIAN | G50: 0 | H50: 10 | M50: =G50+I50+K50 -> 0 | N50: =(M50*100)/$P$8 -> 0 | O50: =H50+J50+L50 -> 10 | P50: =IF(AVERAGE(H50,J50,L50)<6,(5),(ROUND(AVERAGE(H50,J50,L50),0))) -> 10 | R50: =IF(N50>20,"EXTRA","ORD") -> ORD
A51: 40 | C51: TLAPALAMATL | D51: GONZALEZ | E51: ANGEL ISRAEL | G51: 0 | H51: 7 | M51: =G51+I51+K51 -> 0 | N51: =(M51*100)/$P$8 -> 0 | O51: =H51+J51+L51 -> 7 | P51: =IF(AVERAGE(H51,J51,L51)<6,(5),(ROUND(AVERAGE(H51,J51,L51),0))) -> 7 | R51: =IF(N51>20,"EXTRA","ORD") -> ORD
B52: 41 | C52: TORRES | D52: LOPEZ | E52: ESMERALDA DANNAE | G52: 0 | H52: 7 | M52: =G52+I52+K52 -> 0 | N52: =(M52*100)/$P$8 -> 0 | O52: =H52+J52+L52 -> 7 | P52: =IF(AVERAGE(H52,J52,L52)<6,(5),(ROUND(AVERAGE(H52,J52,L52),0))) -> 7 | R52: =IF(N52>20,"EXTRA","ORD") -> ORD
A53: 42 | C53: VARGAS | D53: RODRIGUEZ | E53: PABLO | G53: 0 | H53: 8 | M53: =G53+I53+K53 -> 0 | N53: =(M53*100)/$P$8 -> 0 | O53: =H53+J53+L53 -> 8 | P53: =IF(AVERAGE(H53,J53,L53)<6,(5),(ROUND(AVERAGE(H53,J53,L53),0))) -> 8 | R53: =IF(N53>20,"EXTRA","ORD") -> ORD
B54: 43 | C54: VARGAS | D54: ROMERO | E54: MEDELIN YANDERI | G54: 0 | H54: 10 | M54: =G54+I54+K54 -> 0 | N54: =(M54*100)/$P$8 -> 0 | O54: =H54+J54+L54 -> 10 | P54: =IF(AVERAGE(H54,J54,L54)<6,(5),(ROUND(AVERAGE(H54,J54,L54),0))) -> 10 | R54: =IF(N54>20,"EXTRA","ORD") -> ORD
B55: 44 | C55: VEGA | D55: BARRON | E55: VALENTINA | G55: 0 | H55: 10 | M55: =G55+I55+K55 -> 0 | N55: =(M55*100)/$P$8 -> 0 | O55: =H55+J55+L55 -> 10 | P55: =IF(AVERAGE(H55,J55,L55)<6,(5),(ROUND(AVERAGE(H55,J55,L55),0))) -> 10 | R55: =IF(N55>20,"EXTRA","ORD") -> ORD
B56: 45 | C56: VELAZQUEZ | D56: MEJIA | E56: AYLIN DANIELA | G56: 0 | H56: 7 | M56: =G56+I56+K56 -> 0 | N56: =(M56*100)/$P$8 -> 0 | O56: =H56+J56+L56 -> 7 | P56: =IF(AVERAGE(H56,J56,L56)<6,(5),(ROUND(AVERAGE(H56,J56,L56),0))) -> 7 | R56: =IF(N56>20,"EXTRA","ORD") -> ORD
E57: Totales | G57: =SUM(G12:G56) -> 27 | H57: =AVERAGE(H12:H56) -> 7.7111111 | I57: =SUM(I12:I56) -> 0 | J57: =AVERAGE(J12:J56) -> #DIV/0! | K57: =SUM(K12:K56) -> 0 | L57: =AVERAGE(L12:L56) -> #DIV/0! | M57: =SUM(M12:M56) -> 27 | N57: PROMEDIO FINAL | P57: =AVERAGE(P6:P56) -> 7.7659574
A58: H | B58: M | E58: APROBADOS | H58: =COUNTIF(H12:H56,">5") -> 40 | J58: =COUNTIF(J12:J56,">5") -> 0 | L58: =COUNTIF(L12:L56,">5") -> 0 | N58: APROBADOS FINAL | P58: =COUNTIF(P12:P56,">5") -> 40
A59: =COUNT(A12:A56) -> 23 | B59: =COUNT(B12:B56) -> 22 | E59: REPROBADOS | H59: =COUNTIF(H12:H56,5) -> 5 | J59: =COUNTIF(J12:J56,5) -> 0 | L59: =COUNTIF(L12:L56,5) -> 0 | N59: EXTRAORDINARIOS | P59: =COUNTIF(P12:P56,5) -> 5
E60: % APROVECHAMIENTO | H60: =H58*100/H9 -> 88.888889 | J60: =J58*100/H9 -> 0 | L60: =L58*100/H9 -> 0 | N60: APROVECH FINAL | P60: =P58*100/H9 -> 88.888889
N61: % FALTAS | P61: =AVERAGE(N12:N56) -> 4
N62: % ASISTENCIA | P62: =100-P61 -> 96

Sheet 3-1 diseño digital
O1: HORAS IMPARTIDAS
C2: ORIENTADORA | D2: NEFATLÍ MARGARITA MORLÁN ORTÍZ | H2: ESCUELA PREPARATORIA OFICIAL NÚM.67 | O2: Febrero
H3: “2026. Año del Humanismo Mexicano en el Estado de México ”. | O3: Marzo | P3: 7
H4: CICLO ESCOLAR: 2025 -2026 | O4: Abril
E5: TURNO : | G5: MATUTINO | J5: Grado | K5: 3° | L5: Grupo | M5: 1 | O5: Mayo
E6: PROFESOR(A): | K6: UAC | L6: DISEÑO DIGITAL | O6: Junio
G7: HOMBRES | H7: =A59 -> 23 | O7: Julio | P7: 3
G8: MUJERES | H8: =B59 -> 22 | O8: TOTAL | P8: =SUM(P2:P7) -> 10
G9: TOTAL | H9: =H7+H8 -> 45
A10: N | B10: P | C10: NOMBRE DEL ALUMNO | G10: PRIMERA EVALUACIÓN | I10: SEGUNDA EVALUACIÓN | K10: TERCERA EVALUACIÓN | M10: EVALUACIÓN FINAL
A11: H | B11: M | G11: FALTAS | H11: CALIF. | I11: FALTAS | J11: CALIF. | K11: FALTAS | L11: CALIF. | M11: TOT. DE FALTAS | N11: % FALTAS | O11: TOTAL DE PUNTOS | P11: CALIF. FINAL | Q11: FIRMA DEL ALUMNO | R11: ESTATUS
A12: 1 | C12: ABARCA | D12: MELENDEZ | E12: ANDRES SAID | G12: 0 | H12: 7 | M12: =G12+I12+K12 -> 0 | N12: =(M12*100)/$P$8 -> 0 | O12: =H12+J12+L12 -> 7 | P12: =IF(AVERAGE(H12,J12,L12)<6,(5),(ROUND(AVERAGE(H12,J12,L12),0))) -> 7 | R12: =IF(N12>20,"EXTRA","ORD") -> ORD
B13: 2 | C13: ALCANTARA | D13: BELTRAN | E13: JESSICA | G13: 0 | H13: 10 | M13: =G13+I13+K13 -> 0 | N13: =(M13*100)/$P$8 -> 0 | O13: =H13+J13+L13 -> 10 | P13: =IF(AVERAGE(H13,J13,L13)<6,(5),(ROUND(AVERAGE(H13,J13,L13),0))) -> 10 | R13: =IF(N13>20,"EXTRA","ORD") -> ORD
A14: 3 | C14: ALVAREZ | D14: BERNALDO | E14: ANGEL ALBERTO | G14: 0 | H14: 10 | M14: =G14+I14+K14 -> 0 | N14: =(M14*100)/$P$8 -> 0 | O14: =H14+J14+L14 -> 10 | P14: =IF(AVERAGE(H14,J14,L14)<6,(5),(ROUND(AVERAGE(H14,J14,L14),0))) -> 10 | R14: =IF(N14>20,"EXTRA","ORD") -> ORD
B15: 4 | C15: ALVAREZ | D15: GONZALEZ | E15: ALLISON JADE | G15: 0 | H15: 6 | M15: =G15+I15+K15 -> 0 | N15: =(M15*100)/$P$8 -> 0 | O15: =H15+J15+L15 -> 6 | P15: =IF(AVERAGE(H15,J15,L15)<6,(5),(ROUND(AVERAGE(H15,J15,L15),0))) -> 6 | R15: =IF(N15>20,"EXTRA","ORD") -> ORD
A16: 5 | C16: ANZALDO | D16: MARTINEZ | E16: NAYONEL YAEL | G16: 0 | H16: 8 | M16: =G16+I16+K16 -> 0 | N16: =(M16*100)/$P$8 -> 0 | O16: =H16+J16+L16 -> 8 | P16: =IF(AVERAGE(H16,J16,L16)<6,(5),(ROUND(AVERAGE(H16,J16,L16),0))) -> 8 | R16: =IF(N16>20,"EXTRA","ORD") -> ORD
A17: 6 | C17: AVILA | D17: ESCAMILLA | E17: JUSTIN YAHEL | G17: 21 | H17: 8 | M17: =G17+I17+K17 -> 21 | N17: =(M17*100)/$P$8 -> 210 | O17: =H17+J17+L17 -> 8 | P17: =IF(AVERAGE(H17,J17,L17)<6,(5),(ROUND(AVERAGE(H17,J17,L17),0))) -> 8 | R17: =IF(N17>20,"EXTRA","ORD") -> EXTRA
A18: 7 | C18: AYALA | D18: LARA | E18: ISAAC | G18: 0 | H18: 8 | M18: =G18+I18+K18 -> 0 | N18: =(M18*100)/$P$8 -> 0 | O18: =H18+J18+L18 -> 8 | P18: =IF(AVERAGE(H18,J18,L18)<6,(5),(ROUND(AVERAGE(H18,J18,L18),0))) -> 8 | R18: =IF(N18>20,"EXTRA","ORD") -> ORD
B19: 8 | C19: BATRES | D19: CERDA | E19: MARIA DEL PILAR | G19: 0 | H19: 10 | M19: =G19+I19+K19 -> 0 | N19: =(M19*100)/$P$8 -> 0 | O19: =H19+J19+L19 -> 10 | P19: =IF(AVERAGE(H19,J19,L19)<6,(5),(ROUND(AVERAGE(H19,J19,L19),0))) -> 10 | R19: =IF(N19>20,"EXTRA","ORD") -> ORD
A20: 9 | C20: BONILLA | D20: TREJO | E20: FRANCISCO TONATIUH | G20: 0 | H20: 5 | M20: =G20+I20+K20 -> 0 | N20: =(M20*100)/$P$8 -> 0 | O20: =H20+J20+L20 -> 5 | P20: =IF(AVERAGE(H20,J20,L20)<6,(5),(ROUND(AVERAGE(H20,J20,L20),0))) -> 5 | R20: =IF(N20>20,"EXTRA","ORD") -> ORD
A21: 10 | C21: CABRERA | D21: MARTINEZ | E21: JESUS ADRIAN | G21: 0 | H21: 10 | M21: =G21+I21+K21 -> 0 | N21: =(M21*100)/$P$8 -> 0 | O21: =H21+J21+L21 -> 10 | P21: =IF(AVERAGE(H21,J21,L21)<6,(5),(ROUND(AVERAGE(H21,J21,L21),0))) -> 10 | R21: =IF(N21>20,"EXTRA","ORD") -> ORD
B22: 11 | C22: CARDONA | D22: ZARATE | E22: JULIA EMILY | G22: 0 | H22: 8 | M22: =G22+I22+K22 -> 0 | N22: =(M22*100)/$P$8 -> 0 | O22: =H22+J22+L22 -> 8 | P22: =IF(AVERAGE(H22,J22,L22)<6,(5),(ROUND(AVERAGE(H22,J22,L22),0))) -> 8 | R22: =IF(N22>20,"EXTRA","ORD") -> ORD
A23: 12 | C23: CASALES | D23: LORANCA | E23: EDSON | G23: 0 | H23: 6 | M23: =G23+I23+K23 -> 0 | N23: =(M23*100)/$P$8 -> 0 | O23: =H23+J23+L23 -> 6 | P23: =IF(AVERAGE(H23,J23,L23)<6,(5),(ROUND(AVERAGE(H23,J23,L23),0))) -> 6 | R23: =IF(N23>20,"EXTRA","ORD") -> ORD
A24: 13 | C24: CRUZ | D24: GARCÍA | E24: PEDRO YASHIR | G24: 0 | H24: 5 | M24: =G24+I24+K24 -> 0 | N24: =(M24*100)/$P$8 -> 0 | O24: =H24+J24+L24 -> 5 | P24: =IF(AVERAGE(H24,J24,L24)<6,(5),(ROUND(AVERAGE(H24,J24,L24),0))) -> 5 | R24: =IF(N24>20,"EXTRA","ORD") -> ORD
B25: 14 | C25: FUENTES | D25: VALADEZ | E25: ALEXIA DANNAE | G25: 0 | H25: 10 | M25: =G25+I25+K25 -> 0 | N25: =(M25*100)/$P$8 -> 0 | O25: =H25+J25+L25 -> 10 | P25: =IF(AVERAGE(H25,J25,L25)<6,(5),(ROUND(AVERAGE(H25,J25,L25),0))) -> 10 | R25: =IF(N25>20,"EXTRA","ORD") -> ORD
A26: 15 | C26: GARCIA | D26: RANGEL | E26: ADRIAN | G26: 0 | H26: 10 | M26: =G26+I26+K26 -> 0 | N26: =(M26*100)/$P$8 -> 0 | O26: =H26+J26+L26 -> 10 | P26: =IF(AVERAGE(H26,J26,L26)<6,(5),(ROUND(AVERAGE(H26,J26,L26),0))) -> 10 | R26: =IF(N26>20,"EXTRA","ORD") -> ORD
B27: 16 | C27: GOMEZ | D27: ARREDONDO | E27: AMERICA NAOMI | G27: 0 | H27: 5 | M27: =G27+I27+K27 -> 0 | N27: =(M27*100)/$P$8 -> 0 | O27: =H27+J27+L27 -> 5 | P27: =IF(AVERAGE(H27,J27,L27)<6,(5),(ROUND(AVERAGE(H27,J27,L27),0))) -> 5 | R27: =IF(N27>20,"EXTRA","ORD") -> ORD
B28: 17 | C28: GOMEZ | D28: VAZQUEZ | E28: BIBIANA | G28: 0 | H28: 7 | M28: =G28+I28+K28 -> 0 | N28: =(M28*100)/$P$8 -> 0 | O28: =H28+J28+L28 -> 7 | P28: =IF(AVERAGE(H28,J28,L28)<6,(5),(ROUND(AVERAGE(H28,J28,L28),0))) -> 7 | R28: =IF(N28>20,"EXTRA","ORD") -> ORD
B29: 18 | C29: GONZALEZ | D29: REYNA | E29: PAULA EDITH | G29: 0 | H29: 6 | M29: =G29+I29+K29 -> 0 | N29: =(M29*100)/$P$8 -> 0 | O29: =H29+J29+L29 -> 6 | P29: =IF(AVERAGE(H29,J29,L29)<6,(5),(ROUND(AVERAGE(H29,J29,L29),0))) -> 6 | R29: =IF(N29>20,"EXTRA","ORD") -> ORD
A30: 19 | C30: HERNANDEZ | D30: CHAVEZ | E30: DEREK | G30: 1 | H30: 6 | M30: =G30+I30+K30 -> 1 | N30: =(M30*100)/$P$8 -> 10 | O30: =H30+J30+L30 -> 6 | P30: =IF(AVERAGE(H30,J30,L30)<6,(5),(ROUND(AVERAGE(H30,J30,L30),0))) -> 6 | R30: =IF(N30>20,"EXTRA","ORD") -> ORD
B31: 20 | C31: HERNANDEZ | D31: LEDEZMA | E31: IRIARY GUADALUPE | G31: 0 | H31: 10 | M31: =G31+I31+K31 -> 0 | N31: =(M31*100)/$P$8 -> 0 | O31: =H31+J31+L31 -> 10 | P31: =IF(AVERAGE(H31,J31,L31)<6,(5),(ROUND(AVERAGE(H31,J31,L31),0))) -> 10 | R31: =IF(N31>20,"EXTRA","ORD") -> ORD
A32: 21 | C32: JARALEÑO | D32: BLANCO | E32: IRVING GAEL | G32: 0 | H32: 9 | M32: =G32+I32+K32 -> 0 | N32: =(M32*100)/$P$8 -> 0 | O32: =H32+J32+L32 -> 9 | P32: =IF(AVERAGE(H32,J32,L32)<6,(5),(ROUND(AVERAGE(H32,J32,L32),0))) -> 9 | R32: =IF(N32>20,"EXTRA","ORD") -> ORD
B33: 22 | C33: LIMA | D33: ACEVES | E33: DAFNE ERIN | G33: 0 | H33: 6 | M33: =G33+I33+K33 -> 0 | N33: =(M33*100)/$P$8 -> 0 | O33: =H33+J33+L33 -> 6 | P33: =IF(AVERAGE(H33,J33,L33)<6,(5),(ROUND(AVERAGE(H33,J33,L33),0))) -> 6 | R33: =IF(N33>20,"EXTRA","ORD") -> ORD
B34: 23 | C34: LOPEZ | D34: GODINEZ | E34: AZUL XIMENA | G34: 1 | H34: 5 | M34: =G34+I34+K34 -> 1 | N34: =(M34*100)/$P$8 -> 10 | O34: =H34+J34+L34 -> 5 | P34: =IF(AVERAGE(H34,J34,L34)<6,(5),(ROUND(AVERAGE(H34,J34,L34),0))) -> 5 | R34: =IF(N34>20,"EXTRA","ORD") -> ORD
A35: 24 | C35: LUGO | D35: GONZALEZ | E35: LUIS DARIO | G35: 2 | H35: 7 | M35: =G35+I35+K35 -> 2 | N35: =(M35*100)/$P$8 -> 20 | O35: =H35+J35+L35 -> 7 | P35: =IF(AVERAGE(H35,J35,L35)<6,(5),(ROUND(AVERAGE(H35,J35,L35),0))) -> 7 | R35: =IF(N35>20,"EXTRA","ORD") -> ORD
A36: 25 | C36: MARQUEZ | D36: YAÑEZ | E36: ISRAEL | G36: 0 | H36: 7 | M36: =G36+I36+K36 -> 0 | N36: =(M36*100)/$P$8 -> 0 | O36: =H36+J36+L36 -> 7 | P36: =IF(AVERAGE(H36,J36,L36)<6,(5),(ROUND(AVERAGE(H36,J36,L36),0))) -> 7 | R36: =IF(N36>20,"EXTRA","ORD") -> ORD
A37: 26 | C37: MARTINEZ | D37: MONTERO | E37: ANGEL YAIR | G37: 0 | H37: 7 | M37: =G37+I37+K37 -> 0 | N37: =(M37*100)/$P$8 -> 0 | O37: =H37+J37+L37 -> 7 | P37: =IF(AVERAGE(H37,J37,L37)<6,(5),(ROUND(AVERAGE(H37,J37,L37),0))) -> 7 | R37: =IF(N37>20,"EXTRA","ORD") -> ORD
A38: 27 | C38: MENDOZA | D38: CRUZ | E38: IAN YAMIL | G38: 0 | H38: 7 | M38: =G38+I38+K38 -> 0 | N38: =(M38*100)/$P$8 -> 0 | O38: =H38+J38+L38 -> 7 | P38: =IF(AVERAGE(H38,J38,L38)<6,(5),(ROUND(AVERAGE(H38,J38,L38),0))) -> 7 | R38: =IF(N38>20,"EXTRA","ORD") -> ORD
B39: 28 | C39: MONTOYA | D39: LOPEZ | E39: WENDY MARIEL | G39: 0 | H39: 8 | M39: =G39+I39+K39 -> 0 | N39: =(M39*100)/$P$8 -> 0 | O39: =H39+J39+L39 -> 8 | P39: =IF(AVERAGE(H39,J39,L39)<6,(5),(ROUND(AVERAGE(H39,J39,L39),0))) -> 8 | R39: =IF(N39>20,"EXTRA","ORD") -> ORD
B40: 29 | C40: MORA | D40: SORIANO | E40: GIANNINA | G40: 0 | H40: 8 | M40: =G40+I40+K40 -> 0 | N40: =(M40*100)/$P$8 -> 0 | O40: =H40+J40+L40 -> 8 | P40: =IF(AVERAGE(H40,J40,L40)<6,(5),(ROUND(AVERAGE(H40,J40,L40),0))) -> 8 | R40: =IF(N40>20,"EXTRA","ORD") -> ORD
B41: 30 | C41: PAZ | D41: GUTIERREZ | E41: NADIA PAMELA | G41: 0 | H41: 8 | M41: =G41+I41+K41 -> 0 | N41: =(M41*100)/$P$8 -> 0 | O41: =H41+J41+L41 -> 8 | P41: =IF(AVERAGE(H41,J41,L41)<6,(5),(ROUND(AVERAGE(H41,J41,L41),0))) -> 8 | R41: =IF(N41>20,"EXTRA","ORD") -> ORD
B42: 31 | C42: RAMIREZ | D42: MALDONADO | E42: DULCE MONTSERRAT | G42: 0 | H42: 8 | M42: =G42+I42+K42 -> 0 | N42: =(M42*100)/$P$8 -> 0 | O42: =H42+J42+L42 -> 8 | P42: =IF(AVERAGE(H42,J42,L42)<6,(5),(ROUND(AVERAGE(H42,J42,L42),0))) -> 8 | R42: =IF(N42>20,"EXTRA","ORD") -> ORD
A43: 32 | C43: RAMOS | D43: SANTANA | E43: OSCAR SAMUEL | G43: 0 | H43: 6 | M43: =G43+I43+K43 -> 0 | N43: =(M43*100)/$P$8 -> 0 | O43: =H43+J43+L43 -> 6 | P43: =IF(AVERAGE(H43,J43,L43)<6,(5),(ROUND(AVERAGE(H43,J43,L43),0))) -> 6 | R43: =IF(N43>20,"EXTRA","ORD") -> ORD
A44: 33 | C44: RESENDIZ | D44: GODINEZ | E44: GAEL EMILIANO | G44: 0 | H44: 8 | M44: =G44+I44+K44 -> 0 | N44: =(M44*100)/$P$8 -> 0 | O44: =H44+J44+L44 -> 8 | P44: =IF(AVERAGE(H44,J44,L44)<6,(5),(ROUND(AVERAGE(H44,J44,L44),0))) -> 8 | R44: =IF(N44>20,"EXTRA","ORD") -> ORD
B45: 34 | C45: REYES | D45: ALLENDE | E45: ANA LILIA | G45: 2 | H45: 5 | M45: =G45+I45+K45 -> 2 | N45: =(M45*100)/$P$8 -> 20 | O45: =H45+J45+L45 -> 5 | P45: =IF(AVERAGE(H45,J45,L45)<6,(5),(ROUND(AVERAGE(H45,J45,L45),0))) -> 5 | R45: =IF(N45>20,"EXTRA","ORD") -> ORD
B46: 35 | C46: REYES | D46: FUENTES | E46: ELIZABETH | G46: 0 | H46: 9 | M46: =G46+I46+K46 -> 0 | N46: =(M46*100)/$P$8 -> 0 | O46: =H46+J46+L46 -> 9 | P46: =IF(AVERAGE(H46,J46,L46)<6,(5),(ROUND(AVERAGE(H46,J46,L46),0))) -> 9 | R46: =IF(N46>20,"EXTRA","ORD") -> ORD
B47: 36 | C47: SANCHEZ | D47: MELENDEZ | E47: JACQUELINE | G47: 0 | H47: 8 | M47: =G47+I47+K47 -> 0 | N47: =(M47*100)/$P$8 -> 0 | O47: =H47+J47+L47 -> 8 | P47: =IF(AVERAGE(H47,J47,L47)<6,(5),(ROUND(AVERAGE(H47,J47,L47),0))) -> 8 | R47: =IF(N47>20,"EXTRA","ORD") -> ORD
A48: 37 | C48: SERRANO | D48: MAGALLON | E48: DIEGO | G48: 0 | H48: 10 | M48: =G48+I48+K48 -> 0 | N48: =(M48*100)/$P$8 -> 0 | O48: =H48+J48+L48 -> 10 | P48: =IF(AVERAGE(H48,J48,L48)<6,(5),(ROUND(AVERAGE(H48,J48,L48),0))) -> 10 | R48: =IF(N48>20,"EXTRA","ORD") -> ORD
A49: 38 | C49: SOSA | D49: ALCANTARA | E49: IAN MICHELLE | G49: 0 | H49: 7 | M49: =G49+I49+K49 -> 0 | N49: =(M49*100)/$P$8 -> 0 | O49: =H49+J49+L49 -> 7 | P49: =IF(AVERAGE(H49,J49,L49)<6,(5),(ROUND(AVERAGE(H49,J49,L49),0))) -> 7 | R49: =IF(N49>20,"EXTRA","ORD") -> ORD
A50: 39 | C50: SOTO | D50: CORTES | E50: ANGEL SEBASTIAN | G50: 0 | H50: 10 | M50: =G50+I50+K50 -> 0 | N50: =(M50*100)/$P$8 -> 0 | O50: =H50+J50+L50 -> 10 | P50: =IF(AVERAGE(H50,J50,L50)<6,(5),(ROUND(AVERAGE(H50,J50,L50),0))) -> 10 | R50: =IF(N50>20,"EXTRA","ORD") -> ORD
A51: 40 | C51: TLAPALAMATL | D51: GONZALEZ | E51: ANGEL ISRAEL | G51: 0 | H51: 7 | M51: =G51+I51+K51 -> 0 | N51: =(M51*100)/$P$8 -> 0 | O51: =H51+J51+L51 -> 7 | P51: =IF(AVERAGE(H51,J51,L51)<6,(5),(ROUND(AVERAGE(H51,J51,L51),0))) -> 7 | R51: =IF(N51>20,"EXTRA","ORD") -> ORD
B52: 41 | C52: TORRES | D52: LOPEZ | E52: ESMERALDA DANNAE | G52: 0 | H52: 7 | M52: =G52+I52+K52 -> 0 | N52: =(M52*100)/$P$8 -> 0 | O52: =H52+J52+L52 -> 7 | P52: =IF(AVERAGE(H52,J52,L52)<6,(5),(ROUND(AVERAGE(H52,J52,L52),0))) -> 7 | R52: =IF(N52>20,"EXTRA","ORD") -> ORD
A53: 42 | C53: VARGAS | D53: RODRIGUEZ | E53: PABLO | G53: 0 | H53: 8 | M53: =G53+I53+K53 -> 0 | N53: =(M53*100)/$P$8 -> 0 | O53: =H53+J53+L53 -> 8 | P53: =IF(AVERAGE(H53,J53,L53)<6,(5),(ROUND(AVERAGE(H53,J53,L53),0))) -> 8 | R53: =IF(N53>20,"EXTRA","ORD") -> ORD
B54: 43 | C54: VARGAS | D54: ROMERO | E54: MEDELIN YANDERI | G54: 0 | H54: 10 | M54: =G54+I54+K54 -> 0 | N54: =(M54*100)/$P$8 -> 0 | O54: =H54+J54+L54 -> 10 | P54: =IF(AVERAGE(H54,J54,L54)<6,(5),(ROUND(AVERAGE(H54,J54,L54),0))) -> 10 | R54: =IF(N54>20,"EXTRA","ORD") -> ORD
B55: 44 | C55: VEGA | D55: BARRON | E55: VALENTINA | G55: 0 | H55: 10 | M55: =G55+I55+K55 -> 0 | N55: =(M55*100)/$P$8 -> 0 | O55: =H55+J55+L55 -> 10 | P55: =IF(AVERAGE(H55,J55,L55)<6,(5),(ROUND(AVERAGE(H55,J55,L55),0))) -> 10 | R55: =IF(N55>20,"EXTRA","ORD") -> ORD
B56: 45 | C56: VELAZQUEZ | D56: MEJIA | E56: AYLIN DANIELA | G56: 0 | H56: 7 | M56: =G56+I56+K56 -> 0 | N56: =(M56*100)/$P$8 -> 0 | O56: =H56+J56+L56 -> 7 | P56: =IF(AVERAGE(H56,J56,L56)<6,(5),(ROUND(AVERAGE(H56,J56,L56),0))) -> 7 | R56: =IF(N56>20,"EXTRA","ORD") -> ORD
E57: Totales | G57: =SUM(G12:G56) -> 27 | H57: =AVERAGE(H12:H56) -> 7.7111111 | I57: =SUM(I12:I56) -> 0 | J57: =AVERAGE(J12:J56) -> #DIV/0! | K57: =SUM(K12:K56) -> 0 | L57: =AVERAGE(L12:L56) -> #DIV/0! | M57: =SUM(M12:M56) -> 27 | N57: PROMEDIO FINAL | P57: =AVERAGE(P6:P56) -> 7.6595745
A58: H | B58: M | E58: APROBADOS | H58: =COUNTIF(H12:H56,">5") -> 40 | J58: =COUNTIF(J12:J56,">5") -> 0 | L58: =COUNTIF(L12:L56,">5") -> 0 | N58: APROBADOS FINAL | P58: =COUNTIF(P12:P56,">5") -> 40
A59: =COUNT(A12:A56) -> 23 | B59: =COUNT(B12:B56) -> 22 | E59: REPROBADOS | H59: =COUNTIF(H12:H56,5) -> 5 | J59: =COUNTIF(J12:J56,5) -> 0 | L59: =COUNTIF(L12:L56,5) -> 0 | N59: EXTRAORDINARIOS | P59: =COUNTIF(P12:P56,5) -> 5
E60: % APROVECHAMIENTO | H60: =H58*100/H9 -> 88.888889 | J60: =J58*100/H9 -> 0 | L60: =L58*100/H9 -> 0 | N60: APROVECH FINAL | P60: =P58*100/H9 -> 88.888889
N61: % FALTAS | P61: =AVERAGE(N12:N56) -> 6
N62: % ASISTENCIA | P62: =100-P61 -> 94

Sheet 3-1 economia i
O1: HORAS IMPARTIDAS
C2: ORIENTADORA | D2: NEFATLÍ MARGARITA MORLÁN ORTÍZ | H2: ESCUELA PREPARATORIA OFICIAL NÚM.67 | O2: Febrero
H3: “2026. Año del Humanismo Mexicano en el Estado de México ”. | O3: Marzo
H4: CICLO ESCOLAR: 2025 -2026 | O4: Abril | P4: 9
E5: TURNO : | G5: MATUTINO | J5: Grado | K5: 3° | L5: Grupo | M5: 1 | O5: Mayo
E6: PROFESOR(A): | K6: UAC | L6: ECONOMÍA I | O6: Junio
G7: HOMBRES | H7: =A59 -> 23 | O7: Julio | P7: 3
G8: MUJERES | H8: =B59 -> 22 | O8: TOTAL | P8: =SUM(P2:P7) -> 12
G9: TOTAL | H9: =H7+H8 -> 45
A10: N | B10: P | C10: NOMBRE DEL ALUMNO | G10: PRIMERA EVALUACIÓN | I10: SEGUNDA EVALUACIÓN | K10: TERCERA EVALUACIÓN | M10: EVALUACIÓN FINAL
A11: H | B11: M | G11: FALTAS | H11: CALIF. | I11: FALTAS | J11: CALIF. | K11: FALTAS | L11: CALIF. | M11: TOT. DE FALTAS | N11: % FALTAS | O11: TOTAL DE PUNTOS | P11: CALIF. FINAL | Q11: FIRMA DEL ALUMNO | R11: ESTATUS
A12: 1 | C12: ABARCA | D12: MELENDEZ | E12: ANDRES SAID | G12: 0 | H12: 7 | M12: =G12+I12+K12 -> 0 | N12: =(M12*100)/$P$8 -> 0 | O12: =H12+J12+L12 -> 7 | P12: =IF(AVERAGE(H12,J12,L12)<6,(5),(ROUND(AVERAGE(H12,J12,L12),0))) -> 7 | R12: =IF(N12>20,"EXTRA","ORD") -> ORD
B13: 2 | C13: ALCANTARA | D13: BELTRAN | E13: JESSICA | G13: 0 | H13: 10 | M13: =G13+I13+K13 -> 0 | N13: =(M13*100)/$P$8 -> 0 | O13: =H13+J13+L13 -> 10 | P13: =IF(AVERAGE(H13,J13,L13)<6,(5),(ROUND(AVERAGE(H13,J13,L13),0))) -> 10 | R13: =IF(N13>20,"EXTRA","ORD") -> ORD
A14: 3 | C14: ALVAREZ | D14: BERNALDO | E14: ANGEL ALBERTO | G14: 0 | H14: 10 | M14: =G14+I14+K14 -> 0 | N14: =(M14*100)/$P$8 -> 0 | O14: =H14+J14+L14 -> 10 | P14: =IF(AVERAGE(H14,J14,L14)<6,(5),(ROUND(AVERAGE(H14,J14,L14),0))) -> 10 | R14: =IF(N14>20,"EXTRA","ORD") -> ORD
B15: 4 | C15: ALVAREZ | D15: GONZALEZ | E15: ALLISON JADE | G15: 0 | H15: 6 | M15: =G15+I15+K15 -> 0 | N15: =(M15*100)/$P$8 -> 0 | O15: =H15+J15+L15 -> 6 | P15: =IF(AVERAGE(H15,J15,L15)<6,(5),(ROUND(AVERAGE(H15,J15,L15),0))) -> 6 | R15: =IF(N15>20,"EXTRA","ORD") -> ORD
A16: 5 | C16: ANZALDO | D16: MARTINEZ | E16: NAYONEL YAEL | G16: 0 | H16: 8 | M16: =G16+I16+K16 -> 0 | N16: =(M16*100)/$P$8 -> 0 | O16: =H16+J16+L16 -> 8 | P16: =IF(AVERAGE(H16,J16,L16)<6,(5),(ROUND(AVERAGE(H16,J16,L16),0))) -> 8 | R16: =IF(N16>20,"EXTRA","ORD") -> ORD
A17: 6 | C17: AVILA | D17: ESCAMILLA | E17: JUSTIN YAHEL | G17: 21 | H17: 8 | M17: =G17+I17+K17 -> 21 | N17: =(M17*100)/$P$8 -> 175 | O17: =H17+J17+L17 -> 8 | P17: =IF(AVERAGE(H17,J17,L17)<6,(5),(ROUND(AVERAGE(H17,J17,L17),0))) -> 8 | R17: =IF(N17>20,"EXTRA","ORD") -> EXTRA
A18: 7 | C18: AYALA | D18: LARA | E18: ISAAC | G18: 0 | H18: 8 | M18: =G18+I18+K18 -> 0 | N18: =(M18*100)/$P$8 -> 0 | O18: =H18+J18+L18 -> 8 | P18: =IF(AVERAGE(H18,J18,L18)<6,(5),(ROUND(AVERAGE(H18,J18,L18),0))) -> 8 | R18: =IF(N18>20,"EXTRA","ORD") -> ORD
B19: 8 | C19: BATRES | D19: CERDA | E19: MARIA DEL PILAR | G19: 0 | H19: 10 | M19: =G19+I19+K19 -> 0 | N19: =(M19*100)/$P$8 -> 0 | O19: =H19+J19+L19 -> 10 | P19: =IF(AVERAGE(H19,J19,L19)<6,(5),(ROUND(AVERAGE(H19,J19,L19),0))) -> 10 | R19: =IF(N19>20,"EXTRA","ORD") -> ORD
A20: 9 | C20: BONILLA | D20: TREJO | E20: FRANCISCO TONATIUH | G20: 0 | H20: 5 | M20: =G20+I20+K20 -> 0 | N20: =(M20*100)/$P$8 -> 0 | O20: =H20+J20+L20 -> 5 | P20: =IF(AVERAGE(H20,J20,L20)<6,(5),(ROUND(AVERAGE(H20,J20,L20),0))) -> 5 | R20: =IF(N20>20,"EXTRA","ORD") -> ORD
A21: 10 | C21: CABRERA | D21: MARTINEZ | E21: JESUS ADRIAN | G21: 0 | H21: 10 | M21: =G21+I21+K21 -> 0 | N21: =(M21*100)/$P$8 -> 0 | O21: =H21+J21+L21 -> 10 | P21: =IF(AVERAGE(H21,J21,L21)<6,(5),(ROUND(AVERAGE(H21,J21,L21),0))) -> 10 | R21: =IF(N21>20,"EXTRA","ORD") -> ORD
B22: 11 | C22: CARDONA | D22: ZARATE | E22: JULIA EMILY | G22: 0 | H22: 8 | M22: =G22+I22+K22 -> 0 | N22: =(M22*100)/$P$8 -> 0 | O22: =H22+J22+L22 -> 8 | P22: =IF(AVERAGE(H22,J22,L22)<6,(5),(ROUND(AVERAGE(H22,J22,L22),0))) -> 8 | R22: =IF(N22>20,"EXTRA","ORD") -> ORD
A23: 12 | C23: CASALES | D23: LORANCA | E23: EDSON | G23: 0 | H23: 6 | M23: =G23+I23+K23 -> 0 | N23: =(M23*100)/$P$8 -> 0 | O23: =H23+J23+L23 -> 6 | P23: =IF(AVERAGE(H23,J23,L23)<6,(5),(ROUND(AVERAGE(H23,J23,L23),0))) -> 6 | R23: =IF(N23>20,"EXTRA","ORD") -> ORD
A24: 13 | C24: CRUZ | D24: GARCÍA | E24: PEDRO YASHIR | G24: 0 | H24: 5 | M24: =G24+I24+K24 -> 0 | N24: =(M24*100)/$P$8 -> 0 | O24: =H24+J24+L24 -> 5 | P24: =IF(AVERAGE(H24,J24,L24)<6,(5),(ROUND(AVERAGE(H24,J24,L24),0))) -> 5 | R24: =IF(N24>20,"EXTRA","ORD") -> ORD
B25: 14 | C25: FUENTES | D25: VALADEZ | E25: ALEXIA DANNAE | G25: 0 | H25: 10 | M25: =G25+I25+K25 -> 0 | N25: =(M25*100)/$P$8 -> 0 | O25: =H25+J25+L25 -> 10 | P25: =IF(AVERAGE(H25,J25,L25)<6,(5),(ROUND(AVERAGE(H25,J25,L25),0))) -> 10 | R25: =IF(N25>20,"EXTRA","ORD") -> ORD
A26: 15 | C26: GARCIA | D26: RANGEL | E26: ADRIAN | G26: 0 | H26: 10 | M26: =G26+I26+K26 -> 0 | N26: =(M26*100)/$P$8 -> 0 | O26: =H26+J26+L26 -> 10 | P26: =IF(AVERAGE(H26,J26,L26)<6,(5),(ROUND(AVERAGE(H26,J26,L26),0))) -> 10 | R26: =IF(N26>20,"EXTRA","ORD") -> ORD
B27: 16 | C27: GOMEZ | D27: ARREDONDO | E27: AMERICA NAOMI | G27: 0 | H27: 5 | M27: =G27+I27+K27 -> 0 | N27: =(M27*100)/$P$8 -> 0 | O27: =H27+J27+L27 -> 5 | P27: =IF(AVERAGE(H27,J27,L27)<6,(5),(ROUND(AVERAGE(H27,J27,L27),0))) -> 5 | R27: =IF(N27>20,"EXTRA","ORD") -> ORD
B28: 17 | C28: GOMEZ | D28: VAZQUEZ | E28: BIBIANA | G28: 0 | H28: 7 | M28: =G28+I28+K28 -> 0 | N28: =(M28*100)/$P$8 -> 0 | O28: =H28+J28+L28 -> 7 | P28: =IF(AVERAGE(H28,J28,L28)<6,(5),(ROUND(AVERAGE(H28,J28,L28),0))) -> 7 | R28: =IF(N28>20,"EXTRA","ORD") -> ORD
B29: 18 | C29: GONZALEZ | D29: REYNA | E29: PAULA EDITH | G29: 0 | H29: 6 | M29: =G29+I29+K29 -> 0 | N29: =(M29*100)/$P$8 -> 0 | O29: =H29+J29+L29 -> 6 | P29: =IF(AVERAGE(H29,J29,L29)<6,(5),(ROUND(AVERAGE(H29,J29,L29),0))) -> 6 | R29: =IF(N29>20,"EXTRA","ORD") -> ORD
A30: 19 | C30: HERNANDEZ | D30: CHAVEZ | E30: DEREK | G30: 1 | H30: 6 | M30: =G30+I30+K30 -> 1 | N30: =(M30*100)/$P$8 -> 8.3333333 | O30: =H30+J30+L30 -> 6 | P30: =IF(AVERAGE(H30,J30,L30)<6,(5),(ROUND(AVERAGE(H30,J30,L30),0))) -> 6 | R30: =IF(N30>20,"EXTRA","ORD") -> ORD
B31: 20 | C31: HERNANDEZ | D31: LEDEZMA | E31: IRIARY GUADALUPE | G31: 0 | H31: 10 | M31: =G31+I31+K31 -> 0 | N31: =(M31*100)/$P$8 -> 0 | O31: =H31+J31+L31 -> 10 | P31: =IF(AVERAGE(H31,J31,L31)<6,(5),(ROUND(AVERAGE(H31,J31,L31),0))) -> 10 | R31: =IF(N31>20,"EXTRA","ORD") -> ORD
A32: 21 | C32: JARALEÑO | D32: BLANCO | E32: IRVING GAEL | G32: 0 | H32: 9 | M32: =G32+I32+K32 -> 0 | N32: =(M32*100)/$P$8 -> 0 | O32: =H32+J32+L32 -> 9 | P32: =IF(AVERAGE(H32,J32,L32)<6,(5),(ROUND(AVERAGE(H32,J32,L32),0))) -> 9 | R32: =IF(N32>20,"EXTRA","ORD") -> ORD
B33: 22 | C33: LIMA | D33: ACEVES | E33: DAFNE ERIN | G33: 0 | H33: 6 | M33: =G33+I33+K33 -> 0 | N33: =(M33*100)/$P$8 -> 0 | O33: =H33+J33+L33 -> 6 | P33: =IF(AVERAGE(H33,J33,L33)<6,(5),(ROUND(AVERAGE(H33,J33,L33),0))) -> 6 | R33: =IF(N33>20,"EXTRA","ORD") -> ORD
B34: 23 | C34: LOPEZ | D34: GODINEZ | E34: AZUL XIMENA | G34: 1 | H34: 5 | M34: =G34+I34+K34 -> 1 | N34: =(M34*100)/$P$8 -> 8.3333333 | O34: =H34+J34+L34 -> 5 | P34: =IF(AVERAGE(H34,J34,L34)<6,(5),(ROUND(AVERAGE(H34,J34,L34),0))) -> 5 | R34: =IF(N34>20,"EXTRA","ORD") -> ORD
A35: 24 | C35: LUGO | D35: GONZALEZ | E35: LUIS DARIO | G35: 2 | H35: 7 | M35: =G35+I35+K35 -> 2 | N35: =(M35*100)/$P$8 -> 16.666667 | O35: =H35+J35+L35 -> 7 | P35: =IF(AVERAGE(H35,J35,L35)<6,(5),(ROUND(AVERAGE(H35,J35,L35),0))) -> 7 | R35: =IF(N35>20,"EXTRA","ORD") -> ORD
A36: 25 | C36: MARQUEZ | D36: YAÑEZ | E36: ISRAEL | G36: 0 | H36: 7 | M36: =G36+I36+K36 -> 0 | N36: =(M36*100)/$P$8 -> 0 | O36: =H36+J36+L36 -> 7 | P36: =IF(AVERAGE(H36,J36,L36)<6,(5),(ROUND(AVERAGE(H36,J36,L36),0))) -> 7 | R36: =IF(N36>20,"EXTRA","ORD") -> ORD
A37: 26 | C37: MARTINEZ | D37: MONTERO | E37: ANGEL YAIR | G37: 0 | H37: 7 | M37: =G37+I37+K37 -> 0 | N37: =(M37*100)/$P$8 -> 0 | O37: =H37+J37+L37 -> 7 | P37: =IF(AVERAGE(H37,J37,L37)<6,(5),(ROUND(AVERAGE(H37,J37,L37),0))) -> 7 | R37: =IF(N37>20,"EXTRA","ORD") -> ORD
A38: 27 | C38: MENDOZA | D38: CRUZ | E38: IAN YAMIL | G38: 0 | H38: 7 | M38: =G38+I38+K38 -> 0 | N38: =(M38*100)/$P$8 -> 0 | O38: =H38+J38+L38 -> 7 | P38: =IF(AVERAGE(H38,J38,L38)<6,(5),(ROUND(AVERAGE(H38,J38,L38),0))) -> 7 | R38: =IF(N38>20,"EXTRA","ORD") -> ORD
B39: 28 | C39: MONTOYA | D39: LOPEZ | E39: WENDY MARIEL | G39: 0 | H39: 8 | M39: =G39+I39+K39 -> 0 | N39: =(M39*100)/$P$8 -> 0 | O39: =H39+J39+L39 -> 8 | P39: =IF(AVERAGE(H39,J39,L39)<6,(5),(ROUND(AVERAGE(H39,J39,L39),0))) -> 8 | R39: =IF(N39>20,"EXTRA","ORD") -> ORD
B40: 29 | C40: MORA | D40: SORIANO | E40: GIANNINA | G40: 0 | H40: 8 | M40: =G40+I40+K40 -> 0 | N40: =(M40*100)/$P$8 -> 0 | O40: =H40+J40+L40 -> 8 | P40: =IF(AVERAGE(H40,J40,L40)<6,(5),(ROUND(AVERAGE(H40,J40,L40),0))) -> 8 | R40: =IF(N40>20,"EXTRA","ORD") -> ORD
B41: 30 | C41: PAZ | D41: GUTIERREZ | E41: NADIA PAMELA | G41: 0 | H41: 8 | M41: =G41+I41+K41 -> 0 | N41: =(M41*100)/$P$8 -> 0 | O41: =H41+J41+L41 -> 8 | P41: =IF(AVERAGE(H41,J41,L41)<6,(5),(ROUND(AVERAGE(H41,J41,L41),0))) -> 8 | R41: =IF(N41>20,"EXTRA","ORD") -> ORD
B42: 31 | C42: RAMIREZ | D42: MALDONADO | E42: DULCE MONTSERRAT | G42: 0 | H42: 8 | M42: =G42+I42+K42 -> 0 | N42: =(M42*100)/$P$8 -> 0 | O42: =H42+J42+L42 -> 8 | P42: =IF(AVERAGE(H42,J42,L42)<6,(5),(ROUND(AVERAGE(H42,J42,L42),0))) -> 8 | R42: =IF(N42>20,"EXTRA","ORD") -> ORD
A43: 32 | C43: RAMOS | D43: SANTANA | E43: OSCAR SAMUEL | G43: 0 | H43: 6 | M43: =G43+I43+K43 -> 0 | N43: =(M43*100)/$P$8 -> 0 | O43: =H43+J43+L43 -> 6 | P43: =IF(AVERAGE(H43,J43,L43)<6,(5),(ROUND(AVERAGE(H43,J43,L43),0))) -> 6 | R43: =IF(N43>20,"EXTRA","ORD") -> ORD
A44: 33 | C44: RESENDIZ | D44: GODINEZ | E44: GAEL EMILIANO | G44: 0 | H44: 8 | M44: =G44+I44+K44 -> 0 | N44: =(M44*100)/$P$8 -> 0 | O44: =H44+J44+L44 -> 8 | P44: =IF(AVERAGE(H44,J44,L44)<6,(5),(ROUND(AVERAGE(H44,J44,L44),0))) -> 8 | R44: =IF(N44>20,"EXTRA","ORD") -> ORD
B45: 34 | C45: REYES | D45: ALLENDE | E45: ANA LILIA | G45: 2 | H45: 5 | M45: =G45+I45+K45 -> 2 | N45: =(M45*100)/$P$8 -> 16.666667 | O45: =H45+J45+L45 -> 5 | P45: =IF(AVERAGE(H45,J45,L45)<6,(5),(ROUND(AVERAGE(H45,J45,L45),0))) -> 5 | R45: =IF(N45>20,"EXTRA","ORD") -> ORD
B46: 35 | C46: REYES | D46: FUENTES | E46: ELIZABETH | G46: 0 | H46: 9 | M46: =G46+I46+K46 -> 0 | N46: =(M46*100)/$P$8 -> 0 | O46: =H46+J46+L46 -> 9 | P46: =IF(AVERAGE(H46,J46,L46)<6,(5),(ROUND(AVERAGE(H46,J46,L46),0))) -> 9 | R46: =IF(N46>20,"EXTRA","ORD") -> ORD
B47: 36 | C47: SANCHEZ | D47: MELENDEZ | E47: JACQUELINE | G47: 0 | H47: 8 | M47: =G47+I47+K47 -> 0 | N47: =(M47*100)/$P$8 -> 0 | O47: =H47+J47+L47 -> 8 | P47: =IF(AVERAGE(H47,J47,L47)<6,(5),(ROUND(AVERAGE(H47,J47,L47),0))) -> 8 | R47: =IF(N47>20,"EXTRA","ORD") -> ORD
A48: 37 | C48: SERRANO | D48: MAGALLON | E48: DIEGO | G48: 0 | H48: 10 | M48: =G48+I48+K48 -> 0 | N48: =(M48*100)/$P$8 -> 0 | O48: =H48+J48+L48 -> 10 | P48: =IF(AVERAGE(H48,J48,L48)<6,(5),(ROUND(AVERAGE(H48,J48,L48),0))) -> 10 | R48: =IF(N48>20,"EXTRA","ORD") -> ORD
A49: 38 | C49: SOSA | D49: ALCANTARA | E49: IAN MICHELLE | G49: 0 | H49: 7 | M49: =G49+I49+K49 -> 0 | N49: =(M49*100)/$P$8 -> 0 | O49: =H49+J49+L49 -> 7 | P49: =IF(AVERAGE(H49,J49,L49)<6,(5),(ROUND(AVERAGE(H49,J49,L49),0))) -> 7 | R49: =IF(N49>20,"EXTRA","ORD") -> ORD
A50: 39 | C50: SOTO | D50: CORTES | E50: ANGEL SEBASTIAN | G50: 0 | H50: 10 | M50: =G50+I50+K50 -> 0 | N50: =(M50*100)/$P$8 -> 0 | O50: =H50+J50+L50 -> 10 | P50: =IF(AVERAGE(H50,J50,L50)<6,(5),(ROUND(AVERAGE(H50,J50,L50),0))) -> 10 | R50: =IF(N50>20,"EXTRA","ORD") -> ORD
A51: 40 | C51: TLAPALAMATL | D51: GONZALEZ | E51: ANGEL ISRAEL | G51: 0 | H51: 7 | M51: =G51+I51+K51 -> 0 | N51: =(M51*100)/$P$8 -> 0 | O51: =H51+J51+L51 -> 7 | P51: =IF(AVERAGE(H51,J51,L51)<6,(5),(ROUND(AVERAGE(H51,J51,L51),0))) -> 7 | R51: =IF(N51>20,"EXTRA","ORD") -> ORD
B52: 41 | C52: TORRES | D52: LOPEZ | E52: ESMERALDA DANNAE | G52: 0 | H52: 7 | M52: =G52+I52+K52 -> 0 | N52: =(M52*100)/$P$8 -> 0 | O52: =H52+J52+L52 -> 7 | P52: =IF(AVERAGE(H52,J52,L52)<6,(5),(ROUND(AVERAGE(H52,J52,L52),0))) -> 7 | R52: =IF(N52>20,"EXTRA","ORD") -> ORD
A53: 42 | C53: VARGAS | D53: RODRIGUEZ | E53: PABLO | G53: 0 | H53: 8 | M53: =G53+I53+K53 -> 0 | N53: =(M53*100)/$P$8 -> 0 | O53: =H53+J53+L53 -> 8 | P53: =IF(AVERAGE(H53,J53,L53)<6,(5),(ROUND(AVERAGE(H53,J53,L53),0))) -> 8 | R53: =IF(N53>20,"EXTRA","ORD") -> ORD
B54: 43 | C54: VARGAS | D54: ROMERO | E54: MEDELIN YANDERI | G54: 0 | H54: 10 | M54: =G54+I54+K54 -> 0 | N54: =(M54*100)/$P$8 -> 0 | O54: =H54+J54+L54 -> 10 | P54: =IF(AVERAGE(H54,J54,L54)<6,(5),(ROUND(AVERAGE(H54,J54,L54),0))) -> 10 | R54: =IF(N54>20,"EXTRA","ORD") -> ORD
B55: 44 | C55: VEGA | D55: BARRON | E55: VALENTINA | G55: 0 | H55: 10 | M55: =G55+I55+K55 -> 0 | N55: =(M55*100)/$P$8 -> 0 | O55: =H55+J55+L55 -> 10 | P55: =IF(AVERAGE(H55,J55,L55)<6,(5),(ROUND(AVERAGE(H55,J55,L55),0))) -> 10 | R55: =IF(N55>20,"EXTRA","ORD") -> ORD
B56: 45 | C56: VELAZQUEZ | D56: MEJIA | E56: AYLIN DANIELA | G56: 0 | H56: 7 | M56: =G56+I56+K56 -> 0 | N56: =(M56*100)/$P$8 -> 0 | O56: =H56+J56+L56 -> 7 | P56: =IF(AVERAGE(H56,J56,L56)<6,(5),(ROUND(AVERAGE(H56,J56,L56),0))) -> 7 | R56: =IF(N56>20,"EXTRA","ORD") -> ORD
E57: Totales | G57: =SUM(G12:G56) -> 27 | H57: =AVERAGE(H12:H56) -> 7.7111111 | I57: =SUM(I12:I56) -> 0 | J57: =AVERAGE(J12:J56) -> #DIV/0! | K57: =SUM(K12:K56) -> 0 | L57: =AVERAGE(L12:L56) -> #DIV/0! | M57: =SUM(M12:M56) -> 27 | N57: PROMEDIO FINAL | P57: =AVERAGE(P6:P56) -> 7.7021277
A58: H | B58: M | E58: APROBADOS | H58: =COUNTIF(H12:H56,">5") -> 40 | J58: =COUNTIF(J12:J56,">5") -> 0 | L58: =COUNTIF(L12:L56,">5") -> 0 | N58: APROBADOS FINAL | P58: =COUNTIF(P12:P56,">5") -> 40
A59: =COUNT(A12:A56) -> 23 | B59: =COUNT(B12:B56) -> 22 | E59: REPROBADOS | H59: =COUNTIF(H12:H56,5) -> 5 | J59: =COUNTIF(J12:J56,5) -> 0 | L59: =COUNTIF(L12:L56,5) -> 0 | N59: EXTRAORDINARIOS | P59: =COUNTIF(P12:P56,5) -> 5
E60: % APROVECHAMIENTO | H60: =H58*100/H9 -> 88.888889 | J60: =J58*100/H9 -> 0 | L60: =L58*100/H9 -> 0 | N60: APROVECH FINAL | P60: =P58*100/H9 -> 88.888889
N61: % FALTAS | P61: =AVERAGE(N12:N56) -> 5
N62: % ASISTENCIA | P62: =100-P61 -> 95

Sheet 3-1 paginas web
O1: HORAS IMPARTIDAS
C2: ORIENTADORA | D2: NEFATLÍ MARGARITA MORLÁN ORTÍZ | H2: ESCUELA PREPARATORIA OFICIAL NÚM.67 | O2: Febrero
H3: “2026. Año del Humanismo Mexicano en el Estado de México ”. | O3: Marzo
H4: CICLO ESCOLAR: 2025 -2026 | O4: Abril | P4: 8
E5: TURNO : | G5: MATUTINO | J5: Grado | K5: 3° | L5: Grupo | M5: 1 | O5: Mayo
E6: PROFESOR(A): | K6: UAC | L6: PÁGINAS WEB | O6: Junio
G7: HOMBRES | H7: =A59 -> 23 | O7: Julio | P7: 3
G8: MUJERES | H8: =B59 -> 22 | O8: TOTAL | P8: =SUM(P2:P7) -> 11
G9: TOTAL | H9: =H7+H8 -> 45
A10: N | B10: P | C10: NOMBRE DEL ALUMNO | G10: PRIMERA EVALUACIÓN | I10: SEGUNDA EVALUACIÓN | K10: TERCERA EVALUACIÓN | M10: EVALUACIÓN FINAL
A11: H | B11: M | G11: FALTAS | H11: CALIF. | I11: FALTAS | J11: CALIF. | K11: FALTAS | L11: CALIF. | M11: TOT. DE FALTAS | N11: % FALTAS | O11: TOTAL DE PUNTOS | P11: CALIF. FINAL | Q11: FIRMA DEL ALUMNO | R11: ESTATUS
A12: 1 | C12: ABARCA | D12: MELENDEZ | E12: ANDRES SAID | G12: 0 | H12: 7 | M12: =G12+I12+K12 -> 0 | N12: =(M12*100)/$P$8 -> 0 | O12: =H12+J12+L12 -> 7 | P12: =IF(AVERAGE(H12,J12,L12)<6,(5),(ROUND(AVERAGE(H12,J12,L12),0))) -> 7 | R12: =IF(N12>20,"EXTRA","ORD") -> ORD
B13: 2 | C13: ALCANTARA | D13: BELTRAN | E13: JESSICA | G13: 0 | H13: 10 | M13: =G13+I13+K13 -> 0 | N13: =(M13*100)/$P$8 -> 0 | O13: =H13+J13+L13 -> 10 | P13: =IF(AVERAGE(H13,J13,L13)<6,(5),(ROUND(AVERAGE(H13,J13,L13),0))) -> 10 | R13: =IF(N13>20,"EXTRA","ORD") -> ORD
A14: 3 | C14: ALVAREZ | D14: BERNALDO | E14: ANGEL ALBERTO | G14: 0 | H14: 10 | M14: =G14+I14+K14 -> 0 | N14: =(M14*100)/$P$8 -> 0 | O14: =H14+J14+L14 -> 10 | P14: =IF(AVERAGE(H14,J14,L14)<6,(5),(ROUND(AVERAGE(H14,J14,L14),0))) -> 10 | R14: =IF(N14>20,"EXTRA","ORD") -> ORD
B15: 4 | C15: ALVAREZ | D15: GONZALEZ | E15: ALLISON JADE | G15: 0 | H15: 6 | M15: =G15+I15+K15 -> 0 | N15: =(M15*100)/$P$8 -> 0 | O15: =H15+J15+L15 -> 6 | P15: =IF(AVERAGE(H15,J15,L15)<6,(5),(ROUND(AVERAGE(H15,J15,L15),0))) -> 6 | R15: =IF(N15>20,"EXTRA","ORD") -> ORD
A16: 5 | C16: ANZALDO | D16: MARTINEZ | E16: NAYONEL YAEL | G16: 0 | H16: 8 | M16: =G16+I16+K16 -> 0 | N16: =(M16*100)/$P$8 -> 0 | O16: =H16+J16+L16 -> 8 | P16: =IF(AVERAGE(H16,J16,L16)<6,(5),(ROUND(AVERAGE(H16,J16,L16),0))) -> 8 | R16: =IF(N16>20,"EXTRA","ORD") -> ORD
A17: 6 | C17: AVILA | D17: ESCAMILLA | E17: JUSTIN YAHEL | G17: 21 | H17: 8 | M17: =G17+I17+K17 -> 21 | N17: =(M17*100)/$P$8 -> 190.90909 | O17: =H17+J17+L17 -> 8 | P17: =IF(AVERAGE(H17,J17,L17)<6,(5),(ROUND(AVERAGE(H17,J17,L17),0))) -> 8 | R17: =IF(N17>20,"EXTRA","ORD") -> EXTRA
A18: 7 | C18: AYALA | D18: LARA | E18: ISAAC | G18: 0 | H18: 8 | M18: =G18+I18+K18 -> 0 | N18: =(M18*100)/$P$8 -> 0 | O18: =H18+J18+L18 -> 8 | P18: =IF(AVERAGE(H18,J18,L18)<6,(5),(ROUND(AVERAGE(H18,J18,L18),0))) -> 8 | R18: =IF(N18>20,"EXTRA","ORD") -> ORD
B19: 8 | C19: BATRES | D19: CERDA | E19: MARIA DEL PILAR | G19: 0 | H19: 10 | M19: =G19+I19+K19 -> 0 | N19: =(M19*100)/$P$8 -> 0 | O19: =H19+J19+L19 -> 10 | P19: =IF(AVERAGE(H19,J19,L19)<6,(5),(ROUND(AVERAGE(H19,J19,L19),0))) -> 10 | R19: =IF(N19>20,"EXTRA","ORD") -> ORD
A20: 9 | C20: BONILLA | D20: TREJO | E20: FRANCISCO TONATIUH | G20: 0 | H20: 5 | M20: =G20+I20+K20 -> 0 | N20: =(M20*100)/$P$8 -> 0 | O20: =H20+J20+L20 -> 5 | P20: =IF(AVERAGE(H20,J20,L20)<6,(5),(ROUND(AVERAGE(H20,J20,L20),0))) -> 5 | R20: =IF(N20>20,"EXTRA","ORD") -> ORD
A21: 10 | C21: CABRERA | D21: MARTINEZ | E21: JESUS ADRIAN | G21: 0 | H21: 10 | M21: =G21+I21+K21 -> 0 | N21: =(M21*100)/$P$8 -> 0 | O21: =H21+J21+L21 -> 10 | P21: =IF(AVERAGE(H21,J21,L21)<6,(5),(ROUND(AVERAGE(H21,J21,L21),0))) -> 10 | R21: =IF(N21>20,"EXTRA","ORD") -> ORD
B22: 11 | C22: CARDONA | D22: ZARATE | E22: JULIA EMILY | G22: 0 | H22: 8 | M22: =G22+I22+K22 -> 0 | N22: =(M22*100)/$P$8 -> 0 | O22: =H22+J22+L22 -> 8 | P22: =IF(AVERAGE(H22,J22,L22)<6,(5),(ROUND(AVERAGE(H22,J22,L22),0))) -> 8 | R22: =IF(N22>20,"EXTRA","ORD") -> ORD
A23: 12 | C23: CASALES | D23: LORANCA | E23: EDSON | G23: 0 | H23: 6 | M23: =G23+I23+K23 -> 0 | N23: =(M23*100)/$P$8 -> 0 | O23: =H23+J23+L23 -> 6 | P23: =IF(AVERAGE(H23,J23,L23)<6,(5),(ROUND(AVERAGE(H23,J23,L23),0))) -> 6 | R23: =IF(N23>20,"EXTRA","ORD") -> ORD
A24: 13 | C24: CRUZ | D24: GARCÍA | E24: PEDRO YASHIR | G24: 0 | H24: 5 | M24: =G24+I24+K24 -> 0 | N24: =(M24*100)/$P$8 -> 0 | O24: =H24+J24+L24 -> 5 | P24: =IF(AVERAGE(H24,J24,L24)<6,(5),(ROUND(AVERAGE(H24,J24,L24),0))) -> 5 | R24: =IF(N24>20,"EXTRA","ORD") -> ORD
B25: 14 | C25: FUENTES | D25: VALADEZ | E25: ALEXIA DANNAE | G25: 0 | H25: 10 | M25: =G25+I25+K25 -> 0 | N25: =(M25*100)/$P$8 -> 0 | O25: =H25+J25+L25 -> 10 | P25: =IF(AVERAGE(H25,J25,L25)<6,(5),(ROUND(AVERAGE(H25,J25,L25),0))) -> 10 | R25: =IF(N25>20,"EXTRA","ORD") -> ORD
A26: 15 | C26: GARCIA | D26: RANGEL | E26: ADRIAN | G26: 0 | H26: 10 | M26: =G26+I26+K26 -> 0 | N26: =(M26*100)/$P$8 -> 0 | O26: =H26+J26+L26 -> 10 | P26: =IF(AVERAGE(H26,J26,L26)<6,(5),(ROUND(AVERAGE(H26,J26,L26),0))) -> 10 | R26: =IF(N26>20,"EXTRA","ORD") -> ORD
B27: 16 | C27: GOMEZ | D27: ARREDONDO | E27: AMERICA NAOMI | G27: 0 | H27: 5 | M27: =G27+I27+K27 -> 0 | N27: =(M27*100)/$P$8 -> 0 | O27: =H27+J27+L27 -> 5 | P27: =IF(AVERAGE(H27,J27,L27)<6,(5),(ROUND(AVERAGE(H27,J27,L27),0))) -> 5 | R27: =IF(N27>20,"EXTRA","ORD") -> ORD
B28: 17 | C28: GOMEZ | D28: VAZQUEZ | E28: BIBIANA | G28: 0 | H28: 7 | M28: =G28+I28+K28 -> 0 | N28: =(M28*100)/$P$8 -> 0 | O28: =H28+J28+L28 -> 7 | P28: =IF(AVERAGE(H28,J28,L28)<6,(5),(ROUND(AVERAGE(H28,J28,L28),0))) -> 7 | R28: =IF(N28>20,"EXTRA","ORD") -> ORD
B29: 18 | C29: GONZALEZ | D29: REYNA | E29: PAULA EDITH | G29: 0 | H29: 6 | M29: =G29+I29+K29 -> 0 | N29: =(M29*100)/$P$8 -> 0 | O29: =H29+J29+L29 -> 6 | P29: =IF(AVERAGE(H29,J29,L29)<6,(5),(ROUND(AVERAGE(H29,J29,L29),0))) -> 6 | R29: =IF(N29>20,"EXTRA","ORD") -> ORD
A30: 19 | C30: HERNANDEZ | D30: CHAVEZ | E30: DEREK | G30: 1 | H30: 6 | M30: =G30+I30+K30 -> 1 | N30: =(M30*100)/$P$8 -> 9.0909091 | O30: =H30+J30+L30 -> 6 | P30: =IF(AVERAGE(H30,J30,L30)<6,(5),(ROUND(AVERAGE(H30,J30,L30),0))) -> 6 | R30: =IF(N30>20,"EXTRA","ORD") -> ORD
B31: 20 | C31: HERNANDEZ | D31: LEDEZMA | E31: IRIARY GUADALUPE | G31: 0 | H31: 10 | M31: =G31+I31+K31 -> 0 | N31: =(M31*100)/$P$8 -> 0 | O31: =H31+J31+L31 -> 10 | P31: =IF(AVERAGE(H31,J31,L31)<6,(5),(ROUND(AVERAGE(H31,J31,L31),0))) -> 10 | R31: =IF(N31>20,"EXTRA","ORD") -> ORD
A32: 21 | C32: JARALEÑO | D32: BLANCO | E32: IRVING GAEL | G32: 0 | H32: 9 | M32: =G32+I32+K32 -> 0 | N32: =(M32*100)/$P$8 -> 0 | O32: =H32+J32+L32 -> 9 | P32: =IF(AVERAGE(H32,J32,L32)<6,(5),(ROUND(AVERAGE(H32,J32,L32),0))) -> 9 | R32: =IF(N32>20,"EXTRA","ORD") -> ORD
B33: 22 | C33: LIMA | D33: ACEVES | E33: DAFNE ERIN | G33: 0 | H33: 6 | M33: =G33+I33+K33 -> 0 | N33: =(M33*100)/$P$8 -> 0 | O33: =H33+J33+L33 -> 6 | P33: =IF(AVERAGE(H33,J33,L33)<6,(5),(ROUND(AVERAGE(H33,J33,L33),0))) -> 6 | R33: =IF(N33>20,"EXTRA","ORD") -> ORD
B34: 23 | C34: LOPEZ | D34: GODINEZ | E34: AZUL XIMENA | G34: 1 | H34: 5 | M34: =G34+I34+K34 -> 1 | N34: =(M34*100)/$P$8 -> 9.0909091 | O34: =H34+J34+L34 -> 5 | P34: =IF(AVERAGE(H34,J34,L34)<6,(5),(ROUND(AVERAGE(H34,J34,L34),0))) -> 5 | R34: =IF(N34>20,"EXTRA","ORD") -> ORD
A35: 24 | C35: LUGO | D35: GONZALEZ | E35: LUIS DARIO | G35: 2 | H35: 7 | M35: =G35+I35+K35 -> 2 | N35: =(M35*100)/$P$8 -> 18.181818 | O35: =H35+J35+L35 -> 7 | P35: =IF(AVERAGE(H35,J35,L35)<6,(5),(ROUND(AVERAGE(H35,J35,L35),0))) -> 7 | R35: =IF(N35>20,"EXTRA","ORD") -> ORD
A36: 25 | C36: MARQUEZ | D36: YAÑEZ | E36: ISRAEL | G36: 0 | H36: 7 | M36: =G36+I36+K36 -> 0 | N36: =(M36*100)/$P$8 -> 0 | O36: =H36+J36+L36 -> 7 | P36: =IF(AVERAGE(H36,J36,L36)<6,(5),(ROUND(AVERAGE(H36,J36,L36),0))) -> 7 | R36: =IF(N36>20,"EXTRA","ORD") -> ORD
A37: 26 | C37: MARTINEZ | D37: MONTERO | E37: ANGEL YAIR | G37: 0 | H37: 7 | M37: =G37+I37+K37 -> 0 | N37: =(M37*100)/$P$8 -> 0 | O37: =H37+J37+L37 -> 7 | P37: =IF(AVERAGE(H37,J37,L37)<6,(5),(ROUND(AVERAGE(H37,J37,L37),0))) -> 7 | R37: =IF(N37>20,"EXTRA","ORD") -> ORD
A38: 27 | C38: MENDOZA | D38: CRUZ | E38: IAN YAMIL | G38: 0 | H38: 7 | M38: =G38+I38+K38 -> 0 | N38: =(M38*100)/$P$8 -> 0 | O38: =H38+J38+L38 -> 7 | P38: =IF(AVERAGE(H38,J38,L38)<6,(5),(ROUND(AVERAGE(H38,J38,L38),0))) -> 7 | R38: =IF(N38>20,"EXTRA","ORD") -> ORD
B39: 28 | C39: MONTOYA | D39: LOPEZ | E39: WENDY MARIEL | G39: 0 | H39: 8 | M39: =G39+I39+K39 -> 0 | N39: =(M39*100)/$P$8 -> 0 | O39: =H39+J39+L39 -> 8 | P39: =IF(AVERAGE(H39,J39,L39)<6,(5),(ROUND(AVERAGE(H39,J39,L39),0))) -> 8 | R39: =IF(N39>20,"EXTRA","ORD") -> ORD
B40: 29 | C40: MORA | D40: SORIANO | E40: GIANNINA | G40: 0 | H40: 8 | M40: =G40+I40+K40 -> 0 | N40: =(M40*100)/$P$8 -> 0 | O40: =H40+J40+L40 -> 8 | P40: =IF(AVERAGE(H40,J40,L40)<6,(5),(ROUND(AVERAGE(H40,J40,L40),0))) -> 8 | R40: =IF(N40>20,"EXTRA","ORD") -> ORD
B41: 30 | C41: PAZ | D41: GUTIERREZ | E41: NADIA PAMELA | G41: 0 | H41: 8 | M41: =G41+I41+K41 -> 0 | N41: =(M41*100)/$P$8 -> 0 | O41: =H41+J41+L41 -> 8 | P41: =IF(AVERAGE(H41,J41,L41)<6,(5),(ROUND(AVERAGE(H41,J41,L41),0))) -> 8 | R41: =IF(N41>20,"EXTRA","ORD") -> ORD
B42: 31 | C42: RAMIREZ | D42: MALDONADO | E42: DULCE MONTSERRAT | G42: 0 | H42: 8 | M42: =G42+I42+K42 -> 0 | N42: =(M42*100)/$P$8 -> 0 | O42: =H42+J42+L42 -> 8 | P42: =IF(AVERAGE(H42,J42,L42)<6,(5),(ROUND(AVERAGE(H42,J42,L42),0))) -> 8 | R42: =IF(N42>20,"EXTRA","ORD") -> ORD
A43: 32 | C43: RAMOS | D43: SANTANA | E43: OSCAR SAMUEL | G43: 0 | H43: 6 | M43: =G43+I43+K43 -> 0 | N43: =(M43*100)/$P$8 -> 0 | O43: =H43+J43+L43 -> 6 | P43: =IF(AVERAGE(H43,J43,L43)<6,(5),(ROUND(AVERAGE(H43,J43,L43),0))) -> 6 | R43: =IF(N43>20,"EXTRA","ORD") -> ORD
A44: 33 | C44: RESENDIZ | D44: GODINEZ | E44: GAEL EMILIANO | G44: 0 | H44: 8 | M44: =G44+I44+K44 -> 0 | N44: =(M44*100)/$P$8 -> 0 | O44: =H44+J44+L44 -> 8 | P44: =IF(AVERAGE(H44,J44,L44)<6,(5),(ROUND(AVERAGE(H44,J44,L44),0))) -> 8 | R44: =IF(N44>20,"EXTRA","ORD") -> ORD
B45: 34 | C45: REYES | D45: ALLENDE | E45: ANA LILIA | G45: 2 | H45: 5 | M45: =G45+I45+K45 -> 2 | N45: =(M45*100)/$P$8 -> 18.181818 | O45: =H45+J45+L45 -> 5 | P45: =IF(AVERAGE(H45,J45,L45)<6,(5),(ROUND(AVERAGE(H45,J45,L45),0))) -> 5 | R45: =IF(N45>20,"EXTRA","ORD") -> ORD
B46: 35 | C46: REYES | D46: FUENTES | E46: ELIZABETH | G46: 0 | H46: 9 | M46: =G46+I46+K46 -> 0 | N46: =(M46*100)/$P$8 -> 0 | O46: =H46+J46+L46 -> 9 | P46: =IF(AVERAGE(H46,J46,L46)<6,(5),(ROUND(AVERAGE(H46,J46,L46),0))) -> 9 | R46: =IF(N46>20,"EXTRA","ORD") -> ORD
B47: 36 | C47: SANCHEZ | D47: MELENDEZ | E47: JACQUELINE | G47: 0 | H47: 8 | M47: =G47+I47+K47 -> 0 | N47: =(M47*100)/$P$8 -> 0 | O47: =H47+J47+L47 -> 8 | P47: =IF(AVERAGE(H47,J47,L47)<6,(5),(ROUND(AVERAGE(H47,J47,L47),0))) -> 8 | R47: =IF(N47>20,"EXTRA","ORD") -> ORD
A48: 37 | C48: SERRANO | D48: MAGALLON | E48: DIEGO | G48: 0 | H48: 10 | M48: =G48+I48+K48 -> 0 | N48: =(M48*100)/$P$8 -> 0 | O48: =H48+J48+L48 -> 10 | P48: =IF(AVERAGE(H48,J48,L48)<6,(5),(ROUND(AVERAGE(H48,J48,L48),0))) -> 10 | R48: =IF(N48>20,"EXTRA","ORD") -> ORD
A49: 38 | C49: SOSA | D49: ALCANTARA | E49: IAN MICHELLE | G49: 0 | H49: 7 | M49: =G49+I49+K49 -> 0 | N49: =(M49*100)/$P$8 -> 0 | O49: =H49+J49+L49 -> 7 | P49: =IF(AVERAGE(H49,J49,L49)<6,(5),(ROUND(AVERAGE(H49,J49,L49),0))) -> 7 | R49: =IF(N49>20,"EXTRA","ORD") -> ORD
A50: 39 | C50: SOTO | D50: CORTES | E50: ANGEL SEBASTIAN | G50: 0 | H50: 10 | M50: =G50+I50+K50 -> 0 | N50: =(M50*100)/$P$8 -> 0 | O50: =H50+J50+L50 -> 10 | P50: =IF(AVERAGE(H50,J50,L50)<6,(5),(ROUND(AVERAGE(H50,J50,L50),0))) -> 10 | R50: =IF(N50>20,"EXTRA","ORD") -> ORD
A51: 40 | C51: TLAPALAMATL | D51: GONZALEZ | E51: ANGEL ISRAEL | G51: 0 | H51: 7 | M51: =G51+I51+K51 -> 0 | N51: =(M51*100)/$P$8 -> 0 | O51: =H51+J51+L51 -> 7 | P51: =IF(AVERAGE(H51,J51,L51)<6,(5),(ROUND(AVERAGE(H51,J51,L51),0))) -> 7 | R51: =IF(N51>20,"EXTRA","ORD") -> ORD
B52: 41 | C52: TORRES | D52: LOPEZ | E52: ESMERALDA DANNAE | G52: 0 | H52: 7 | M52: =G52+I52+K52 -> 0 | N52: =(M52*100)/$P$8 -> 0 | O52: =H52+J52+L52 -> 7 | P52: =IF(AVERAGE(H52,J52,L52)<6,(5),(ROUND(AVERAGE(H52,J52,L52),0))) -> 7 | R52: =IF(N52>20,"EXTRA","ORD") -> ORD
A53: 42 | C53: VARGAS | D53: RODRIGUEZ | E53: PABLO | G53: 0 | H53: 8 | M53: =G53+I53+K53 -> 0 | N53: =(M53*100)/$P$8 -> 0 | O53: =H53+J53+L53 -> 8 | P53: =IF(AVERAGE(H53,J53,L53)<6,(5),(ROUND(AVERAGE(H53,J53,L53),0))) -> 8 | R53: =IF(N53>20,"EXTRA","ORD") -> ORD
B54: 43 | C54: VARGAS | D54: ROMERO | E54: MEDELIN YANDERI | G54: 0 | H54: 10 | M54: =G54+I54+K54 -> 0 | N54: =(M54*100)/$P$8 -> 0 | O54: =H54+J54+L54 -> 10 | P54: =IF(AVERAGE(H54,J54,L54)<6,(5),(ROUND(AVERAGE(H54,J54,L54),0))) -> 10 | R54: =IF(N54>20,"EXTRA","ORD") -> ORD
B55: 44 | C55: VEGA | D55: BARRON | E55: VALENTINA | G55: 0 | H55: 10 | M55: =G55+I55+K55 -> 0 | N55: =(M55*100)/$P$8 -> 0 | O55: =H55+J55+L55 -> 10 | P55: =IF(AVERAGE(H55,J55,L55)<6,(5),(ROUND(AVERAGE(H55,J55,L55),0))) -> 10 | R55: =IF(N55>20,"EXTRA","ORD") -> ORD
B56: 45 | C56: VELAZQUEZ | D56: MEJIA | E56: AYLIN DANIELA | G56: 0 | H56: 7 | M56: =G56+I56+K56 -> 0 | N56: =(M56*100)/$P$8 -> 0 | O56: =H56+J56+L56 -> 7 | P56: =IF(AVERAGE(H56,J56,L56)<6,(5),(ROUND(AVERAGE(H56,J56,L56),0))) -> 7 | R56: =IF(N56>20,"EXTRA","ORD") -> ORD
E57: Totales | G57: =SUM(G12:G56) -> 27 | H57: =AVERAGE(H12:H56) -> 7.7111111 | I57: =SUM(I12:I56) -> 0 | J57: =AVERAGE(J12:J56) -> #DIV/0! | K57: =SUM(K12:K56) -> 0 | L57: =AVERAGE(L12:L56) -> #DIV/0! | M57: =SUM(M12:M56) -> 27 | N57: PROMEDIO FINAL | P57: =AVERAGE(P6:P56) -> 7.6808511
A58: H | B58: M | E58: APROBADOS | H58: =COUNTIF(H12:H56,">5") -> 40 | J58: =COUNTIF(J12:J56,">5") -> 0 | L58: =COUNTIF(L12:L56,">5") -> 0 | N58: APROBADOS FINAL | P58: =COUNTIF(P12:P56,">5") -> 40
A59: =COUNT(A12:A56) -> 23 | B59: =COUNT(B12:B56) -> 22 | E59: REPROBADOS | H59: =COUNTIF(H12:H56,5) -> 5 | J59: =COUNTIF(J12:J56,5) -> 0 | L59: =COUNTIF(L12:L56,5) -> 0 | N59: EXTRAORDINARIOS | P59: =COUNTIF(P12:P56,5) -> 5
E60: % APROVECHAMIENTO | H60: =H58*100/H9 -> 88.888889 | J60: =J58*100/H9 -> 0 | L60: =L58*100/H9 -> 0 | N60: APROVECH FINAL | P60: =P58*100/H9 -> 88.888889
N61: % FALTAS | P61: =AVERAGE(N12:N56) -> 5.4545455
N62: % ASISTENCIA | P62: =100-P61 -> 94.545455

Sheet 3-1 actividades artisticas y cu
O1: HORAS IMPARTIDAS
C2: ORIENTADORA | D2: NEFATLÍ MARGARITA MORLÁN ORTÍZ | H2: ESCUELA PREPARATORIA OFICIAL NÚM.67 | O2: Febrero
H3: “2026. Año del Humanismo Mexicano en el Estado de México ”. | O3: Marzo
H4: CICLO ESCOLAR: 2025 -2026 | O4: Abril
E5: TURNO : | G5: MATUTINO | J5: Grado | K5: 3° | L5: Grupo | M5: 1 | O5: Mayo
E6: PROFESOR(A): | K6: UAC | L6: ACTIVIDADES ARTÍSTICAS Y CULTURALES III | O6: Junio | P6: 5
G7: HOMBRES | H7: =A59 -> 23 | O7: Julio | P7: 3
G8: MUJERES | H8: =B59 -> 22 | O8: TOTAL | P8: =SUM(P2:P7) -> 8
G9: TOTAL | H9: =H7+H8 -> 45
A10: N | B10: P | C10: NOMBRE DEL ALUMNO | G10: PRIMERA EVALUACIÓN | I10: SEGUNDA EVALUACIÓN | K10: TERCERA EVALUACIÓN | M10: EVALUACIÓN FINAL
A11: H | B11: M | G11: FALTAS | H11: CALIF. | I11: FALTAS | J11: CALIF. | K11: FALTAS | L11: CALIF. | M11: TOT. DE FALTAS | N11: % FALTAS | O11: TOTAL DE PUNTOS | P11: CALIF. FINAL | Q11: FIRMA DEL ALUMNO | R11: ESTATUS
A12: 1 | C12: ABARCA | D12: MELENDEZ | E12: ANDRES SAID | G12: 0 | H12: 7 | M12: =G12+I12+K12 -> 0 | N12: =(M12*100)/$P$8 -> 0 | O12: =H12+J12+L12 -> 7 | P12: =IF(AVERAGE(H12,J12,L12)<6,(5),(ROUND(AVERAGE(H12,J12,L12),0))) -> 7 | R12: =IF(N12>20,"EXTRA","ORD") -> ORD
B13: 2 | C13: ALCANTARA | D13: BELTRAN | E13: JESSICA | G13: 0 | H13: 10 | M13: =G13+I13+K13 -> 0 | N13: =(M13*100)/$P$8 -> 0 | O13: =H13+J13+L13 -> 10 | P13: =IF(AVERAGE(H13,J13,L13)<6,(5),(ROUND(AVERAGE(H13,J13,L13),0))) -> 10 | R13: =IF(N13>20,"EXTRA","ORD") -> ORD
A14: 3 | C14: ALVAREZ | D14: BERNALDO | E14: ANGEL ALBERTO | G14: 0 | H14: 10 | M14: =G14+I14+K14 -> 0 | N14: =(M14*100)/$P$8 -> 0 | O14: =H14+J14+L14 -> 10 | P14: =IF(AVERAGE(H14,J14,L14)<6,(5),(ROUND(AVERAGE(H14,J14,L14),0))) -> 10 | R14: =IF(N14>20,"EXTRA","ORD") -> ORD
B15: 4 | C15: ALVAREZ | D15: GONZALEZ | E15: ALLISON JADE | G15: 0 | H15: 6 | M15: =G15+I15+K15 -> 0 | N15: =(M15*100)/$P$8 -> 0 | O15: =H15+J15+L15 -> 6 | P15: =IF(AVERAGE(H15,J15,L15)<6,(5),(ROUND(AVERAGE(H15,J15,L15),0))) -> 6 | R15: =IF(N15>20,"EXTRA","ORD") -> ORD
A16: 5 | C16: ANZALDO | D16: MARTINEZ | E16: NAYONEL YAEL | G16: 0 | H16: 8 | M16: =G16+I16+K16 -> 0 | N16: =(M16*100)/$P$8 -> 0 | O16: =H16+J16+L16 -> 8 | P16: =IF(AVERAGE(H16,J16,L16)<6,(5),(ROUND(AVERAGE(H16,J16,L16),0))) -> 8 | R16: =IF(N16>20,"EXTRA","ORD") -> ORD
A17: 6 | C17: AVILA | D17: ESCAMILLA | E17: JUSTIN YAHEL | G17: 21 | H17: 8 | M17: =G17+I17+K17 -> 21 | N17: =(M17*100)/$P$8 -> 262.5 | O17: =H17+J17+L17 -> 8 | P17: =IF(AVERAGE(H17,J17,L17)<6,(5),(ROUND(AVERAGE(H17,J17,L17),0))) -> 8 | R17: =IF(N17>20,"EXTRA","ORD") -> EXTRA
A18: 7 | C18: AYALA | D18: LARA | E18: ISAAC | G18: 0 | H18: 8 | M18: =G18+I18+K18 -> 0 | N18: =(M18*100)/$P$8 -> 0 | O18: =H18+J18+L18 -> 8 | P18: =IF(AVERAGE(H18,J18,L18)<6,(5),(ROUND(AVERAGE(H18,J18,L18),0))) -> 8 | R18: =IF(N18>20,"EXTRA","ORD") -> ORD
B19: 8 | C19: BATRES | D19: CERDA | E19: MARIA DEL PILAR | G19: 0 | H19: 10 | M19: =G19+I19+K19 -> 0 | N19: =(M19*100)/$P$8 -> 0 | O19: =H19+J19+L19 -> 10 | P19: =IF(AVERAGE(H19,J19,L19)<6,(5),(ROUND(AVERAGE(H19,J19,L19),0))) -> 10 | R19: =IF(N19>20,"EXTRA","ORD") -> ORD
A20: 9 | C20: BONILLA | D20: TREJO | E20: FRANCISCO TONATIUH | G20: 0 | H20: 5 | M20: =G20+I20+K20 -> 0 | N20: =(M20*100)/$P$8 -> 0 | O20: =H20+J20+L20 -> 5 | P20: =IF(AVERAGE(H20,J20,L20)<6,(5),(ROUND(AVERAGE(H20,J20,L20),0))) -> 5 | R20: =IF(N20>20,"EXTRA","ORD") -> ORD
A21: 10 | C21: CABRERA | D21: MARTINEZ | E21: JESUS ADRIAN | G21: 0 | H21: 10 | M21: =G21+I21+K21 -> 0 | N21: =(M21*100)/$P$8 -> 0 | O21: =H21+J21+L21 -> 10 | P21: =IF(AVERAGE(H21,J21,L21)<6,(5),(ROUND(AVERAGE(H21,J21,L21),0))) -> 10 | R21: =IF(N21>20,"EXTRA","ORD") -> ORD
B22: 11 | C22: CARDONA | D22: ZARATE | E22: JULIA EMILY | G22: 0 | H22: 8 | M22: =G22+I22+K22 -> 0 | N22: =(M22*100)/$P$8 -> 0 | O22: =H22+J22+L22 -> 8 | P22: =IF(AVERAGE(H22,J22,L22)<6,(5),(ROUND(AVERAGE(H22,J22,L22),0))) -> 8 | R22: =IF(N22>20,"EXTRA","ORD") -> ORD
A23: 12 | C23: CASALES | D23: LORANCA | E23: EDSON | G23: 0 | H23: 6 | M23: =G23+I23+K23 -> 0 | N23: =(M23*100)/$P$8 -> 0 | O23: =H23+J23+L23 -> 6 | P23: =IF(AVERAGE(H23,J23,L23)<6,(5),(ROUND(AVERAGE(H23,J23,L23),0))) -> 6 | R23: =IF(N23>20,"EXTRA","ORD") -> ORD
A24: 13 | C24: CRUZ | D24: GARCÍA | E24: PEDRO YASHIR | G24: 0 | H24: 5 | M24: =G24+I24+K24 -> 0 | N24: =(M24*100)/$P$8 -> 0 | O24: =H24+J24+L24 -> 5 | P24: =IF(AVERAGE(H24,J24,L24)<6,(5),(ROUND(AVERAGE(H24,J24,L24),0))) -> 5 | R24: =IF(N24>20,"EXTRA","ORD") -> ORD
B25: 14 | C25: FUENTES | D25: VALADEZ | E25: ALEXIA DANNAE | G25: 0 | H25: 10 | M25: =G25+I25+K25 -> 0 | N25: =(M25*100)/$P$8 -> 0 | O25: =H25+J25+L25 -> 10 | P25: =IF(AVERAGE(H25,J25,L25)<6,(5),(ROUND(AVERAGE(H25,J25,L25),0))) -> 10 | R25: =IF(N25>20,"EXTRA","ORD") -> ORD
A26: 15 | C26: GARCIA | D26: RANGEL | E26: ADRIAN | G26: 0 | H26: 10 | M26: =G26+I26+K26 -> 0 | N26: =(M26*100)/$P$8 -> 0 | O26: =H26+J26+L26 -> 10 | P26: =IF(AVERAGE(H26,J26,L26)<6,(5),(ROUND(AVERAGE(H26,J26,L26),0))) -> 10 | R26: =IF(N26>20,"EXTRA","ORD") -> ORD
B27: 16 | C27: GOMEZ | D27: ARREDONDO | E27: AMERICA NAOMI | G27: 0 | H27: 5 | M27: =G27+I27+K27 -> 0 | N27: =(M27*100)/$P$8 -> 0 | O27: =H27+J27+L27 -> 5 | P27: =IF(AVERAGE(H27,J27,L27)<6,(5),(ROUND(AVERAGE(H27,J27,L27),0))) -> 5 | R27: =IF(N27>20,"EXTRA","ORD") -> ORD
B28: 17 | C28: GOMEZ | D28: VAZQUEZ | E28: BIBIANA | G28: 0 | H28: 7 | M28: =G28+I28+K28 -> 0 | N28: =(M28*100)/$P$8 -> 0 | O28: =H28+J28+L28 -> 7 | P28: =IF(AVERAGE(H28,J28,L28)<6,(5),(ROUND(AVERAGE(H28,J28,L28),0))) -> 7 | R28: =IF(N28>20,"EXTRA","ORD") -> ORD
B29: 18 | C29: GONZALEZ | D29: REYNA | E29: PAULA EDITH | G29: 0 | H29: 6 | M29: =G29+I29+K29 -> 0 | N29: =(M29*100)/$P$8 -> 0 | O29: =H29+J29+L29 -> 6 | P29: =IF(AVERAGE(H29,J29,L29)<6,(5),(ROUND(AVERAGE(H29,J29,L29),0))) -> 6 | R29: =IF(N29>20,"EXTRA","ORD") -> ORD
A30: 19 | C30: HERNANDEZ | D30: CHAVEZ | E30: DEREK | G30: 1 | H30: 6 | M30: =G30+I30+K30 -> 1 | N30: =(M30*100)/$P$8 -> 12.5 | O30: =H30+J30+L30 -> 6 | P30: =IF(AVERAGE(H30,J30,L30)<6,(5),(ROUND(AVERAGE(H30,J30,L30),0))) -> 6 | R30: =IF(N30>20,"EXTRA","ORD") -> ORD
B31: 20 | C31: HERNANDEZ | D31: LEDEZMA | E31: IRIARY GUADALUPE | G31: 0 | H31: 10 | M31: =G31+I31+K31 -> 0 | N31: =(M31*100)/$P$8 -> 0 | O31: =H31+J31+L31 -> 10 | P31: =IF(AVERAGE(H31,J31,L31)<6,(5),(ROUND(AVERAGE(H31,J31,L31),0))) -> 10 | R31: =IF(N31>20,"EXTRA","ORD") -> ORD
A32: 21 | C32: JARALEÑO | D32: BLANCO | E32: IRVING GAEL | G32: 0 | H32: 9 | M32: =G32+I32+K32 -> 0 | N32: =(M32*100)/$P$8 -> 0 | O32: =H32+J32+L32 -> 9 | P32: =IF(AVERAGE(H32,J32,L32)<6,(5),(ROUND(AVERAGE(H32,J32,L32),0))) -> 9 | R32: =IF(N32>20,"EXTRA","ORD") -> ORD
B33: 22 | C33: LIMA | D33: ACEVES | E33: DAFNE ERIN | G33: 0 | H33: 6 | M33: =G33+I33+K33 -> 0 | N33: =(M33*100)/$P$8 -> 0 | O33: =H33+J33+L33 -> 6 | P33: =IF(AVERAGE(H33,J33,L33)<6,(5),(ROUND(AVERAGE(H33,J33,L33),0))) -> 6 | R33: =IF(N33>20,"EXTRA","ORD") -> ORD
B34: 23 | C34: LOPEZ | D34: GODINEZ | E34: AZUL XIMENA | G34: 1 | H34: 5 | M34: =G34+I34+K34 -> 1 | N34: =(M34*100)/$P$8 -> 12.5 | O34: =H34+J34+L34 -> 5 | P34: =IF(AVERAGE(H34,J34,L34)<6,(5),(ROUND(AVERAGE(H34,J34,L34),0))) -> 5 | R34: =IF(N34>20,"EXTRA","ORD") -> ORD
A35: 24 | C35: LUGO | D35: GONZALEZ | E35: LUIS DARIO | G35: 2 | H35: 7 | M35: =G35+I35+K35 -> 2 | N35: =(M35*100)/$P$8 -> 25 | O35: =H35+J35+L35 -> 7 | P35: =IF(AVERAGE(H35,J35,L35)<6,(5),(ROUND(AVERAGE(H35,J35,L35),0))) -> 7 | R35: =IF(N35>20,"EXTRA","ORD") -> EXTRA
A36: 25 | C36: MARQUEZ | D36: YAÑEZ | E36: ISRAEL | G36: 0 | H36: 7 | M36: =G36+I36+K36 -> 0 | N36: =(M36*100)/$P$8 -> 0 | O36: =H36+J36+L36 -> 7 | P36: =IF(AVERAGE(H36,J36,L36)<6,(5),(ROUND(AVERAGE(H36,J36,L36),0))) -> 7 | R36: =IF(N36>20,"EXTRA","ORD") -> ORD
A37: 26 | C37: MARTINEZ | D37: MONTERO | E37: ANGEL YAIR | G37: 0 | H37: 7 | M37: =G37+I37+K37 -> 0 | N37: =(M37*100)/$P$8 -> 0 | O37: =H37+J37+L37 -> 7 | P37: =IF(AVERAGE(H37,J37,L37)<6,(5),(ROUND(AVERAGE(H37,J37,L37),0))) -> 7 | R37: =IF(N37>20,"EXTRA","ORD") -> ORD
A38: 27 | C38: MENDOZA | D38: CRUZ | E38: IAN YAMIL | G38: 0 | H38: 7 | M38: =G38+I38+K38 -> 0 | N38: =(M38*100)/$P$8 -> 0 | O38: =H38+J38+L38 -> 7 | P38: =IF(AVERAGE(H38,J38,L38)<6,(5),(ROUND(AVERAGE(H38,J38,L38),0))) -> 7 | R38: =IF(N38>20,"EXTRA","ORD") -> ORD
B39: 28 | C39: MONTOYA | D39: LOPEZ | E39: WENDY MARIEL | G39: 0 | H39: 8 | M39: =G39+I39+K39 -> 0 | N39: =(M39*100)/$P$8 -> 0 | O39: =H39+J39+L39 -> 8 | P39: =IF(AVERAGE(H39,J39,L39)<6,(5),(ROUND(AVERAGE(H39,J39,L39),0))) -> 8 | R39: =IF(N39>20,"EXTRA","ORD") -> ORD
B40: 29 | C40: MORA | D40: SORIANO | E40: GIANNINA | G40: 0 | H40: 8 | M40: =G40+I40+K40 -> 0 | N40: =(M40*100)/$P$8 -> 0 | O40: =H40+J40+L40 -> 8 | P40: =IF(AVERAGE(H40,J40,L40)<6,(5),(ROUND(AVERAGE(H40,J40,L40),0))) -> 8 | R40: =IF(N40>20,"EXTRA","ORD") -> ORD
B41: 30 | C41: PAZ | D41: GUTIERREZ | E41: NADIA PAMELA | G41: 0 | H41: 8 | M41: =G41+I41+K41 -> 0 | N41: =(M41*100)/$P$8 -> 0 | O41: =H41+J41+L41 -> 8 | P41: =IF(AVERAGE(H41,J41,L41)<6,(5),(ROUND(AVERAGE(H41,J41,L41),0))) -> 8 | R41: =IF(N41>20,"EXTRA","ORD") -> ORD
B42: 31 | C42: RAMIREZ | D42: MALDONADO | E42: DULCE MONTSERRAT | G42: 0 | H42: 8 | M42: =G42+I42+K42 -> 0 | N42: =(M42*100)/$P$8 -> 0 | O42: =H42+J42+L42 -> 8 | P42: =IF(AVERAGE(H42,J42,L42)<6,(5),(ROUND(AVERAGE(H42,J42,L42),0))) -> 8 | R42: =IF(N42>20,"EXTRA","ORD") -> ORD
A43: 32 | C43: RAMOS | D43: SANTANA | E43: OSCAR SAMUEL | G43: 0 | H43: 6 | M43: =G43+I43+K43 -> 0 | N43: =(M43*100)/$P$8 -> 0 | O43: =H43+J43+L43 -> 6 | P43: =IF(AVERAGE(H43,J43,L43)<6,(5),(ROUND(AVERAGE(H43,J43,L43),0))) -> 6 | R43: =IF(N43>20,"EXTRA","ORD") -> ORD
A44: 33 | C44: RESENDIZ | D44: GODINEZ | E44: GAEL EMILIANO | G44: 0 | H44: 8 | M44: =G44+I44+K44 -> 0 | N44: =(M44*100)/$P$8 -> 0 | O44: =H44+J44+L44 -> 8 | P44: =IF(AVERAGE(H44,J44,L44)<6,(5),(ROUND(AVERAGE(H44,J44,L44),0))) -> 8 | R44: =IF(N44>20,"EXTRA","ORD") -> ORD
B45: 34 | C45: REYES | D45: ALLENDE | E45: ANA LILIA | G45: 2 | H45: 5 | M45: =G45+I45+K45 -> 2 | N45: =(M45*100)/$P$8 -> 25 | O45: =H45+J45+L45 -> 5 | P45: =IF(AVERAGE(H45,J45,L45)<6,(5),(ROUND(AVERAGE(H45,J45,L45),0))) -> 5 | R45: =IF(N45>20,"EXTRA","ORD") -> EXTRA
B46: 35 | C46: REYES | D46: FUENTES | E46: ELIZABETH | G46: 0 | H46: 9 | M46: =G46+I46+K46 -> 0 | N46: =(M46*100)/$P$8 -> 0 | O46: =H46+J46+L46 -> 9 | P46: =IF(AVERAGE(H46,J46,L46)<6,(5),(ROUND(AVERAGE(H46,J46,L46),0))) -> 9 | R46: =IF(N46>20,"EXTRA","ORD") -> ORD
B47: 36 | C47: SANCHEZ | D47: MELENDEZ | E47: JACQUELINE | G47: 0 | H47: 8 | M47: =G47+I47+K47 -> 0 | N47: =(M47*100)/$P$8 -> 0 | O47: =H47+J47+L47 -> 8 | P47: =IF(AVERAGE(H47,J47,L47)<6,(5),(ROUND(AVERAGE(H47,J47,L47),0))) -> 8 | R47: =IF(N47>20,"EXTRA","ORD") -> ORD
A48: 37 | C48: SERRANO | D48: MAGALLON | E48: DIEGO | G48: 0 | H48: 10 | M48: =G48+I48+K48 -> 0 | N48: =(M48*100)/$P$8 -> 0 | O48: =H48+J48+L48 -> 10 | P48: =IF(AVERAGE(H48,J48,L48)<6,(5),(ROUND(AVERAGE(H48,J48,L48),0))) -> 10 | R48: =IF(N48>20,"EXTRA","ORD") -> ORD
A49: 38 | C49: SOSA | D49: ALCANTARA | E49: IAN MICHELLE | G49: 0 | H49: 7 | M49: =G49+I49+K49 -> 0 | N49: =(M49*100)/$P$8 -> 0 | O49: =H49+J49+L49 -> 7 | P49: =IF(AVERAGE(H49,J49,L49)<6,(5),(ROUND(AVERAGE(H49,J49,L49),0))) -> 7 | R49: =IF(N49>20,"EXTRA","ORD") -> ORD
A50: 39 | C50: SOTO | D50: CORTES | E50: ANGEL SEBASTIAN | G50: 0 | H50: 10 | M50: =G50+I50+K50 -> 0 | N50: =(M50*100)/$P$8 -> 0 | O50: =H50+J50+L50 -> 10 | P50: =IF(AVERAGE(H50,J50,L50)<6,(5),(ROUND(AVERAGE(H50,J50,L50),0))) -> 10 | R50: =IF(N50>20,"EXTRA","ORD") -> ORD
A51: 40 | C51: TLAPALAMATL | D51: GONZALEZ | E51: ANGEL ISRAEL | G51: 0 | H51: 7 | M51: =G51+I51+K51 -> 0 | N51: =(M51*100)/$P$8 -> 0 | O51: =H51+J51+L51 -> 7 | P51: =IF(AVERAGE(H51,J51,L51)<6,(5),(ROUND(AVERAGE(H51,J51,L51),0))) -> 7 | R51: =IF(N51>20,"EXTRA","ORD") -> ORD
B52: 41 | C52: TORRES | D52: LOPEZ | E52: ESMERALDA DANNAE | G52: 0 | H52: 7 | M52: =G52+I52+K52 -> 0 | N52: =(M52*100)/$P$8 -> 0 | O52: =H52+J52+L52 -> 7 | P52: =IF(AVERAGE(H52,J52,L52)<6,(5),(ROUND(AVERAGE(H52,J52,L52),0))) -> 7 | R52: =IF(N52>20,"EXTRA","ORD") -> ORD
A53: 42 | C53: VARGAS | D53: RODRIGUEZ | E53: PABLO | G53: 0 | H53: 8 | M53: =G53+I53+K53 -> 0 | N53: =(M53*100)/$P$8 -> 0 | O53: =H53+J53+L53 -> 8 | P53: =IF(AVERAGE(H53,J53,L53)<6,(5),(ROUND(AVERAGE(H53,J53,L53),0))) -> 8 | R53: =IF(N53>20,"EXTRA","ORD") -> ORD
B54: 43 | C54: VARGAS | D54: ROMERO | E54: MEDELIN YANDERI | G54: 0 | H54: 10 | M54: =G54+I54+K54 -> 0 | N54: =(M54*100)/$P$8 -> 0 | O54: =H54+J54+L54 -> 10 | P54: =IF(AVERAGE(H54,J54,L54)<6,(5),(ROUND(AVERAGE(H54,J54,L54),0))) -> 10 | R54: =IF(N54>20,"EXTRA","ORD") -> ORD
B55: 44 | C55: VEGA | D55: BARRON | E55: VALENTINA | G55: 0 | H55: 10 | M55: =G55+I55+K55 -> 0 | N55: =(M55*100)/$P$8 -> 0 | O55: =H55+J55+L55 -> 10 | P55: =IF(AVERAGE(H55,J55,L55)<6,(5),(ROUND(AVERAGE(H55,J55,L55),0))) -> 10 | R55: =IF(N55>20,"EXTRA","ORD") -> ORD
B56: 45 | C56: VELAZQUEZ | D56: MEJIA | E56: AYLIN DANIELA | G56: 0 | H56: 7 | M56: =G56+I56+K56 -> 0 | N56: =(M56*100)/$P$8 -> 0 | O56: =H56+J56+L56 -> 7 | P56: =IF(AVERAGE(H56,J56,L56)<6,(5),(ROUND(AVERAGE(H56,J56,L56),0))) -> 7 | R56: =IF(N56>20,"EXTRA","ORD") -> ORD
E57: Totales | G57: =SUM(G12:G56) -> 27 | H57: =AVERAGE(H12:H56) -> 7.7111111 | I57: =SUM(I12:I56) -> 0 | J57: =AVERAGE(J12:J56) -> #DIV/0! | K57: =SUM(K12:K56) -> 0 | L57: =AVERAGE(L12:L56) -> #DIV/0! | M57: =SUM(M12:M56) -> 27 | N57: PROMEDIO FINAL | P57: =AVERAGE(P6:P56) -> 7.5625
A58: H | B58: M | E58: APROBADOS | H58: =COUNTIF(H12:H56,">5") -> 40 | J58: =COUNTIF(J12:J56,">5") -> 0 | L58: =COUNTIF(L12:L56,">5") -> 0 | N58: APROBADOS FINAL | P58: =COUNTIF(P12:P56,">5") -> 40
A59: =COUNT(A12:A56) -> 23 | B59: =COUNT(B12:B56) -> 22 | E59: REPROBADOS | H59: =COUNTIF(H12:H56,5) -> 5 | J59: =COUNTIF(J12:J56,5) -> 0 | L59: =COUNTIF(L12:L56,5) -> 0 | N59: EXTRAORDINARIOS | P59: =COUNTIF(P12:P56,5) -> 5
E60: % APROVECHAMIENTO | H60: =H58*100/H9 -> 88.888889 | J60: =J58*100/H9 -> 0 | L60: =L58*100/H9 -> 0 | N60: APROVECH FINAL | P60: =P58*100/H9 -> 88.888889
N61: % FALTAS | P61: =AVERAGE(N12:N56) -> 7.5
N62: % ASISTENCIA | P62: =100-P61 -> 92.5

Sheet 3-1 practica y colaboracion ciu
O1: HORAS IMPARTIDAS
C2: ORIENTADORA | D2: NEFATLÍ MARGARITA MORLÁN ORTÍZ | H2: ESCUELA PREPARATORIA OFICIAL NÚM.67 | O2: Febrero
H3: “2026. Año del Humanismo Mexicano en el Estado de México ”. | O3: Marzo
H4: CICLO ESCOLAR: 2025 -2026 | O4: Abril
E5: TURNO : | G5: MATUTINO | J5: Grado | K5: 3° | L5: Grupo | M5: 1 | O5: Mayo
E6: PROFESOR(A): | K6: UAC | L6: PRÁCTICA Y COLABORACIÓN CIUDADANA II | O6: Junio | P6: 5
G7: HOMBRES | H7: =A59 -> 23 | O7: Julio | P7: 3
G8: MUJERES | H8: =B59 -> 22 | O8: TOTAL | P8: =SUM(P2:P7) -> 8
G9: TOTAL | H9: =H7+H8 -> 45
A10: N | B10: P | C10: NOMBRE DEL ALUMNO | G10: PRIMERA EVALUACIÓN | I10: SEGUNDA EVALUACIÓN | K10: TERCERA EVALUACIÓN | M10: EVALUACIÓN FINAL
A11: H | B11: M | G11: FALTAS | H11: CALIF. | I11: FALTAS | J11: CALIF. | K11: FALTAS | L11: CALIF. | M11: TOT. DE FALTAS | N11: % FALTAS | O11: TOTAL DE PUNTOS | P11: CALIF. FINAL | Q11: FIRMA DEL ALUMNO | R11: ESTATUS
A12: 1 | C12: ABARCA | D12: MELENDEZ | E12: ANDRES SAID | G12: 0 | H12: 7 | M12: =G12+I12+K12 -> 0 | N12: =(M12*100)/$P$8 -> 0 | O12: =H12+J12+L12 -> 7 | P12: =IF(AVERAGE(H12,J12,L12)<6,(5),(ROUND(AVERAGE(H12,J12,L12),0))) -> 7 | R12: =IF(N12>20,"EXTRA","ORD") -> ORD
B13: 2 | C13: ALCANTARA | D13: BELTRAN | E13: JESSICA | G13: 0 | H13: 10 | M13: =G13+I13+K13 -> 0 | N13: =(M13*100)/$P$8 -> 0 | O13: =H13+J13+L13 -> 10 | P13: =IF(AVERAGE(H13,J13,L13)<6,(5),(ROUND(AVERAGE(H13,J13,L13),0))) -> 10 | R13: =IF(N13>20,"EXTRA","ORD") -> ORD
A14: 3 | C14: ALVAREZ | D14: BERNALDO | E14: ANGEL ALBERTO | G14: 0 | H14: 10 | M14: =G14+I14+K14 -> 0 | N14: =(M14*100)/$P$8 -> 0 | O14: =H14+J14+L14 -> 10 | P14: =IF(AVERAGE(H14,J14,L14)<6,(5),(ROUND(AVERAGE(H14,J14,L14),0))) -> 10 | R14: =IF(N14>20,"EXTRA","ORD") -> ORD
B15: 4 | C15: ALVAREZ | D15: GONZALEZ | E15: ALLISON JADE | G15: 0 | H15: 6 | M15: =G15+I15+K15 -> 0 | N15: =(M15*100)/$P$8 -> 0 | O15: =H15+J15+L15 -> 6 | P15: =IF(AVERAGE(H15,J15,L15)<6,(5),(ROUND(AVERAGE(H15,J15,L15),0))) -> 6 | R15: =IF(N15>20,"EXTRA","ORD") -> ORD
A16: 5 | C16: ANZALDO | D16: MARTINEZ | E16: NAYONEL YAEL | G16: 0 | H16: 8 | M16: =G16+I16+K16 -> 0 | N16: =(M16*100)/$P$8 -> 0 | O16: =H16+J16+L16 -> 8 | P16: =IF(AVERAGE(H16,J16,L16)<6,(5),(ROUND(AVERAGE(H16,J16,L16),0))) -> 8 | R16: =IF(N16>20,"EXTRA","ORD") -> ORD
A17: 6 | C17: AVILA | D17: ESCAMILLA | E17: JUSTIN YAHEL | G17: 21 | H17: 8 | M17: =G17+I17+K17 -> 21 | N17: =(M17*100)/$P$8 -> 262.5 | O17: =H17+J17+L17 -> 8 | P17: =IF(AVERAGE(H17,J17,L17)<6,(5),(ROUND(AVERAGE(H17,J17,L17),0))) -> 8 | R17: =IF(N17>20,"EXTRA","ORD") -> EXTRA
A18: 7 | C18: AYALA | D18: LARA | E18: ISAAC | G18: 0 | H18: 8 | M18: =G18+I18+K18 -> 0 | N18: =(M18*100)/$P$8 -> 0 | O18: =H18+J18+L18 -> 8 | P18: =IF(AVERAGE(H18,J18,L18)<6,(5),(ROUND(AVERAGE(H18,J18,L18),0))) -> 8 | R18: =IF(N18>20,"EXTRA","ORD") -> ORD
B19: 8 | C19: BATRES | D19: CERDA | E19: MARIA DEL PILAR | G19: 0 | H19: 10 | M19: =G19+I19+K19 -> 0 | N19: =(M19*100)/$P$8 -> 0 | O19: =H19+J19+L19 -> 10 | P19: =IF(AVERAGE(H19,J19,L19)<6,(5),(ROUND(AVERAGE(H19,J19,L19),0))) -> 10 | R19: =IF(N19>20,"EXTRA","ORD") -> ORD
A20: 9 | C20: BONILLA | D20: TREJO | E20: FRANCISCO TONATIUH | G20: 0 | H20: 5 | M20: =G20+I20+K20 -> 0 | N20: =(M20*100)/$P$8 -> 0 | O20: =H20+J20+L20 -> 5 | P20: =IF(AVERAGE(H20,J20,L20)<6,(5),(ROUND(AVERAGE(H20,J20,L20),0))) -> 5 | R20: =IF(N20>20,"EXTRA","ORD") -> ORD
A21: 10 | C21: CABRERA | D21: MARTINEZ | E21: JESUS ADRIAN | G21: 0 | H21: 10 | M21: =G21+I21+K21 -> 0 | N21: =(M21*100)/$P$8 -> 0 | O21: =H21+J21+L21 -> 10 | P21: =IF(AVERAGE(H21,J21,L21)<6,(5),(ROUND(AVERAGE(H21,J21,L21),0))) -> 10 | R21: =IF(N21>20,"EXTRA","ORD") -> ORD
B22: 11 | C22: CARDONA | D22: ZARATE | E22: JULIA EMILY | G22: 0 | H22: 8 | M22: =G22+I22+K22 -> 0 | N22: =(M22*100)/$P$8 -> 0 | O22: =H22+J22+L22 -> 8 | P22: =IF(AVERAGE(H22,J22,L22)<6,(5),(ROUND(AVERAGE(H22,J22,L22),0))) -> 8 | R22: =IF(N22>20,"EXTRA","ORD") -> ORD
A23: 12 | C23: CASALES | D23: LORANCA | E23: EDSON | G23: 0 | H23: 6 | M23: =G23+I23+K23 -> 0 | N23: =(M23*100)/$P$8 -> 0 | O23: =H23+J23+L23 -> 6 | P23: =IF(AVERAGE(H23,J23,L23)<6,(5),(ROUND(AVERAGE(H23,J23,L23),0))) -> 6 | R23: =IF(N23>20,"EXTRA","ORD") -> ORD
A24: 13 | C24: CRUZ | D24: GARCÍA | E24: PEDRO YASHIR | G24: 0 | H24: 5 | M24: =G24+I24+K24 -> 0 | N24: =(M24*100)/$P$8 -> 0 | O24: =H24+J24+L24 -> 5 | P24: =IF(AVERAGE(H24,J24,L24)<6,(5),(ROUND(AVERAGE(H24,J24,L24),0))) -> 5 | R24: =IF(N24>20,"EXTRA","ORD") -> ORD
B25: 14 | C25: FUENTES | D25: VALADEZ | E25: ALEXIA DANNAE | G25: 0 | H25: 10 | M25: =G25+I25+K25 -> 0 | N25: =(M25*100)/$P$8 -> 0 | O25: =H25+J25+L25 -> 10 | P25: =IF(AVERAGE(H25,J25,L25)<6,(5),(ROUND(AVERAGE(H25,J25,L25),0))) -> 10 | R25: =IF(N25>20,"EXTRA","ORD") -> ORD
A26: 15 | C26: GARCIA | D26: RANGEL | E26: ADRIAN | G26: 0 | H26: 10 | M26: =G26+I26+K26 -> 0 | N26: =(M26*100)/$P$8 -> 0 | O26: =H26+J26+L26 -> 10 | P26: =IF(AVERAGE(H26,J26,L26)<6,(5),(ROUND(AVERAGE(H26,J26,L26),0))) -> 10 | R26: =IF(N26>20,"EXTRA","ORD") -> ORD
B27: 16 | C27: GOMEZ | D27: ARREDONDO | E27: AMERICA NAOMI | G27: 0 | H27: 5 | M27: =G27+I27+K27 -> 0 | N27: =(M27*100)/$P$8 -> 0 | O27: =H27+J27+L27 -> 5 | P27: =IF(AVERAGE(H27,J27,L27)<6,(5),(ROUND(AVERAGE(H27,J27,L27),0))) -> 5 | R27: =IF(N27>20,"EXTRA","ORD") -> ORD
B28: 17 | C28: GOMEZ | D28: VAZQUEZ | E28: BIBIANA | G28: 0 | H28: 7 | M28: =G28+I28+K28 -> 0 | N28: =(M28*100)/$P$8 -> 0 | O28: =H28+J28+L28 -> 7 | P28: =IF(AVERAGE(H28,J28,L28)<6,(5),(ROUND(AVERAGE(H28,J28,L28),0))) -> 7 | R28: =IF(N28>20,"EXTRA","ORD") -> ORD
B29: 18 | C29: GONZALEZ | D29: REYNA | E29: PAULA EDITH | G29: 0 | H29: 6 | M29: =G29+I29+K29 -> 0 | N29: =(M29*100)/$P$8 -> 0 | O29: =H29+J29+L29 -> 6 | P29: =IF(AVERAGE(H29,J29,L29)<6,(5),(ROUND(AVERAGE(H29,J29,L29),0))) -> 6 | R29: =IF(N29>20,"EXTRA","ORD") -> ORD
A30: 19 | C30: HERNANDEZ | D30: CHAVEZ | E30: DEREK | G30: 1 | H30: 6 | M30: =G30+I30+K30 -> 1 | N30: =(M30*100)/$P$8 -> 12.5 | O30: =H30+J30+L30 -> 6 | P30: =IF(AVERAGE(H30,J30,L30)<6,(5),(ROUND(AVERAGE(H30,J30,L30),0))) -> 6 | R30: =IF(N30>20,"EXTRA","ORD") -> ORD
B31: 20 | C31: HERNANDEZ | D31: LEDEZMA | E31: IRIARY GUADALUPE | G31: 0 | H31: 10 | M31: =G31+I31+K31 -> 0 | N31: =(M31*100)/$P$8 -> 0 | O31: =H31+J31+L31 -> 10 | P31: =IF(AVERAGE(H31,J31,L31)<6,(5),(ROUND(AVERAGE(H31,J31,L31),0))) -> 10 | R31: =IF(N31>20,"EXTRA","ORD") -> ORD
A32: 21 | C32: JARALEÑO | D32: BLANCO | E32: IRVING GAEL | G32: 0 | H32: 9 | M32: =G32+I32+K32 -> 0 | N32: =(M32*100)/$P$8 -> 0 | O32: =H32+J32+L32 -> 9 | P32: =IF(AVERAGE(H32,J32,L32)<6,(5),(ROUND(AVERAGE(H32,J32,L32),0))) -> 9 | R32: =IF(N32>20,"EXTRA","ORD") -> ORD
B33: 22 | C33: LIMA | D33: ACEVES | E33: DAFNE ERIN | G33: 0 | H33: 6 | M33: =G33+I33+K33 -> 0 | N33: =(M33*100)/$P$8 -> 0 | O33: =H33+J33+L33 -> 6 | P33: =IF(AVERAGE(H33,J33,L33)<6,(5),(ROUND(AVERAGE(H33,J33,L33),0))) -> 6 | R33: =IF(N33>20,"EXTRA","ORD") -> ORD
B34: 23 | C34: LOPEZ | D34: GODINEZ | E34: AZUL XIMENA | G34: 1 | H34: 5 | M34: =G34+I34+K34 -> 1 | N34: =(M34*100)/$P$8 -> 12.5 | O34: =H34+J34+L34 -> 5 | P34: =IF(AVERAGE(H34,J34,L34)<6,(5),(ROUND(AVERAGE(H34,J34,L34),0))) -> 5 | R34: =IF(N34>20,"EXTRA","ORD") -> ORD
A35: 24 | C35: LUGO | D35: GONZALEZ | E35: LUIS DARIO | G35: 2 | H35: 7 | M35: =G35+I35+K35 -> 2 | N35: =(M35*100)/$P$8 -> 25 | O35: =H35+J35+L35 -> 7 | P35: =IF(AVERAGE(H35,J35,L35)<6,(5),(ROUND(AVERAGE(H35,J35,L35),0))) -> 7 | R35: =IF(N35>20,"EXTRA","ORD") -> EXTRA
A36: 25 | C36: MARQUEZ | D36: YAÑEZ | E36: ISRAEL | G36: 0 | H36: 7 | M36: =G36+I36+K36 -> 0 | N36: =(M36*100)/$P$8 -> 0 | O36: =H36+J36+L36 -> 7 | P36: =IF(AVERAGE(H36,J36,L36)<6,(5),(ROUND(AVERAGE(H36,J36,L36),0))) -> 7 | R36: =IF(N36>20,"EXTRA","ORD") -> ORD
A37: 26 | C37: MARTINEZ | D37: MONTERO | E37: ANGEL YAIR | G37: 0 | H37: 7 | M37: =G37+I37+K37 -> 0 | N37: =(M37*100)/$P$8 -> 0 | O37: =H37+J37+L37 -> 7 | P37: =IF(AVERAGE(H37,J37,L37)<6,(5),(ROUND(AVERAGE(H37,J37,L37),0))) -> 7 | R37: =IF(N37>20,"EXTRA","ORD") -> ORD
A38: 27 | C38: MENDOZA | D38: CRUZ | E38: IAN YAMIL | G38: 0 | H38: 7 | M38: =G38+I38+K38 -> 0 | N38: =(M38*100)/$P$8 -> 0 | O38: =H38+J38+L38 -> 7 | P38: =IF(AVERAGE(H38,J38,L38)<6,(5),(ROUND(AVERAGE(H38,J38,L38),0))) -> 7 | R38: =IF(N38>20,"EXTRA","ORD") -> ORD
B39: 28 | C39: MONTOYA | D39: LOPEZ | E39: WENDY MARIEL | G39: 0 | H39: 8 | M39: =G39+I39+K39 -> 0 | N39: =(M39*100)/$P$8 -> 0 | O39: =H39+J39+L39 -> 8 | P39: =IF(AVERAGE(H39,J39,L39)<6,(5),(ROUND(AVERAGE(H39,J39,L39),0))) -> 8 | R39: =IF(N39>20,"EXTRA","ORD") -> ORD
B40: 29 | C40: MORA | D40: SORIANO | E40: GIANNINA | G40: 0 | H40: 8 | M40: =G40+I40+K40 -> 0 | N40: =(M40*100)/$P$8 -> 0 | O40: =H40+J40+L40 -> 8 | P40: =IF(AVERAGE(H40,J40,L40)<6,(5),(ROUND(AVERAGE(H40,J40,L40),0))) -> 8 | R40: =IF(N40>20,"EXTRA","ORD") -> ORD
B41: 30 | C41: PAZ | D41: GUTIERREZ | E41: NADIA PAMELA | G41: 0 | H41: 8 | M41: =G41+I41+K41 -> 0 | N41: =(M41*100)/$P$8 -> 0 | O41: =H41+J41+L41 -> 8 | P41: =IF(AVERAGE(H41,J41,L41)<6,(5),(ROUND(AVERAGE(H41,J41,L41),0))) -> 8 | R41: =IF(N41>20,"EXTRA","ORD") -> ORD
B42: 31 | C42: RAMIREZ | D42: MALDONADO | E42: DULCE MONTSERRAT | G42: 0 | H42: 8 | M42: =G42+I42+K42 -> 0 | N42: =(M42*100)/$P$8 -> 0 | O42: =H42+J42+L42 -> 8 | P42: =IF(AVERAGE(H42,J42,L42)<6,(5),(ROUND(AVERAGE(H42,J42,L42),0))) -> 8 | R42: =IF(N42>20,"EXTRA","ORD") -> ORD
A43: 32 | C43: RAMOS | D43: SANTANA | E43: OSCAR SAMUEL | G43: 0 | H43: 6 | M43: =G43+I43+K43 -> 0 | N43: =(M43*100)/$P$8 -> 0 | O43: =H43+J43+L43 -> 6 | P43: =IF(AVERAGE(H43,J43,L43)<6,(5),(ROUND(AVERAGE(H43,J43,L43),0))) -> 6 | R43: =IF(N43>20,"EXTRA","ORD") -> ORD
A44: 33 | C44: RESENDIZ | D44: GODINEZ | E44: GAEL EMILIANO | G44: 0 | H44: 8 | M44: =G44+I44+K44 -> 0 | N44: =(M44*100)/$P$8 -> 0 | O44: =H44+J44+L44 -> 8 | P44: =IF(AVERAGE(H44,J44,L44)<6,(5),(ROUND(AVERAGE(H44,J44,L44),0))) -> 8 | R44: =IF(N44>20,"EXTRA","ORD") -> ORD
B45: 34 | C45: REYES | D45: ALLENDE | E45: ANA LILIA | G45: 2 | H45: 5 | M45: =G45+I45+K45 -> 2 | N45: =(M45*100)/$P$8 -> 25 | O45: =H45+J45+L45 -> 5 | P45: =IF(AVERAGE(H45,J45,L45)<6,(5),(ROUND(AVERAGE(H45,J45,L45),0))) -> 5 | R45: =IF(N45>20,"EXTRA","ORD") -> EXTRA
B46: 35 | C46: REYES | D46: FUENTES | E46: ELIZABETH | G46: 0 | H46: 9 | M46: =G46+I46+K46 -> 0 | N46: =(M46*100)/$P$8 -> 0 | O46: =H46+J46+L46 -> 9 | P46: =IF(AVERAGE(H46,J46,L46)<6,(5),(ROUND(AVERAGE(H46,J46,L46),0))) -> 9 | R46: =IF(N46>20,"EXTRA","ORD") -> ORD
B47: 36 | C47: SANCHEZ | D47: MELENDEZ | E47: JACQUELINE | G47: 0 | H47: 8 | M47: =G47+I47+K47 -> 0 | N47: =(M47*100)/$P$8 -> 0 | O47: =H47+J47+L47 -> 8 | P47: =IF(AVERAGE(H47,J47,L47)<6,(5),(ROUND(AVERAGE(H47,J47,L47),0))) -> 8 | R47: =IF(N47>20,"EXTRA","ORD") -> ORD
A48: 37 | C48: SERRANO | D48: MAGALLON | E48: DIEGO | G48: 0 | H48: 10 | M48: =G48+I48+K48 -> 0 | N48: =(M48*100)/$P$8 -> 0 | O48: =H48+J48+L48 -> 10 | P48: =IF(AVERAGE(H48,J48,L48)<6,(5),(ROUND(AVERAGE(H48,J48,L48),0))) -> 10 | R48: =IF(N48>20,"EXTRA","ORD") -> ORD
A49: 38 | C49: SOSA | D49: ALCANTARA | E49: IAN MICHELLE | G49: 0 | H49: 7 | M49: =G49+I49+K49 -> 0 | N49: =(M49*100)/$P$8 -> 0 | O49: =H49+J49+L49 -> 7 | P49: =IF(AVERAGE(H49,J49,L49)<6,(5),(ROUND(AVERAGE(H49,J49,L49),0))) -> 7 | R49: =IF(N49>20,"EXTRA","ORD") -> ORD
A50: 39 | C50: SOTO | D50: CORTES | E50: ANGEL SEBASTIAN | G50: 0 | H50: 10 | M50: =G50+I50+K50 -> 0 | N50: =(M50*100)/$P$8 -> 0 | O50: =H50+J50+L50 -> 10 | P50: =IF(AVERAGE(H50,J50,L50)<6,(5),(ROUND(AVERAGE(H50,J50,L50),0))) -> 10 | R50: =IF(N50>20,"EXTRA","ORD") -> ORD
A51: 40 | C51: TLAPALAMATL | D51: GONZALEZ | E51: ANGEL ISRAEL | G51: 0 | H51: 7 | M51: =G51+I51+K51 -> 0 | N51: =(M51*100)/$P$8 -> 0 | O51: =H51+J51+L51 -> 7 | P51: =IF(AVERAGE(H51,J51,L51)<6,(5),(ROUND(AVERAGE(H51,J51,L51),0))) -> 7 | R51: =IF(N51>20,"EXTRA","ORD") -> ORD
B52: 41 | C52: TORRES | D52: LOPEZ | E52: ESMERALDA DANNAE | G52: 0 | H52: 7 | M52: =G52+I52+K52 -> 0 | N52: =(M52*100)/$P$8 -> 0 | O52: =H52+J52+L52 -> 7 | P52: =IF(AVERAGE(H52,J52,L52)<6,(5),(ROUND(AVERAGE(H52,J52,L52),0))) -> 7 | R52: =IF(N52>20,"EXTRA","ORD") -> ORD
A53: 42 | C53: VARGAS | D53: RODRIGUEZ | E53: PABLO | G53: 0 | H53: 8 | M53: =G53+I53+K53 -> 0 | N53: =(M53*100)/$P$8 -> 0 | O53: =H53+J53+L53 -> 8 | P53: =IF(AVERAGE(H53,J53,L53)<6,(5),(ROUND(AVERAGE(H53,J53,L53),0))) -> 8 | R53: =IF(N53>20,"EXTRA","ORD") -> ORD
B54: 43 | C54: VARGAS | D54: ROMERO | E54: MEDELIN YANDERI | G54: 0 | H54: 10 | M54: =G54+I54+K54 -> 0 | N54: =(M54*100)/$P$8 -> 0 | O54: =H54+J54+L54 -> 10 | P54: =IF(AVERAGE(H54,J54,L54)<6,(5),(ROUND(AVERAGE(H54,J54,L54),0))) -> 10 | R54: =IF(N54>20,"EXTRA","ORD") -> ORD
B55: 44 | C55: VEGA | D55: BARRON | E55: VALENTINA | G55: 0 | H55: 10 | M55: =G55+I55+K55 -> 0 | N55: =(M55*100)/$P$8 -> 0 | O55: =H55+J55+L55 -> 10 | P55: =IF(AVERAGE(H55,J55,L55)<6,(5),(ROUND(AVERAGE(H55,J55,L55),0))) -> 10 | R55: =IF(N55>20,"EXTRA","ORD") -> ORD
B56: 45 | C56: VELAZQUEZ | D56: MEJIA | E56: AYLIN DANIELA | G56: 0 | H56: 7 | M56: =G56+I56+K56 -> 0 | N56: =(M56*100)/$P$8 -> 0 | O56: =H56+J56+L56 -> 7 | P56: =IF(AVERAGE(H56,J56,L56)<6,(5),(ROUND(AVERAGE(H56,J56,L56),0))) -> 7 | R56: =IF(N56>20,"EXTRA","ORD") -> ORD
E57: Totales | G57: =SUM(G12:G56) -> 27 | H57: =AVERAGE(H12:H56) -> 7.7111111 | I57: =SUM(I12:I56) -> 0 | J57: =AVERAGE(J12:J56) -> #DIV/0! | K57: =SUM(K12:K56) -> 0 | L57: =AVERAGE(L12:L56) -> #DIV/0! | M57: =SUM(M12:M56) -> 27 | N57: PROMEDIO FINAL | P57: =AVERAGE(P6:P56) -> 7.5625
A58: H | B58: M | E58: APROBADOS | H58: =COUNTIF(H12:H56,">5") -> 40 | J58: =COUNTIF(J12:J56,">5") -> 0 | L58: =COUNTIF(L12:L56,">5") -> 0 | N58: APROBADOS FINAL | P58: =COUNTIF(P12:P56,">5") -> 40
A59: =COUNT(A12:A56) -> 23 | B59: =COUNT(B12:B56) -> 22 | E59: REPROBADOS | H59: =COUNTIF(H12:H56,5) -> 5 | J59: =COUNTIF(J12:J56,5) -> 0 | L59: =COUNTIF(L12:L56,5) -> 0 | N59: EXTRAORDINARIOS | P59: =COUNTIF(P12:P56,5) -> 5
E60: % APROVECHAMIENTO | H60: =H58*100/H9 -> 88.888889 | J60: =J58*100/H9 -> 0 | L60: =L58*100/H9 -> 0 | N60: APROVECH FINAL | P60: =P58*100/H9 -> 88.888889
N61: % FALTAS | P61: =AVERAGE(N12:N56) -> 7.5
N62: % ASISTENCIA | P62: =100-P61 -> 92.5

Sheet 3-1 temas selectos de igualdad 
O1: HORAS IMPARTIDAS
C2: ORIENTADORA | D2: NEFATLÍ MARGARITA MORLÁN ORTÍZ | H2: ESCUELA PREPARATORIA OFICIAL NÚM.67 | O2: Febrero
H3: “2026. Año del Humanismo Mexicano en el Estado de México ”. | O3: Marzo
H4: CICLO ESCOLAR: 2025 -2026 | O4: Abril
E5: TURNO : | G5: MATUTINO | J5: Grado | K5: 3° | L5: Grupo | M5: 1 | O5: Mayo
E6: PROFESOR(A): | K6: UAC | L6: TEMAS SELECTOS DE IGUALDAD Y DERECHOS HUMANOS VI | O6: Junio | P6: 5
G7: HOMBRES | H7: =A59 -> 23 | O7: Julio | P7: 3
G8: MUJERES | H8: =B59 -> 22 | O8: TOTAL | P8: =SUM(P2:P7) -> 8
G9: TOTAL | H9: =H7+H8 -> 45
A10: N | B10: P | C10: NOMBRE DEL ALUMNO | G10: PRIMERA EVALUACIÓN | I10: SEGUNDA EVALUACIÓN | K10: TERCERA EVALUACIÓN | M10: EVALUACIÓN FINAL
A11: H | B11: M | G11: FALTAS | H11: CALIF. | I11: FALTAS | J11: CALIF. | K11: FALTAS | L11: CALIF. | M11: TOT. DE FALTAS | N11: % FALTAS | O11: TOTAL DE PUNTOS | P11: CALIF. FINAL | Q11: FIRMA DEL ALUMNO | R11: ESTATUS
A12: 1 | C12: ABARCA | D12: MELENDEZ | E12: ANDRES SAID | G12: 0 | H12: 7 | M12: =G12+I12+K12 -> 0 | N12: =(M12*100)/$P$8 -> 0 | O12: =H12+J12+L12 -> 7 | P12: =IF(AVERAGE(H12,J12,L12)<6,(5),(ROUND(AVERAGE(H12,J12,L12),0))) -> 7 | R12: =IF(N12>20,"EXTRA","ORD") -> ORD
B13: 2 | C13: ALCANTARA | D13: BELTRAN | E13: JESSICA | G13: 0 | H13: 10 | M13: =G13+I13+K13 -> 0 | N13: =(M13*100)/$P$8 -> 0 | O13: =H13+J13+L13 -> 10 | P13: =IF(AVERAGE(H13,J13,L13)<6,(5),(ROUND(AVERAGE(H13,J13,L13),0))) -> 10 | R13: =IF(N13>20,"EXTRA","ORD") -> ORD
A14: 3 | C14: ALVAREZ | D14: BERNALDO | E14: ANGEL ALBERTO | G14: 0 | H14: 10 | M14: =G14+I14+K14 -> 0 | N14: =(M14*100)/$P$8 -> 0 | O14: =H14+J14+L14 -> 10 | P14: =IF(AVERAGE(H14,J14,L14)<6,(5),(ROUND(AVERAGE(H14,J14,L14),0))) -> 10 | R14: =IF(N14>20,"EXTRA","ORD") -> ORD
B15: 4 | C15: ALVAREZ | D15: GONZALEZ | E15: ALLISON JADE | G15: 0 | H15: 6 | M15: =G15+I15+K15 -> 0 | N15: =(M15*100)/$P$8 -> 0 | O15: =H15+J15+L15 -> 6 | P15: =IF(AVERAGE(H15,J15,L15)<6,(5),(ROUND(AVERAGE(H15,J15,L15),0))) -> 6 | R15: =IF(N15>20,"EXTRA","ORD") -> ORD
A16: 5 | C16: ANZALDO | D16: MARTINEZ | E16: NAYONEL YAEL | G16: 0 | H16: 8 | M16: =G16+I16+K16 -> 0 | N16: =(M16*100)/$P$8 -> 0 | O16: =H16+J16+L16 -> 8 | P16: =IF(AVERAGE(H16,J16,L16)<6,(5),(ROUND(AVERAGE(H16,J16,L16),0))) -> 8 | R16: =IF(N16>20,"EXTRA","ORD") -> ORD
A17: 6 | C17: AVILA | D17: ESCAMILLA | E17: JUSTIN YAHEL | G17: 21 | H17: 8 | M17: =G17+I17+K17 -> 21 | N17: =(M17*100)/$P$8 -> 262.5 | O17: =H17+J17+L17 -> 8 | P17: =IF(AVERAGE(H17,J17,L17)<6,(5),(ROUND(AVERAGE(H17,J17,L17),0))) -> 8 | R17: =IF(N17>20,"EXTRA","ORD") -> EXTRA
A18: 7 | C18: AYALA | D18: LARA | E18: ISAAC | G18: 0 | H18: 8 | M18: =G18+I18+K18 -> 0 | N18: =(M18*100)/$P$8 -> 0 | O18: =H18+J18+L18 -> 8 | P18: =IF(AVERAGE(H18,J18,L18)<6,(5),(ROUND(AVERAGE(H18,J18,L18),0))) -> 8 | R18: =IF(N18>20,"EXTRA","ORD") -> ORD
B19: 8 | C19: BATRES | D19: CERDA | E19: MARIA DEL PILAR | G19: 0 | H19: 10 | M19: =G19+I19+K19 -> 0 | N19: =(M19*100)/$P$8 -> 0 | O19: =H19+J19+L19 -> 10 | P19: =IF(AVERAGE(H19,J19,L19)<6,(5),(ROUND(AVERAGE(H19,J19,L19),0))) -> 10 | R19: =IF(N19>20,"EXTRA","ORD") -> ORD
A20: 9 | C20: BONILLA | D20: TREJO | E20: FRANCISCO TONATIUH | G20: 0 | H20: 5 | M20: =G20+I20+K20 -> 0 | N20: =(M20*100)/$P$8 -> 0 | O20: =H20+J20+L20 -> 5 | P20: =IF(AVERAGE(H20,J20,L20)<6,(5),(ROUND(AVERAGE(H20,J20,L20),0))) -> 5 | R20: =IF(N20>20,"EXTRA","ORD") -> ORD
A21: 10 | C21: CABRERA | D21: MARTINEZ | E21: JESUS ADRIAN | G21: 0 | H21: 10 | M21: =G21+I21+K21 -> 0 | N21: =(M21*100)/$P$8 -> 0 | O21: =H21+J21+L21 -> 10 | P21: =IF(AVERAGE(H21,J21,L21)<6,(5),(ROUND(AVERAGE(H21,J21,L21),0))) -> 10 | R21: =IF(N21>20,"EXTRA","ORD") -> ORD
B22: 11 | C22: CARDONA | D22: ZARATE | E22: JULIA EMILY | G22: 0 | H22: 8 | M22: =G22+I22+K22 -> 0 | N22: =(M22*100)/$P$8 -> 0 | O22: =H22+J22+L22 -> 8 | P22: =IF(AVERAGE(H22,J22,L22)<6,(5),(ROUND(AVERAGE(H22,J22,L22),0))) -> 8 | R22: =IF(N22>20,"EXTRA","ORD") -> ORD
A23: 12 | C23: CASALES | D23: LORANCA | E23: EDSON | G23: 0 | H23: 6 | M23: =G23+I23+K23 -> 0 | N23: =(M23*100)/$P$8 -> 0 | O23: =H23+J23+L23 -> 6 | P23: =IF(AVERAGE(H23,J23,L23)<6,(5),(ROUND(AVERAGE(H23,J23,L23),0))) -> 6 | R23: =IF(N23>20,"EXTRA","ORD") -> ORD
A24: 13 | C24: CRUZ | D24: GARCÍA | E24: PEDRO YASHIR | G24: 0 | H24: 5 | M24: =G24+I24+K24 -> 0 | N24: =(M24*100)/$P$8 -> 0 | O24: =H24+J24+L24 -> 5 | P24: =IF(AVERAGE(H24,J24,L24)<6,(5),(ROUND(AVERAGE(H24,J24,L24),0))) -> 5 | R24: =IF(N24>20,"EXTRA","ORD") -> ORD
B25: 14 | C25: FUENTES | D25: VALADEZ | E25: ALEXIA DANNAE | G25: 0 | H25: 10 | M25: =G25+I25+K25 -> 0 | N25: =(M25*100)/$P$8 -> 0 | O25: =H25+J25+L25 -> 10 | P25: =IF(AVERAGE(H25,J25,L25)<6,(5),(ROUND(AVERAGE(H25,J25,L25),0))) -> 10 | R25: =IF(N25>20,"EXTRA","ORD") -> ORD
A26: 15 | C26: GARCIA | D26: RANGEL | E26: ADRIAN | G26: 0 | H26: 10 | M26: =G26+I26+K26 -> 0 | N26: =(M26*100)/$P$8 -> 0 | O26: =H26+J26+L26 -> 10 | P26: =IF(AVERAGE(H26,J26,L26)<6,(5),(ROUND(AVERAGE(H26,J26,L26),0))) -> 10 | R26: =IF(N26>20,"EXTRA","ORD") -> ORD
B27: 16 | C27: GOMEZ | D27: ARREDONDO | E27: AMERICA NAOMI | G27: 0 | H27: 5 | M27: =G27+I27+K27 -> 0 | N27: =(M27*100)/$P$8 -> 0 | O27: =H27+J27+L27 -> 5 | P27: =IF(AVERAGE(H27,J27,L27)<6,(5),(ROUND(AVERAGE(H27,J27,L27),0))) -> 5 | R27: =IF(N27>20,"EXTRA","ORD") -> ORD
B28: 17 | C28: GOMEZ | D28: VAZQUEZ | E28: BIBIANA | G28: 0 | H28: 7 | M28: =G28+I28+K28 -> 0 | N28: =(M28*100)/$P$8 -> 0 | O28: =H28+J28+L28 -> 7 | P28: =IF(AVERAGE(H28,J28,L28)<6,(5),(ROUND(AVERAGE(H28,J28,L28),0))) -> 7 | R28: =IF(N28>20,"EXTRA","ORD") -> ORD
B29: 18 | C29: GONZALEZ | D29: REYNA | E29: PAULA EDITH | G29: 0 | H29: 6 | M29: =G29+I29+K29 -> 0 | N29: =(M29*100)/$P$8 -> 0 | O29: =H29+J29+L29 -> 6 | P29: =IF(AVERAGE(H29,J29,L29)<6,(5),(ROUND(AVERAGE(H29,J29,L29),0))) -> 6 | R29: =IF(N29>20,"EXTRA","ORD") -> ORD
A30: 19 | C30: HERNANDEZ | D30: CHAVEZ | E30: DEREK | G30: 1 | H30: 6 | M30: =G30+I30+K30 -> 1 | N30: =(M30*100)/$P$8 -> 12.5 | O30: =H30+J30+L30 -> 6 | P30: =IF(AVERAGE(H30,J30,L30)<6,(5),(ROUND(AVERAGE(H30,J30,L30),0))) -> 6 | R30: =IF(N30>20,"EXTRA","ORD") -> ORD
B31: 20 | C31: HERNANDEZ | D31: LEDEZMA | E31: IRIARY GUADALUPE | G31: 0 | H31: 10 | M31: =G31+I31+K31 -> 0 | N31: =(M31*100)/$P$8 -> 0 | O31: =H31+J31+L31 -> 10 | P31: =IF(AVERAGE(H31,J31,L31)<6,(5),(ROUND(AVERAGE(H31,J31,L31),0))) -> 10 | R31: =IF(N31>20,"EXTRA","ORD") -> ORD
A32: 21 | C32: JARALEÑO | D32: BLANCO | E32: IRVING GAEL | G32: 0 | H32: 9 | M32: =G32+I32+K32 -> 0 | N32: =(M32*100)/$P$8 -> 0 | O32: =H32+J32+L32 -> 9 | P32: =IF(AVERAGE(H32,J32,L32)<6,(5),(ROUND(AVERAGE(H32,J32,L32),0))) -> 9 | R32: =IF(N32>20,"EXTRA","ORD") -> ORD
B33: 22 | C33: LIMA | D33: ACEVES | E33: DAFNE ERIN | G33: 0 | H33: 6 | M33: =G33+I33+K33 -> 0 | N33: =(M33*100)/$P$8 -> 0 | O33: =H33+J33+L33 -> 6 | P33: =IF(AVERAGE(H33,J33,L33)<6,(5),(ROUND(AVERAGE(H33,J33,L33),0))) -> 6 | R33: =IF(N33>20,"EXTRA","ORD") -> ORD
B34: 23 | C34: LOPEZ | D34: GODINEZ | E34: AZUL XIMENA | G34: 1 | H34: 5 | M34: =G34+I34+K34 -> 1 | N34: =(M34*100)/$P$8 -> 12.5 | O34: =H34+J34+L34 -> 5 | P34: =IF(AVERAGE(H34,J34,L34)<6,(5),(ROUND(AVERAGE(H34,J34,L34),0))) -> 5 | R34: =IF(N34>20,"EXTRA","ORD") -> ORD
A35: 24 | C35: LUGO | D35: GONZALEZ | E35: LUIS DARIO | G35: 2 | H35: 7 | M35: =G35+I35+K35 -> 2 | N35: =(M35*100)/$P$8 -> 25 | O35: =H35+J35+L35 -> 7 | P35: =IF(AVERAGE(H35,J35,L35)<6,(5),(ROUND(AVERAGE(H35,J35,L35),0))) -> 7 | R35: =IF(N35>20,"EXTRA","ORD") -> EXTRA
A36: 25 | C36: MARQUEZ | D36: YAÑEZ | E36: ISRAEL | G36: 0 | H36: 7 | M36: =G36+I36+K36 -> 0 | N36: =(M36*100)/$P$8 -> 0 | O36: =H36+J36+L36 -> 7 | P36: =IF(AVERAGE(H36,J36,L36)<6,(5),(ROUND(AVERAGE(H36,J36,L36),0))) -> 7 | R36: =IF(N36>20,"EXTRA","ORD") -> ORD
A37: 26 | C37: MARTINEZ | D37: MONTERO | E37: ANGEL YAIR | G37: 0 | H37: 7 | M37: =G37+I37+K37 -> 0 | N37: =(M37*100)/$P$8 -> 0 | O37: =H37+J37+L37 -> 7 | P37: =IF(AVERAGE(H37,J37,L37)<6,(5),(ROUND(AVERAGE(H37,J37,L37),0))) -> 7 | R37: =IF(N37>20,"EXTRA","ORD") -> ORD
A38: 27 | C38: MENDOZA | D38: CRUZ | E38: IAN YAMIL | G38: 0 | H38: 7 | M38: =G38+I38+K38 -> 0 | N38: =(M38*100)/$P$8 -> 0 | O38: =H38+J38+L38 -> 7 | P38: =IF(AVERAGE(H38,J38,L38)<6,(5),(ROUND(AVERAGE(H38,J38,L38),0))) -> 7 | R38: =IF(N38>20,"EXTRA","ORD") -> ORD
B39: 28 | C39: MONTOYA | D39: LOPEZ | E39: WENDY MARIEL | G39: 0 | H39: 8 | M39: =G39+I39+K39 -> 0 | N39: =(M39*100)/$P$8 -> 0 | O39: =H39+J39+L39 -> 8 | P39: =IF(AVERAGE(H39,J39,L39)<6,(5),(ROUND(AVERAGE(H39,J39,L39),0))) -> 8 | R39: =IF(N39>20,"EXTRA","ORD") -> ORD
B40: 29 | C40: MORA | D40: SORIANO | E40: GIANNINA | G40: 0 | H40: 8 | M40: =G40+I40+K40 -> 0 | N40: =(M40*100)/$P$8 -> 0 | O40: =H40+J40+L40 -> 8 | P40: =IF(AVERAGE(H40,J40,L40)<6,(5),(ROUND(AVERAGE(H40,J40,L40),0))) -> 8 | R40: =IF(N40>20,"EXTRA","ORD") -> ORD
B41: 30 | C41: PAZ | D41: GUTIERREZ | E41: NADIA PAMELA | G41: 0 | H41: 8 | M41: =G41+I41+K41 -> 0 | N41: =(M41*100)/$P$8 -> 0 | O41: =H41+J41+L41 -> 8 | P41: =IF(AVERAGE(H41,J41,L41)<6,(5),(ROUND(AVERAGE(H41,J41,L41),0))) -> 8 | R41: =IF(N41>20,"EXTRA","ORD") -> ORD
B42: 31 | C42: RAMIREZ | D42: MALDONADO | E42: DULCE MONTSERRAT | G42: 0 | H42: 8 | M42: =G42+I42+K42 -> 0 | N42: =(M42*100)/$P$8 -> 0 | O42: =H42+J42+L42 -> 8 | P42: =IF(AVERAGE(H42,J42,L42)<6,(5),(ROUND(AVERAGE(H42,J42,L42),0))) -> 8 | R42: =IF(N42>20,"EXTRA","ORD") -> ORD
A43: 32 | C43: RAMOS | D43: SANTANA | E43: OSCAR SAMUEL | G43: 0 | H43: 6 | M43: =G43+I43+K43 -> 0 | N43: =(M43*100)/$P$8 -> 0 | O43: =H43+J43+L43 -> 6 | P43: =IF(AVERAGE(H43,J43,L43)<6,(5),(ROUND(AVERAGE(H43,J43,L43),0))) -> 6 | R43: =IF(N43>20,"EXTRA","ORD") -> ORD
A44: 33 | C44: RESENDIZ | D44: GODINEZ | E44: GAEL EMILIANO | G44: 0 | H44: 8 | M44: =G44+I44+K44 -> 0 | N44: =(M44*100)/$P$8 -> 0 | O44: =H44+J44+L44 -> 8 | P44: =IF(AVERAGE(H44,J44,L44)<6,(5),(ROUND(AVERAGE(H44,J44,L44),0))) -> 8 | R44: =IF(N44>20,"EXTRA","ORD") -> ORD
B45: 34 | C45: REYES | D45: ALLENDE | E45: ANA LILIA | G45: 2 | H45: 5 | M45: =G45+I45+K45 -> 2 | N45: =(M45*100)/$P$8 -> 25 | O45: =H45+J45+L45 -> 5 | P45: =IF(AVERAGE(H45,J45,L45)<6,(5),(ROUND(AVERAGE(H45,J45,L45),0))) -> 5 | R45: =IF(N45>20,"EXTRA","ORD") -> EXTRA
B46: 35 | C46: REYES | D46: FUENTES | E46: ELIZABETH | G46: 0 | H46: 9 | M46: =G46+I46+K46 -> 0 | N46: =(M46*100)/$P$8 -> 0 | O46: =H46+J46+L46 -> 9 | P46: =IF(AVERAGE(H46,J46,L46)<6,(5),(ROUND(AVERAGE(H46,J46,L46),0))) -> 9 | R46: =IF(N46>20,"EXTRA","ORD") -> ORD
B47: 36 | C47: SANCHEZ | D47: MELENDEZ | E47: JACQUELINE | G47: 0 | H47: 8 | M47: =G47+I47+K47 -> 0 | N47: =(M47*100)/$P$8 -> 0 | O47: =H47+J47+L47 -> 8 | P47: =IF(AVERAGE(H47,J47,L47)<6,(5),(ROUND(AVERAGE(H47,J47,L47),0))) -> 8 | R47: =IF(N47>20,"EXTRA","ORD") -> ORD
A48: 37 | C48: SERRANO | D48: MAGALLON | E48: DIEGO | G48: 0 | H48: 10 | M48: =G48+I48+K48 -> 0 | N48: =(M48*100)/$P$8 -> 0 | O48: =H48+J48+L48 -> 10 | P48: =IF(AVERAGE(H48,J48,L48)<6,(5),(ROUND(AVERAGE(H48,J48,L48),0))) -> 10 | R48: =IF(N48>20,"EXTRA","ORD") -> ORD
A49: 38 | C49: SOSA | D49: ALCANTARA | E49: IAN MICHELLE | G49: 0 | H49: 7 | M49: =G49+I49+K49 -> 0 | N49: =(M49*100)/$P$8 -> 0 | O49: =H49+J49+L49 -> 7 | P49: =IF(AVERAGE(H49,J49,L49)<6,(5),(ROUND(AVERAGE(H49,J49,L49),0))) -> 7 | R49: =IF(N49>20,"EXTRA","ORD") -> ORD
A50: 39 | C50: SOTO | D50: CORTES | E50: ANGEL SEBASTIAN | G50: 0 | H50: 10 | M50: =G50+I50+K50 -> 0 | N50: =(M50*100)/$P$8 -> 0 | O50: =H50+J50+L50 -> 10 | P50: =IF(AVERAGE(H50,J50,L50)<6,(5),(ROUND(AVERAGE(H50,J50,L50),0))) -> 10 | R50: =IF(N50>20,"EXTRA","ORD") -> ORD
A51: 40 | C51: TLAPALAMATL | D51: GONZALEZ | E51: ANGEL ISRAEL | G51: 0 | H51: 7 | M51: =G51+I51+K51 -> 0 | N51: =(M51*100)/$P$8 -> 0 | O51: =H51+J51+L51 -> 7 | P51: =IF(AVERAGE(H51,J51,L51)<6,(5),(ROUND(AVERAGE(H51,J51,L51),0))) -> 7 | R51: =IF(N51>20,"EXTRA","ORD") -> ORD
B52: 41 | C52: TORRES | D52: LOPEZ | E52: ESMERALDA DANNAE | G52: 0 | H52: 7 | M52: =G52+I52+K52 -> 0 | N52: =(M52*100)/$P$8 -> 0 | O52: =H52+J52+L52 -> 7 | P52: =IF(AVERAGE(H52,J52,L52)<6,(5),(ROUND(AVERAGE(H52,J52,L52),0))) -> 7 | R52: =IF(N52>20,"EXTRA","ORD") -> ORD
A53: 42 | C53: VARGAS | D53: RODRIGUEZ | E53: PABLO | G53: 0 | H53: 8 | M53: =G53+I53+K53 -> 0 | N53: =(M53*100)/$P$8 -> 0 | O53: =H53+J53+L53 -> 8 | P53: =IF(AVERAGE(H53,J53,L53)<6,(5),(ROUND(AVERAGE(H53,J53,L53),0))) -> 8 | R53: =IF(N53>20,"EXTRA","ORD") -> ORD
B54: 43 | C54: VARGAS | D54: ROMERO | E54: MEDELIN YANDERI | G54: 0 | H54: 10 | M54: =G54+I54+K54 -> 0 | N54: =(M54*100)/$P$8 -> 0 | O54: =H54+J54+L54 -> 10 | P54: =IF(AVERAGE(H54,J54,L54)<6,(5),(ROUND(AVERAGE(H54,J54,L54),0))) -> 10 | R54: =IF(N54>20,"EXTRA","ORD") -> ORD
B55: 44 | C55: VEGA | D55: BARRON | E55: VALENTINA | G55: 0 | H55: 10 | M55: =G55+I55+K55 -> 0 | N55: =(M55*100)/$P$8 -> 0 | O55: =H55+J55+L55 -> 10 | P55: =IF(AVERAGE(H55,J55,L55)<6,(5),(ROUND(AVERAGE(H55,J55,L55),0))) -> 10 | R55: =IF(N55>20,"EXTRA","ORD") -> ORD
B56: 45 | C56: VELAZQUEZ | D56: MEJIA | E56: AYLIN DANIELA | G56: 0 | H56: 7 | M56: =G56+I56+K56 -> 0 | N56: =(M56*100)/$P$8 -> 0 | O56: =H56+J56+L56 -> 7 | P56: =IF(AVERAGE(H56,J56,L56)<6,(5),(ROUND(AVERAGE(H56,J56,L56),0))) -> 7 | R56: =IF(N56>20,"EXTRA","ORD") -> ORD
E57: Totales | G57: =SUM(G12:G56) -> 27 | H57: =AVERAGE(H12:H56) -> 7.7111111 | I57: =SUM(I12:I56) -> 0 | J57: =AVERAGE(J12:J56) -> #DIV/0! | K57: =SUM(K12:K56) -> 0 | L57: =AVERAGE(L12:L56) -> #DIV/0! | M57: =SUM(M12:M56) -> 27 | N57: PROMEDIO FINAL | P57: =AVERAGE(P6:P56) -> 7.5625
A58: H | B58: M | E58: APROBADOS | H58: =COUNTIF(H12:H56,">5") -> 40 | J58: =COUNTIF(J12:J56,">5") -> 0 | L58: =COUNTIF(L12:L56,">5") -> 0 | N58: APROBADOS FINAL | P58: =COUNTIF(P12:P56,">5") -> 40
A59: =COUNT(A12:A56) -> 23 | B59: =COUNT(B12:B56) -> 22 | E59: REPROBADOS | H59: =COUNTIF(H12:H56,5) -> 5 | J59: =COUNTIF(J12:J56,5) -> 0 | L59: =COUNTIF(L12:L56,5) -> 0 | N59: EXTRAORDINARIOS | P59: =COUNTIF(P12:P56,5) -> 5
E60: % APROVECHAMIENTO | H60: =H58*100/H9 -> 88.888889 | J60: =J58*100/H9 -> 0 | L60: =L58*100/H9 -> 0 | N60: APROVECH FINAL | P60: =P58*100/H9 -> 88.888889
N61: % FALTAS | P61: =AVERAGE(N12:N56) -> 7.5
N62: % ASISTENCIA | P62: =100-P61 -> 92.5

Sheet INDICADORES
B1: PARCIAL I | C1: NO. ALUMNOS | D1: ='3-1 ciencias de la comunicacion'!H9 -> 45 | N1: Parcial | O1: Materia | P1: Asistencia | Q1: Promedio | R1: Reprobación | S1: Número de reprobados | T1: Aprovechamiento | U1: Grado | V1: Grupo
B2: UAC | C2: PROMEDIO | D2: APROBADOS | E2: REPROBADOS | F2: APROVECHAMIENTO | G2: % REPROBACIÓN | H2: % ASISTENCIA | N2: 1 | O2: =B3 -> CIENCIAS DE LA COMUNICACIÓN I | P2: =H3 -> 99 | Q2: =C3 -> 7.7111111 | R2: =G3 -> 11.111111 | S2: =E3 -> 5 | T2: =F3 -> 88.888889 | U2: =3 -> 3 | V2: 46025
B3: CIENCIAS DE LA COMUNICACIÓN I | C3: ='3-1 ciencias de la comunicacion'!H57 -> 7.7111111 | D3: ='3-1 ciencias de la comunicacion'!H58 -> 40 | E3: ='3-1 ciencias de la comunicacion'!H59 -> 5 | F3: ='3-1 ciencias de la comunicacion'!H60 -> 88.888889 | G3: =(E3*100)/$D$1 -> 11.111111 | H3: ='3-1 ciencias de la comunicacion'!P62 -> 99 | N3: 1 | O3: =B4 -> TEMAS SELECTOS DE INGLÉS II | P3: =H4 -> 99 | Q3: =C4 -> 7.7111111 | R3: =G4 -> 11.111111 | S3: =E4 -> 5 | T3: =F4 -> 88.888889 | U3: 3 | V3: 46025
B4: TEMAS SELECTOS DE INGLÉS II | C4: ='3-1 temas selectos de ingles ii'!H57 -> 7.7111111 | D4: ='3-1 temas selectos de ingles ii'!H58 -> 40 | E4: ='3-1 temas selectos de ingles ii'!H59 -> 5 | F4: ='3-1 temas selectos de ingles ii'!H60 -> 88.888889 | G4: =(E4*100)/$D$1 -> 11.111111 | H4: ='3-1 temas selectos de ingles ii'!P62 -> 99 | N4: 1 | O4: =B5 -> TEMAS SELECTOS DE MATEMÁTICAS II | P4: =H5 -> 99 | Q4: =C5 -> 7.7111111 | R4: =G5 -> 11.111111 | S4: =E5 -> 5 | T4: =F5 -> 88.888889 | U4: 3 | V4: 46025
B5: TEMAS SELECTOS DE MATEMÁTICAS II | C5: ='3-1 temas selectos de matematic'!H57 -> 7.7111111 | D5: ='3-1 temas selectos de matematic'!H58 -> 40 | E5: ='3-1 temas selectos de matematic'!H59 -> 5 | F5: ='3-1 temas selectos de matematic'!H60 -> 88.888889 | G5: =(E5*100)/$D$1 -> 11.111111 | H5: ='3-1 temas selectos de matematic'!P62 -> 99 | N5: 1 | O5: =B6 -> CONCIENCIA HISTORICA III | P5: =H6 -> 96.666667 | Q5: =C6 -> 7.7111111 | R5: =G6 -> 11.111111 | S5: =E6 -> 5 | T5: =F6 -> 88.888889 | U5: 3 | V5: 46025
B6: CONCIENCIA HISTORICA III | C6: ='3-1 conciencia historica iii'!H57 -> 7.7111111 | D6: ='3-1 conciencia historica iii'!H58 -> 40 | E6: ='3-1 conciencia historica iii'!H59 -> 5 | F6: ='3-1 conciencia historica iii'!H60 -> 88.888889 | G6: =(E6*100)/$D$1 -> 11.111111 | H6: ='3-1 conciencia historica iii'!P62 -> 96.666667 | N6: 1 | O6: =B7 -> ORGANISMOS | P6: =H7 -> 95 | Q6: =C7 -> 7.7111111 | R6: =G7 -> 11.111111 | S6: =E7 -> 5 | T6: =F7 -> 88.888889 | U6: 3 | V6: 46025
B7: ORGANISMOS | C7: ='3-1 organismos'!H57 -> 7.7111111 | D7: ='3-1 organismos'!H58 -> 40 | E7: ='3-1 organismos'!H59 -> 5 | F7: ='3-1 organismos'!H60 -> 88.888889 | G7: =(E7*100)/$D$1 -> 11.111111 | H7: ='3-1 organismos'!P62 -> 95 | N7: 1 | O7: =B8 -> TEMAS SELECTOS DE FILOSOFÍA | P7: =H8 -> 96 | Q7: =C8 -> 7.7111111 | R7: =G8 -> 11.111111 | S7: =E8 -> 5 | T7: =F8 -> 88.888889 | U7: 3 | V7: 46025
B8: TEMAS SELECTOS DE FILOSOFÍA | C8: ='3-1 temas selectos de filosofia'!H57 -> 7.7111111 | D8: ='3-1 temas selectos de filosofia'!H58 -> 40 | E8: ='3-1 temas selectos de filosofia'!H59 -> 5 | F8: ='3-1 temas selectos de filosofia'!H60 -> 88.888889 | G8: =(E8*100)/$D$1 -> 11.111111 | H8: ='3-1 temas selectos de filosofia'!P62 -> 96 | N8: 1 | O8: =B9 -> DISEÑO DIGITAL | P8: =H9 -> 94 | Q8: =C9 -> 7.7111111 | R8: =G9 -> 11.111111 | S8: =E9 -> 5 | T8: =F9 -> 88.888889 | U8: 3 | V8: 46025
B9: DISEÑO DIGITAL | C9: ='3-1 diseño digital'!H57 -> 7.7111111 | D9: ='3-1 diseño digital'!H58 -> 40 | E9: ='3-1 diseño digital'!H59 -> 5 | F9: ='3-1 diseño digital'!H60 -> 88.888889 | G9: =(E9*100)/$D$1 -> 11.111111 | H9: ='3-1 diseño digital'!P62 -> 94 | N9: 1 | O9: =B10 -> ECONOMÍA I | P9: =H10 -> 95 | Q9: =C10 -> 7.7111111 | R9: =G10 -> 11.111111 | S9: =E10 -> 5 | T9: =F10 -> 88.888889 | U9: 3 | V9: 46025
B10: ECONOMÍA I | C10: ='3-1 economia i'!H57 -> 7.7111111 | D10: ='3-1 economia i'!H58 -> 40 | E10: ='3-1 economia i'!H59 -> 5 | F10: ='3-1 economia i'!H60 -> 88.888889 | G10: =(E10*100)/$D$1 -> 11.111111 | H10: ='3-1 economia i'!P62 -> 95 | N10: 1 | O10: =B11 -> PÁGINAS WEB | P10: =H11 -> 94.545455 | Q10: =C11 -> 7.7111111 | R10: =G11 -> 11.111111 | S10: =E11 -> 5 | T10: =F11 -> 88.888889 | U10: 3 | V10: 46025
B11: PÁGINAS WEB | C11: ='3-1 paginas web'!H57 -> 7.7111111 | D11: ='3-1 paginas web'!H58 -> 40 | E11: ='3-1 paginas web'!H59 -> 5 | F11: ='3-1 paginas web'!H60 -> 88.888889 | G11: =(E11*100)/$D$1 -> 11.111111 | H11: ='3-1 paginas web'!P62 -> 94.545455 | N11: 1 | O11: =B12 -> ACTIVIDADES ARTÍSTICAS Y CULTURALES III | P11: =H12 -> 92.5 | Q11: =C12 -> 7.7111111 | R11: =G12 -> 11.111111 | S11: =E12 -> 5 | T11: =F12 -> 88.888889 | U11: 3 | V11: 46025
B12: ACTIVIDADES ARTÍSTICAS Y CULTURALES III | C12: ='3-1 actividades artisticas y cu'!H57 -> 7.7111111 | D12: ='3-1 actividades artisticas y cu'!H58 -> 40 | E12: ='3-1 actividades artisticas y cu'!H59 -> 5 | F12: ='3-1 actividades artisticas y cu'!H60 -> 88.888889 | G12: =(E12*100)/$D$1 -> 11.111111 | H12: ='3-1 actividades artisticas y cu'!P62 -> 92.5 | N12: 1 | O12: =B13 -> PRÁCTICA Y COLABORACIÓN CIUDADANA II | P12: =H13 -> 92.5 | Q12: =C13 -> 7.7111111 | R12: =G13 -> 11.111111 | S12: =E13 -> 5 | T12: =F13 -> 88.888889 | U12: 3 | V12: 46025
B13: PRÁCTICA Y COLABORACIÓN CIUDADANA II | C13: ='3-1 practica y colaboracion ciu'!H57 -> 7.7111111 | D13: ='3-1 practica y colaboracion ciu'!H58 -> 40 | E13: ='3-1 practica y colaboracion ciu'!H59 -> 5 | F13: ='3-1 practica y colaboracion ciu'!H60 -> 88.888889 | G13: =(E13*100)/$D$1 -> 11.111111 | H13: ='3-1 practica y colaboracion ciu'!P62 -> 92.5 | N13: 1 | O13: =B14 -> TEMAS SELECTOS DE IGUALDAD Y DERECHOS HUMANOS VI | P13: =H14 -> 92.5 | Q13: =C14 -> 7.7111111 | R13: =G14 -> 11.111111 | S13: =E14 -> 5 | T13: =F14 -> 88.888889 | U13: 3 | V13: 46025
B14: TEMAS SELECTOS DE IGUALDAD Y DERECHOS HUMANOS VI | C14: ='3-1 temas selectos de igualdad '!H57 -> 7.7111111 | D14: ='3-1 temas selectos de igualdad '!H58 -> 40 | E14: ='3-1 temas selectos de igualdad '!H59 -> 5 | F14: ='3-1 temas selectos de igualdad '!H60 -> 88.888889 | G14: =(E14*100)/$D$1 -> 11.111111 | H14: ='3-1 temas selectos de igualdad '!P62 -> 92.5 | N14: 2 | O14: =B19 -> CIENCIAS DE LA COMUNICACIÓN I | P14: =H19 -> 99 | Q14: =C19 -> #DIV/0! | R14: =G19 -> 0 | S14: =E19 -> 0 | T14: =F19 -> 0 | U14: 3 | V14: 46025
C15: =AVERAGE(C3:C13) -> 7.7111111 | D15: =AVERAGE(D3:D13) -> 40 | E15: =AVERAGE(E3:E13) -> 5 | F15: =AVERAGE(F3:F13) -> 88.888889 | G15: =AVERAGE(G3:G13) -> 11.111111 | H15: =AVERAGE(H2:H13) -> 95.746556 | N15: 2 | O15: =B20 -> TEMAS SELECTOS DE INGLÉS II | P15: =H20 -> 99 | Q15: =C20 -> #DIV/0! | R15: =G20 -> 0 | S15: =E20 -> 0 | T15: =F20 -> 0 | U15: 3 | V15: 46025
N16: 2 | O16: =B21 -> TEMAS SELECTOS DE MATEMÁTICAS II | P16: =H21 -> 99 | Q16: =C21 -> #DIV/0! | R16: =G21 -> 0 | S16: =E21 -> 0 | T16: =F21 -> 0 | U16: 3 | V16: 46025
B17: PARCIAL II | C17: NO. ALUMNOS | D17: ='3-1 ciencias de la comunicacion'!H9 -> 45 | N17: 2 | O17: =B22 -> CONCIENCIA HISTORICA III | P17: =H22 -> 96.666667 | Q17: =C22 -> #DIV/0! | R17: =G22 -> 0 | S17: =E22 -> 0 | T17: =F22 -> 0 | U17: 3 | V17: 46025
B18: UAC | C18: PROMEDIO | D18: APROBADOS | E18: REPROBADOS | F18: APROVECHAMIENTO | G18: % REPROBACIÓN | H18: % ASISTENCIA | N18: 2 | O18: =B23 -> ORGANISMOS | P18: =H23 -> 95 | Q18: =C23 -> #DIV/0! | R18: =G23 -> 0 | S18: =E23 -> 0 | T18: =F23 -> 0 | U18: 3 | V18: 46025
B19: CIENCIAS DE LA COMUNICACIÓN I | C19: ='3-1 ciencias de la comunicacion'!J57 -> #DIV/0! | D19: ='3-1 ciencias de la comunicacion'!J58 -> 0 | E19: ='3-1 ciencias de la comunicacion'!J59 -> 0 | F19: ='3-1 ciencias de la comunicacion'!J60 -> 0 | G19: =(E19*100)/$D$1 -> 0 | H19: ='3-1 ciencias de la comunicacion'!P62 -> 99 | N19: 2 | O19: =B24 -> TEMAS SELECTOS DE FILOSOFÍA | P19: =H24 -> 96 | Q19: =C24 -> #DIV/0! | R19: =G24 -> 0 | S19: =E24 -> 0 | T19: =F24 -> 0 | U19: 3 | V19: 46025
B20: TEMAS SELECTOS DE INGLÉS II | C20: ='3-1 temas selectos de ingles ii'!J57 -> #DIV/0! | D20: ='3-1 temas selectos de ingles ii'!J58 -> 0 | E20: ='3-1 temas selectos de ingles ii'!J59 -> 0 | F20: ='3-1 temas selectos de ingles ii'!J60 -> 0 | G20: =(E20*100)/$D$1 -> 0 | H20: ='3-1 temas selectos de ingles ii'!P62 -> 99 | N20: 2 | O20: =B25 -> DISEÑO DIGITAL | P20: =H25 -> 94 | Q20: =C25 -> #DIV/0! | R20: =G25 -> 0 | S20: =E25 -> 0 | T20: =F25 -> 0 | U20: 3 | V20: 46025
B21: TEMAS SELECTOS DE MATEMÁTICAS II | C21: ='3-1 temas selectos de matematic'!J57 -> #DIV/0! | D21: ='3-1 temas selectos de matematic'!J58 -> 0 | E21: ='3-1 temas selectos de matematic'!J59 -> 0 | F21: ='3-1 temas selectos de matematic'!J60 -> 0 | G21: =(E21*100)/$D$1 -> 0 | H21: ='3-1 temas selectos de matematic'!P62 -> 99 | N21: 2 | O21: =B26 -> ECONOMÍA I | P21: =H26 -> 95 | Q21: =C26 -> #DIV/0! | R21: =G26 -> 0 | S21: =E26 -> 0 | T21: =F26 -> 0 | U21: 3 | V21: 46025
B22: CONCIENCIA HISTORICA III | C22: ='3-1 conciencia historica iii'!J57 -> #DIV/0! | D22: ='3-1 conciencia historica iii'!J58 -> 0 | E22: ='3-1 conciencia historica iii'!J59 -> 0 | F22: ='3-1 conciencia historica iii'!J60 -> 0 | G22: =(E22*100)/$D$1 -> 0 | H22: ='3-1 conciencia historica iii'!P62 -> 96.666667 | N22: 2 | O22: =B27 -> PÁGINAS WEB | P22: =H27 -> 94.545455 | Q22: =C27 -> #DIV/0! | R22: =G27 -> 0 | S22: =E27 -> 0 | T22: =F27 -> 0 | U22: 3 | V22: 46025
B23: ORGANISMOS | C23: ='3-1 organismos'!J57 -> #DIV/0! | D23: ='3-1 organismos'!J58 -> 0 | E23: ='3-1 organismos'!J59 -> 0 | F23: ='3-1 organismos'!J60 -> 0 | G23: =(E23*100)/$D$1 -> 0 | H23: ='3-1 organismos'!P62 -> 95 | N23: 2 | O23: =B28 -> ACTIVIDADES ARTÍSTICAS Y CULTURALES III | P23: =H28 -> 92.5 | Q23: =C28 -> #DIV/0! | R23: =G28 -> 0 | S23: =E28 -> 0 | T23: =F28 -> 0 | U23: 3 | V23: 46025
B24: TEMAS SELECTOS DE FILOSOFÍA | C24: ='3-1 temas selectos de filosofia'!J57 -> #DIV/0! | D24: ='3-1 temas selectos de filosofia'!J58 -> 0 | E24: ='3-1 temas selectos de filosofia'!J59 -> 0 | F24: ='3-1 temas selectos de filosofia'!J60 -> 0 | G24: =(E24*100)/$D$1 -> 0 | H24: ='3-1 temas selectos de filosofia'!P62 -> 96 | N24: 2 | O24: =B29 -> PRÁCTICA Y COLABORACIÓN CIUDADANA II | P24: =H29 -> 92.5 | Q24: =C29 -> #DIV/0! | R24: =G29 -> 0 | S24: =E29 -> 0 | T24: =F29 -> 0 | U24: 3 | V24: 46025
B25: DISEÑO DIGITAL | C25: ='3-1 diseño digital'!J57 -> #DIV/0! | D25: ='3-1 diseño digital'!J58 -> 0 | E25: ='3-1 diseño digital'!J59 -> 0 | F25: ='3-1 diseño digital'!J60 -> 0 | G25: =(E25*100)/$D$1 -> 0 | H25: ='3-1 diseño digital'!P62 -> 94 | N25: 2 | O25: =B30 -> TEMAS SELECTOS DE IGUALDAD Y DERECHOS HUMANOS VI | P25: =H30 -> 92.5 | Q25: =C30 -> #DIV/0! | R25: =G30 -> 0 | S25: =E30 -> 0 | T25: =F30 -> 0 | U25: 3 | V25: 46025
B26: ECONOMÍA I | C26: ='3-1 economia i'!J57 -> #DIV/0! | D26: ='3-1 economia i'!J58 -> 0 | E26: ='3-1 economia i'!J59 -> 0 | F26: ='3-1 economia i'!J60 -> 0 | G26: =(E26*100)/$D$1 -> 0 | H26: ='3-1 economia i'!P62 -> 95 | N26: 3 | O26: =B36 -> CIENCIAS DE LA COMUNICACIÓN I | P26: =H36 -> 99 | Q26: =C36 -> #DIV/0! | R26: =G36 -> 0 | S26: =E36 -> 0 | T26: =F36 -> 0 | U26: 3 | V26: 46025
B27: PÁGINAS WEB | C27: ='3-1 paginas web'!J57 -> #DIV/0! | D27: ='3-1 paginas web'!J58 -> 0 | E27: ='3-1 paginas web'!J59 -> 0 | F27: ='3-1 paginas web'!J60 -> 0 | G27: =(E27*100)/$D$1 -> 0 | H27: ='3-1 paginas web'!P62 -> 94.545455 | N27: 3 | O27: =B37 -> TEMAS SELECTOS DE INGLÉS II | P27: =H37 -> 99 | Q27: =C37 -> #DIV/0! | R27: =G37 -> 0 | S27: =E37 -> 0 | T27: =F37 -> 0 | U27: 3 | V27: 46025
B28: ACTIVIDADES ARTÍSTICAS Y CULTURALES III | C28: ='3-1 actividades artisticas y cu'!J57 -> #DIV/0! | D28: ='3-1 actividades artisticas y cu'!J58 -> 0 | E28: ='3-1 actividades artisticas y cu'!J59 -> 0 | F28: ='3-1 actividades artisticas y cu'!J60 -> 0 | G28: =(E28*100)/$D$1 -> 0 | H28: ='3-1 actividades artisticas y cu'!P62 -> 92.5 | N28: 3 | O28: =B38 -> TEMAS SELECTOS DE MATEMÁTICAS II | P28: =H38 -> 99 | Q28: =C38 -> #DIV/0! | R28: =G38 -> 0 | S28: =E38 -> 0 | T28: =F38 -> 0 | U28: 3 | V28: 46025
B29: PRÁCTICA Y COLABORACIÓN CIUDADANA II | C29: ='3-1 practica y colaboracion ciu'!J57 -> #DIV/0! | D29: ='3-1 practica y colaboracion ciu'!J58 -> 0 | E29: ='3-1 practica y colaboracion ciu'!J59 -> 0 | F29: ='3-1 practica y colaboracion ciu'!J60 -> 0 | G29: =(E29*100)/$D$1 -> 0 | H29: ='3-1 practica y colaboracion ciu'!P62 -> 92.5 | N29: 3 | O29: =B39 -> CONCIENCIA HISTORICA III | P29: =H39 -> 96.666667 | Q29: =C39 -> #DIV/0! | R29: =G39 -> 0 | S29: =E39 -> 0 | T29: =F39 -> 0 | U29: 3 | V29: 46025
B30: TEMAS SELECTOS DE IGUALDAD Y DERECHOS HUMANOS VI | C30: ='3-1 temas selectos de igualdad '!J57 -> #DIV/0! | D30: ='3-1 temas selectos de igualdad '!J58 -> 0 | E30: ='3-1 temas selectos de igualdad '!J59 -> 0 | F30: ='3-1 temas selectos de igualdad '!J60 -> 0 | G30: =(E30*100)/$D$1 -> 0 | H30: ='3-1 temas selectos de igualdad '!P62 -> 92.5 | N30: 3 | O30: =B40 -> ORGANISMOS | P30: =H40 -> 95 | Q30: =C40 -> #DIV/0! | R30: =G40 -> 0 | S30: =E40 -> 0 | T30: =F40 -> 0 | U30: 3 | V30: 46025
C31: =AVERAGE(C19:C29) -> #DIV/0! | D31: =AVERAGE(D19:D29) -> 0 | E31: =AVERAGE(E19:E29) -> 0 | F31: =AVERAGE(F19:F29) -> 0 | G31: =AVERAGE(G19:G29) -> 0 | H31: =AVERAGE(H18:H29) -> 95.746556 | N31: 3 | O31: =B41 -> TEMAS SELECTOS DE FILOSOFÍA | P31: =H41 -> 96 | Q31: =C41 -> #DIV/0! | R31: =G41 -> 0 | S31: =E41 -> 0 | T31: =F41 -> 0 | U31: 3 | V31: 46025
C32: =AVERAGE(C20:C31) -> #DIV/0! | D32: =AVERAGE(D20:D31) -> 0 | E32: =AVERAGE(E20:E31) -> 0 | N32: 3 | O32: =B42 -> DISEÑO DIGITAL | P32: =H42 -> 94 | Q32: =C42 -> #DIV/0! | R32: =G42 -> 0 | S32: =E42 -> 0 | T32: =F42 -> 0 | U32: 3 | V32: 46025
N33: 3 | O33: =B43 -> ECONOMÍA I | P33: =H43 -> 95 | Q33: =C43 -> #DIV/0! | R33: =G43 -> 0 | S33: =E43 -> 0 | T33: =F43 -> 0 | U33: 3 | V33: 46025
B34: PARCIAL II | C34: NO. ALUMNOS | D34: ='3-1 ciencias de la comunicacion'!H9 -> 45 | N34: 3 | O34: =B44 -> PÁGINAS WEB | P34: =H44 -> 94.545455 | Q34: =C44 -> #DIV/0! | R34: =G44 -> 0 | S34: =E44 -> 0 | T34: =F44 -> 0 | U34: 3 | V34: 46025
B35: UAC | C35: PROMEDIO | D35: APROBADOS | E35: REPROBADOS | F35: APROVECHAMIENTO | G35: % REPROBACIÓN | H35: % ASISTENCIA | N35: 3 | O35: =B45 -> ACTIVIDADES ARTÍSTICAS Y CULTURALES III | P35: =H45 -> 92.5 | Q35: =C45 -> #DIV/0! | R35: =G45 -> 0 | S35: =E45 -> 0 | T35: =F45 -> 0 | U35: 3 | V35: 46025
B36: CIENCIAS DE LA COMUNICACIÓN I | C36: ='3-1 ciencias de la comunicacion'!L57 -> #DIV/0! | D36: ='3-1 ciencias de la comunicacion'!L58 -> 0 | E36: ='3-1 ciencias de la comunicacion'!L59 -> 0 | F36: ='3-1 ciencias de la comunicacion'!L60 -> 0 | G36: =(E36*100)/$D$1 -> 0 | H36: ='3-1 ciencias de la comunicacion'!P62 -> 99 | N36: 3 | O36: =B46 -> PRÁCTICA Y COLABORACIÓN CIUDADANA II | P36: =H46 -> 92.5 | Q36: =C46 -> #DIV/0! | R36: =G46 -> 0 | S36: =E46 -> 0 | T36: =F46 -> 0 | U36: 3 | V36: 46025
B37: TEMAS SELECTOS DE INGLÉS II | C37: ='3-1 temas selectos de ingles ii'!L57 -> #DIV/0! | D37: ='3-1 temas selectos de ingles ii'!L58 -> 0 | E37: ='3-1 temas selectos de ingles ii'!L59 -> 0 | F37: ='3-1 temas selectos de ingles ii'!L60 -> 0 | G37: =(E37*100)/$D$1 -> 0 | H37: ='3-1 temas selectos de ingles ii'!P62 -> 99 | N37: 3 | O37: =B47 -> TEMAS SELECTOS DE IGUALDAD Y DERECHOS HUMANOS VI | P37: =H47 -> 92.5 | Q37: =C47 -> #DIV/0! | R37: =G47 -> 0 | S37: =E47 -> 0 | T37: =F47 -> 0 | U37: 3 | V37: 46025
B38: TEMAS SELECTOS DE MATEMÁTICAS II | C38: ='3-1 temas selectos de matematic'!L57 -> #DIV/0! | D38: ='3-1 temas selectos de matematic'!L58 -> 0 | E38: ='3-1 temas selectos de matematic'!L59 -> 0 | F38: ='3-1 temas selectos de matematic'!L60 -> 0 | G38: =(E38*100)/$D$1 -> 0 | H38: ='3-1 temas selectos de matematic'!P62 -> 99
B39: CONCIENCIA HISTORICA III | C39: ='3-1 conciencia historica iii'!L57 -> #DIV/0! | D39: ='3-1 conciencia historica iii'!L58 -> 0 | E39: ='3-1 conciencia historica iii'!L59 -> 0 | F39: ='3-1 conciencia historica iii'!L60 -> 0 | G39: =(E39*100)/$D$1 -> 0 | H39: ='3-1 conciencia historica iii'!P62 -> 96.666667
B40: ORGANISMOS | C40: ='3-1 organismos'!L57 -> #DIV/0! | D40: ='3-1 organismos'!L58 -> 0 | E40: ='3-1 organismos'!L59 -> 0 | F40: ='3-1 organismos'!L60 -> 0 | G40: =(E40*100)/$D$1 -> 0 | H40: ='3-1 organismos'!P62 -> 95
B41: TEMAS SELECTOS DE FILOSOFÍA | C41: ='3-1 temas selectos de filosofia'!L57 -> #DIV/0! | D41: ='3-1 temas selectos de filosofia'!L58 -> 0 | E41: ='3-1 temas selectos de filosofia'!L59 -> 0 | F41: ='3-1 temas selectos de filosofia'!L60 -> 0 | G41: =(E41*100)/$D$1 -> 0 | H41: ='3-1 temas selectos de filosofia'!P62 -> 96
B42: DISEÑO DIGITAL | C42: ='3-1 diseño digital'!L57 -> #DIV/0! | D42: ='3-1 diseño digital'!L58 -> 0 | E42: ='3-1 diseño digital'!L59 -> 0 | F42: ='3-1 diseño digital'!L60 -> 0 | G42: =(E42*100)/$D$1 -> 0 | H42: ='3-1 diseño digital'!P62 -> 94
B43: ECONOMÍA I | C43: ='3-1 economia i'!L57 -> #DIV/0! | D43: ='3-1 economia i'!L58 -> 0 | E43: ='3-1 economia i'!L59 -> 0 | F43: ='3-1 economia i'!L60 -> 0 | G43: =(E43*100)/$D$1 -> 0 | H43: ='3-1 economia i'!P62 -> 95
B44: PÁGINAS WEB | C44: ='3-1 paginas web'!L57 -> #DIV/0! | D44: ='3-1 paginas web'!L58 -> 0 | E44: ='3-1 paginas web'!L59 -> 0 | F44: ='3-1 paginas web'!L60 -> 0 | G44: =(E44*100)/$D$1 -> 0 | H44: ='3-1 paginas web'!P62 -> 94.545455
B45: ACTIVIDADES ARTÍSTICAS Y CULTURALES III | C45: ='3-1 actividades artisticas y cu'!L57 -> #DIV/0! | D45: ='3-1 actividades artisticas y cu'!L58 -> 0 | E45: ='3-1 actividades artisticas y cu'!L59 -> 0 | F45: ='3-1 actividades artisticas y cu'!L60 -> 0 | G45: =(E45*100)/$D$1 -> 0 | H45: ='3-1 actividades artisticas y cu'!P62 -> 92.5
B46: PRÁCTICA Y COLABORACIÓN CIUDADANA II | C46: ='3-1 practica y colaboracion ciu'!L57 -> #DIV/0! | D46: ='3-1 practica y colaboracion ciu'!L58 -> 0 | E46: ='3-1 practica y colaboracion ciu'!L59 -> 0 | F46: ='3-1 practica y colaboracion ciu'!L60 -> 0 | G46: =(E46*100)/$D$1 -> 0 | H46: ='3-1 practica y colaboracion ciu'!P62 -> 92.5
B47: TEMAS SELECTOS DE IGUALDAD Y DERECHOS HUMANOS VI | C47: ='3-1 temas selectos de igualdad '!L57 -> #DIV/0! | D47: ='3-1 temas selectos de igualdad '!L58 -> 0 | E47: ='3-1 temas selectos de igualdad '!L59 -> 0 | F47: ='3-1 temas selectos de igualdad '!L60 -> 0 | G47: =(E47*100)/$D$1 -> 0 | H47: ='3-1 temas selectos de igualdad '!P62 -> 92.5
C48: =AVERAGE(C36:C46) -> #DIV/0! | D48: =AVERAGE(D36:D46) -> 0 | E48: =AVERAGE(E36:E46) -> 0 | F48: =AVERAGE(F36:F46) -> 0 | G48: =AVERAGE(G36:G46) -> 0 | H48: =AVERAGE(H35:H46) -> 95.746556
B50: INDICADORES FINALES | C50: NO. ALUMNOS | D50: ='3-1 ciencias de la comunicacion'!H9 -> 45
B51: UAC | C51: PROMEDIO | D51: APROBADOS | E51: REPROBADOS | F51: APROVECHAMIENTO | G51: % REPROBACIÓN | H51: % ASISTENCIA
B52: PENSAMIENTO LITERARIO | C52: ='3-1 ciencias de la comunicacion'!P57 -> 8.8333333 | D52: ='3-1 ciencias de la comunicacion'!P58 -> 40 | E52: ='3-1 ciencias de la comunicacion'!P59 -> 5 | F52: ='3-1 ciencias de la comunicacion'!P60 -> 88.888889 | G52: =(E52*100)/$D$1 -> 11.111111 | H52: ='3-1 ciencias de la comunicacion'!P62 -> 99
B53: INGLÉS IV | C53: ='3-1 temas selectos de ingles ii'!P57 -> 8.8333333 | D53: ='3-1 temas selectos de ingles ii'!P58 -> 40 | E53: ='3-1 temas selectos de ingles ii'!P59 -> 5 | F53: ='3-1 temas selectos de ingles ii'!P60 -> 88.888889 | G53: =(E53*100)/$D$1 -> 11.111111 | H53: ='3-1 temas selectos de ingles ii'!P62 -> 99
B54: TEMAS SELECTOS DE MATEMÁTICAS I | C54: ='3-1 temas selectos de matematic'!P57 -> 8.8333333 | D54: ='3-1 temas selectos de matematic'!P58 -> 40 | E54: ='3-1 temas selectos de matematic'!P59 -> 5 | F54: ='3-1 temas selectos de matematic'!P60 -> 88.888889 | G54: =(E54*100)/$D$1 -> 11.111111 | H54: ='3-1 temas selectos de matematic'!P62 -> 99
B55: CONCIENCIA HISTORICA I | C55: ='3-1 conciencia historica iii'!P57 -> 7.8297872 | D55: ='3-1 conciencia historica iii'!P58 -> 40 | E55: ='3-1 conciencia historica iii'!P59 -> 5 | F55: ='3-1 conciencia historica iii'!P60 -> 88.888889 | G55: =(E55*100)/$D$1 -> 11.111111 | H55: ='3-1 conciencia historica iii'!P62 -> 96.666667
B56: TALLER DE CULTURA DIGITAL | C56: ='3-1 organismos'!P57 -> 7.7021277 | D56: ='3-1 organismos'!P58 -> 40 | E56: ='3-1 organismos'!P59 -> 5 | F56: ='3-1 organismos'!P60 -> 88.888889 | G56: =(E56*100)/$D$1 -> 11.111111 | H56: ='3-1 organismos'!P62 -> 95
B57: REACCIONES QUÍMICAS | C57: ='3-1 temas selectos de filosofia'!P57 -> 7.7659574 | D57: ='3-1 temas selectos de filosofia'!P58 -> 40 | E57: ='3-1 temas selectos de filosofia'!P59 -> 5 | F57: ='3-1 temas selectos de filosofia'!P60 -> 88.888889 | G57: =(E57*100)/$D$1 -> 11.111111 | H57: ='3-1 temas selectos de filosofia'!P62 -> 96
B58: ESPACIO Y SOCIEDAD | C58: ='3-1 diseño digital'!P57 -> 7.6595745 | D58: ='3-1 diseño digital'!P58 -> 40 | E58: ='3-1 diseño digital'!P59 -> 5 | F58: ='3-1 diseño digital'!P60 -> 88.888889 | G58: =(E58*100)/$D$1 -> 11.111111 | H58: ='3-1 diseño digital'!P62 -> 94
B59: CIENCIAS SOCIALES III | C59: ='3-1 economia i'!P57 -> 7.7021277 | D59: ='3-1 economia i'!P58 -> 40 | E59: ='3-1 economia i'!P59 -> 5 | F59: ='3-1 economia i'!P60 -> 88.888889 | G59: =(E59*100)/$D$1 -> 11.111111 | H59: ='3-1 economia i'!P62 -> 95
B60: COMUNIDADES VIRTUALES | C60: ='3-1 paginas web'!P57 -> 7.6808511 | D60: ='3-1 paginas web'!P58 -> 40 | E60: ='3-1 paginas web'!P59 -> 5 | F60: ='3-1 paginas web'!P60 -> 88.888889 | G60: =(E60*100)/$D$1 -> 11.111111 | H60: ='3-1 paginas web'!P62 -> 94.545455
B61: MANTENIMIENTO DE REDES DE CÓMPUTO | C61: ='3-1 actividades artisticas y cu'!P57 -> 7.5625 | D61: ='3-1 actividades artisticas y cu'!P58 -> 40 | E61: ='3-1 actividades artisticas y cu'!P59 -> 5 | F61: ='3-1 actividades artisticas y cu'!P60 -> 88.888889 | G61: =(E61*100)/$D$1 -> 11.111111 | H61: ='3-1 actividades artisticas y cu'!P62 -> 92.5
B62: ACTIVIDADES ARTÍSTICAS Y CULTURALES I | C62: ='3-1 practica y colaboracion ciu'!P57 -> 7.5625 | D62: ='3-1 practica y colaboracion ciu'!P58 -> 40 | E62: ='3-1 practica y colaboracion ciu'!P59 -> 5 | F62: ='3-1 practica y colaboracion ciu'!P60 -> 88.888889 | G62: =(E62*100)/$D$1 -> 11.111111 | H62: ='3-1 practica y colaboracion ciu'!P62 -> 92.5
B63: EDUCACIÓN INTEGRAL EN SEXUALIDAD Y GÉNERO II | C63: ='3-1 temas selectos de igualdad '!P57 -> 7.5625 | D63: ='3-1 temas selectos de igualdad '!P58 -> 40 | E63: ='3-1 temas selectos de igualdad '!P59 -> 5 | F63: ='3-1 temas selectos de igualdad '!P60 -> 88.888889 | G63: =(E63*100)/$D$1 -> 11.111111 | H63: ='3-1 temas selectos de igualdad '!P62 -> 92.5
C64: =AVERAGE(C52:C62) -> 7.9968569 | D64: =AVERAGE(D52:D62) -> 40 | E64: =AVERAGE(E52:E62) -> 5 | F64: =AVERAGE(F52:F62) -> 88.888889 | G64: =AVERAGE(G52:G62) -> 11.111111 | H64: =AVERAGE(H51:H62) -> 95.746556
